ISO-10303-21;
HEADER;
/* Generated by software containing ST-Developer
 * from STEP Tools, Inc. (www.steptools.com) 
 */

FILE_DESCRIPTION(
/* description */ ('STEP AP214'),
/* implementation_level */ '2;1');

FILE_NAME(
/* name */ 'rotaryknob.step',
/* time_stamp */ '2026-08-25T22:33:06+05:30',
/* author */ (''),
/* organization */ (''),
/* preprocessor_version */ 'ST-DEVELOPER v20.1',
/* originating_system */ 'Autodesk Translation Framework v15.8.0.0',
/* authorisation */ '');

FILE_SCHEMA (('AUTOMOTIVE_DESIGN { 1 0 10303 214 3 1 1 }'));
ENDSEC;

DATA;
#10=MECHANICAL_DESIGN_GEOMETRIC_PRESENTATION_REPRESENTATION('',(#13),#6374);
#11=SHAPE_REPRESENTATION_RELATIONSHIP('SRR','None',#6381,#12);
#12=ADVANCED_BREP_SHAPE_REPRESENTATION('',(#14),#6373);
#13=STYLED_ITEM('',(#6391),#14);
#14=MANIFOLD_SOLID_BREP('Body1',#2294);
#15=FACE_BOUND('',#266,.T.);
#16=FACE_BOUND('',#268,.T.);
#17=FACE_BOUND('',#272,.T.);
#18=FACE_BOUND('',#275,.T.);
#19=FACE_BOUND('',#276,.T.);
#20=FACE_BOUND('',#277,.T.);
#21=PLANE('',#2369);
#22=PLANE('',#2370);
#23=PLANE('',#2371);
#24=PLANE('',#2372);
#25=PLANE('',#2375);
#26=PLANE('',#2376);
#27=PLANE('',#2377);
#28=PLANE('',#2378);
#29=PLANE('',#2381);
#30=PLANE('',#2382);
#31=PLANE('',#2385);
#32=PLANE('',#2392);
#33=PLANE('',#2393);
#34=PLANE('',#2394);
#35=PLANE('',#2395);
#36=PLANE('',#2396);
#37=PLANE('',#2397);
#38=PLANE('',#2398);
#39=PLANE('',#2399);
#40=PLANE('',#2400);
#41=PLANE('',#2401);
#42=PLANE('',#2402);
#43=PLANE('',#2403);
#44=PLANE('',#2404);
#45=PLANE('',#2405);
#46=PLANE('',#2478);
#47=PLANE('',#2479);
#48=TOROIDAL_SURFACE('',#2359,6.5,1.);
#49=B_SPLINE_SURFACE_WITH_KNOTS('',3,1,((#3768,#3769),(#3770,#3771),(#3772,
#3773),(#3774,#3775),(#3776,#3777),(#3778,#3779),(#3780,#3781),(#3782,#3783),
(#3784,#3785),(#3786,#3787),(#3788,#3789),(#3790,#3791),(#3792,#3793),(#3794,
#3795),(#3796,#3797),(#3798,#3799),(#3800,#3801),(#3802,#3803),(#3804,#3805),
(#3806,#3807),(#3808,#3809),(#3810,#3811),(#3812,#3813),(#3814,#3815),(#3816,
#3817),(#3818,#3819),(#3820,#3821),(#3822,#3823),(#3824,#3825)),
 .UNSPECIFIED.,.F.,.F.,.F.,(4,1,1,1,1,1,1,1,1,1,1,1,1,1,1,1,1,1,1,1,1,1,
1,1,1,1,4),(2,2),(-4.70371974703454E-9,0.0140986387073446,0.029997314181791,
0.0475227484309361,0.0813646005159452,0.0955989640588701,0.10324250504047,
0.120144918181177,0.134649016144693,0.149953340348836,0.162268090507574,
0.183784724658265,0.21262649667918,0.225341630169589,0.234856856248262,
0.250850824581799,0.260666894666362,0.272908438797788,0.292518786343925,
0.312495019627483,0.332453397056493,0.347210598566308,0.361835152786592,
0.38491972636127,0.440673192124331,0.492908998009182,0.500000000000077),
(0.,0.0599999999999987),.UNSPECIFIED.);
#50=B_SPLINE_SURFACE_WITH_KNOTS('',3,1,((#3890,#3891),(#3892,#3893),(#3894,
#3895),(#3896,#3897),(#3898,#3899),(#3900,#3901),(#3902,#3903),(#3904,#3905),
(#3906,#3907),(#3908,#3909),(#3910,#3911),(#3912,#3913),(#3914,#3915),(#3916,
#3917),(#3918,#3919),(#3920,#3921),(#3922,#3923)),.UNSPECIFIED.,.F.,.F.,
 .F.,(4,1,1,1,1,1,1,1,1,1,1,1,1,1,4),(2,2),(0.499999987779743,0.53125,0.5625,
0.625,0.6875,0.75,0.8125,0.84375,0.875,0.90625,0.9375,0.953125,0.96875,
0.984375,1.),(0.,0.0600000000000009),.UNSPECIFIED.);
#51=B_SPLINE_SURFACE_WITH_KNOTS('',3,1,((#4179,#4180),(#4181,#4182),(#4183,
#4184),(#4185,#4186),(#4187,#4188),(#4189,#4190),(#4191,#4192),(#4193,#4194),
(#4195,#4196),(#4197,#4198),(#4199,#4200),(#4201,#4202),(#4203,#4204),(#4205,
#4206),(#4207,#4208),(#4209,#4210),(#4211,#4212),(#4213,#4214),(#4215,#4216),
(#4217,#4218),(#4219,#4220),(#4221,#4222),(#4223,#4224),(#4225,#4226),(#4227,
#4228),(#4229,#4230),(#4231,#4232),(#4233,#4234),(#4235,#4236),(#4237,#4238),
(#4239,#4240),(#4241,#4242),(#4243,#4244),(#4245,#4246),(#4247,#4248),(#4249,
#4250),(#4251,#4252),(#4253,#4254),(#4255,#4256),(#4257,#4258),(#4259,#4260),
(#4261,#4262),(#4263,#4264),(#4265,#4266),(#4267,#4268),(#4269,#4270),(#4271,
#4272),(#4273,#4274),(#4275,#4276),(#4277,#4278)),.UNSPECIFIED.,.F.,.F.,
 .F.,(4,1,1,1,1,1,1,1,1,1,1,1,1,1,1,1,1,1,1,1,1,1,1,1,1,1,1,1,1,1,1,1,1,
1,1,1,1,1,1,1,1,1,1,1,1,1,1,4),(2,2),(-1.67429226038962E-9,0.0078125,0.015625,
0.0234375,0.03125,0.046875,0.0625,0.0703125,0.078125,0.0859375,0.09375,
0.1015625,0.109375,0.1171875,0.125,0.1328125,0.140625,0.1484375,0.15625,
0.171875,0.1875,0.203125,0.2109375,0.21875,0.2265625,0.234375,0.23828125,
0.2421875,0.25,0.2578125,0.265625,0.2734375,0.28125,0.296875,0.3125,0.328125,
0.3359375,0.34375,0.359375,0.3671875,0.375,0.390625,0.40625,0.421875,0.4375,
0.46875,0.5,0.503000000010053),(0.,0.0600000000000009),.UNSPECIFIED.);
#52=B_SPLINE_SURFACE_WITH_KNOTS('',3,1,((#4339,#4340),(#4341,#4342),(#4343,
#4344),(#4345,#4346),(#4347,#4348),(#4349,#4350),(#4351,#4352),(#4353,#4354),
(#4355,#4356),(#4357,#4358)),.UNSPECIFIED.,.F.,.F.,.F.,(4,1,1,1,1,1,1,4),
(2,2),(0.499999999999954,0.564338220684957,0.647700513940533,0.722716978834698,
0.808600330145833,0.885886378515132,0.954155647256054,1.),(0.,0.0599999999999998),
 .UNSPECIFIED.);
#53=(
BOUNDED_SURFACE()
B_SPLINE_SURFACE(3,3,((#3593,#3594,#3595,#3596),(#3597,#3598,#3599,#3600),
(#3601,#3602,#3603,#3604),(#3605,#3606,#3607,#3608),(#3609,#3610,#3611,
#3612)),.UNSPECIFIED.,.F.,.F.,.F.)
B_SPLINE_SURFACE_WITH_KNOTS((4,1,4),(4,4),(0.,0.457481769446964,1.),(0.,
1.),.UNSPECIFIED.)
GEOMETRIC_REPRESENTATION_ITEM()
RATIONAL_B_SPLINE_SURFACE(((1.,0.333333333333333,0.333333333333333,1.),
(1.,0.333333333333333,0.333333333333333,1.),(1.,0.333333333333333,0.333333333333333,
1.),(1.,0.333333333333333,0.333333333333333,1.),(1.,0.333333333333333,0.333333333333333,
1.)))
REPRESENTATION_ITEM('')
SURFACE()
);
#54=(
BOUNDED_SURFACE()
B_SPLINE_SURFACE(3,3,((#4159,#4160,#4161,#4162),(#4163,#4164,#4165,#4166),
(#4167,#4168,#4169,#4170),(#4171,#4172,#4173,#4174),(#4175,#4176,#4177,
#4178)),.UNSPECIFIED.,.F.,.F.,.F.)
B_SPLINE_SURFACE_WITH_KNOTS((4,1,4),(4,4),(0.,0.457481769446964,1.),(0.,
1.),.UNSPECIFIED.)
GEOMETRIC_REPRESENTATION_ITEM()
RATIONAL_B_SPLINE_SURFACE(((1.,0.333333333333333,0.333333333333333,1.),
(1.,0.333333333333333,0.333333333333333,1.),(1.,0.333333333333333,0.333333333333333,
1.),(1.,0.333333333333333,0.333333333333333,1.),(1.,0.333333333333333,0.333333333333333,
1.)))
REPRESENTATION_ITEM('')
SURFACE()
);
#55=(
BOUNDED_SURFACE()
B_SPLINE_SURFACE(3,2,((#4436,#4437,#4438),(#4439,#4440,#4441),(#4442,#4443,
#4444),(#4445,#4446,#4447),(#4448,#4449,#4450),(#4451,#4452,#4453)),
 .UNSPECIFIED.,.F.,.F.,.F.)
B_SPLINE_SURFACE_WITH_KNOTS((4,2,4),(3,3),(0.000699340373109127,0.00119147402180697,
0.00168360767050481),(-3.49989035628191E-9,1.),.UNSPECIFIED.)
GEOMETRIC_REPRESENTATION_ITEM()
RATIONAL_B_SPLINE_SURFACE(((1.00000000136418,0.805111396437017,1.),(1.00000000136412,
0.805119890106527,1.),(1.00000000136576,0.804885809306492,1.),(1.00000000136835,
0.80451588678752,1.),(1.00000000136918,0.804396983861613,1.),(1.00000000136933,
0.804375307979341,1.)))
REPRESENTATION_ITEM('')
SURFACE()
);
#56=(
BOUNDED_SURFACE()
B_SPLINE_SURFACE(3,2,((#4469,#4470,#4471),(#4472,#4473,#4474),(#4475,#4476,
#4477),(#4478,#4479,#4480),(#4481,#4482,#4483),(#4484,#4485,#4486)),
 .UNSPECIFIED.,.F.,.F.,.F.)
B_SPLINE_SURFACE_WITH_KNOTS((4,2,4),(3,3),(0.000684325298222513,0.000960908038769667,
0.00123749077931689),(-6.2424778184973E-9,1.00027530208674),
 .UNSPECIFIED.)
GEOMETRIC_REPRESENTATION_ITEM()
RATIONAL_B_SPLINE_SURFACE(((1.0000000023532,0.811465636711533,1.00010380780662),
(1.00000000254706,0.795933471510765,1.00011235988155),(1.00000000264827,
0.787824677690265,1.00011682461725),(1.00000000264768,0.787872159490223,
1.00011679847357),(1.00000000254586,0.796029783909016,1.00011230685155),
(1.00000000235399,0.811402151456526,1.00010384276187)))
REPRESENTATION_ITEM('')
SURFACE()
);
#57=(
BOUNDED_SURFACE()
B_SPLINE_SURFACE(3,2,((#4488,#4489,#4490),(#4491,#4492,#4493),(#4494,#4495,
#4496),(#4497,#4498,#4499),(#4500,#4501,#4502),(#4503,#4504,#4505)),
 .UNSPECIFIED.,.F.,.F.,.F.)
B_SPLINE_SURFACE_WITH_KNOTS((4,2,4),(3,3),(0.000504650081613881,0.00128147382396021,
0.00205829756630654),(0.,1.),.UNSPECIFIED.)
GEOMETRIC_REPRESENTATION_ITEM()
RATIONAL_B_SPLINE_SURFACE(((1.,0.836046146011492,1.),(1.,0.815399006272279,
1.),(1.,0.804349485255755,1.),(1.,0.804360767608402,1.),(1.,0.815387294072368,
1.),(1.,0.836047630172485,1.)))
REPRESENTATION_ITEM('')
SURFACE()
);
#58=(
BOUNDED_SURFACE()
B_SPLINE_SURFACE(3,2,((#4518,#4519,#4520),(#4521,#4522,#4523),(#4524,#4525,
#4526),(#4527,#4528,#4529),(#4530,#4531,#4532),(#4533,#4534,#4535)),
 .UNSPECIFIED.,.F.,.F.,.F.)
B_SPLINE_SURFACE_WITH_KNOTS((4,2,4),(3,3),(0.0021395000550062,0.00263160849450231,
0.00312371693399843),(-8.68800884987232E-9,1.),.UNSPECIFIED.)
GEOMETRIC_REPRESENTATION_ITEM()
RATIONAL_B_SPLINE_SURFACE(((1.00000000339918,0.80437530696442,1.),(1.0000000033988,
0.804397316239755,1.),(1.00000000339676,0.804514731219006,1.),(1.00000000339028,
0.804887099369181,1.),(1.00000000338626,0.805118924942765,1.),(1.00000000338639,
0.805111395425911,1.)))
REPRESENTATION_ITEM('')
SURFACE()
);
#59=(
BOUNDED_SURFACE()
B_SPLINE_SURFACE(3,2,((#5024,#5025,#5026),(#5027,#5028,#5029),(#5030,#5031,
#5032),(#5033,#5034,#5035),(#5036,#5037,#5038),(#5039,#5040,#5041)),
 .UNSPECIFIED.,.F.,.F.,.F.)
B_SPLINE_SURFACE_WITH_KNOTS((4,2,4),(3,3),(0.000671457179680446,0.00119147402180697,
0.00171149086393344),(-3.49978750526998E-9,1.00002788319343),
 .UNSPECIFIED.)
GEOMETRIC_REPRESENTATION_ITEM()
RATIONAL_B_SPLINE_SURFACE(((1.00000000136416,0.805102129397252,1.00001086875001),
(1.00000000136389,0.805141139640044,1.00001086657455),(1.00000000136564,
0.804890848684001,1.00001088053237),(1.00000000136838,0.804499956281956,
1.00001090233103),(1.00000000136923,0.804378267960799,1.00001090911715),
(1.00000000136931,0.804367110935703,1.00001090973934)))
REPRESENTATION_ITEM('')
SURFACE()
);
#60=(
BOUNDED_SURFACE()
B_SPLINE_SURFACE(3,2,((#5057,#5058,#5059),(#5060,#5061,#5062),(#5063,#5064,
#5065),(#5066,#5067,#5068),(#5069,#5070,#5071),(#5072,#5073,#5074)),
 .UNSPECIFIED.,.F.,.F.,.F.)
B_SPLINE_SURFACE_WITH_KNOTS((4,2,4),(3,3),(0.00068432529822458,0.000960908038759347,
0.00123749077929418),(-6.24231981528602E-9,1.00027530208716),
 .UNSPECIFIED.)
GEOMETRIC_REPRESENTATION_ITEM()
RATIONAL_B_SPLINE_SURFACE(((1.00000000235314,0.811465636711184,1.00010380780678),
(1.000000002547,0.795933471511072,1.00011235988172),(1.0000000026482,0.787824677690891,
1.00011682461742),(1.00000000264761,0.787872159489482,1.00011679847375),
(1.00000000254579,0.796029783907161,1.00011230685172),(1.00000000235393,
0.811402151452615,1.00010384276203)))
REPRESENTATION_ITEM('')
SURFACE()
);
#61=(
BOUNDED_SURFACE()
B_SPLINE_SURFACE(3,2,((#5076,#5077,#5078),(#5079,#5080,#5081),(#5082,#5083,
#5084),(#5085,#5086,#5087),(#5088,#5089,#5090),(#5091,#5092,#5093)),
 .UNSPECIFIED.,.F.,.F.,.F.)
B_SPLINE_SURFACE_WITH_KNOTS((4,2,4),(3,3),(0.000504650081613814,0.00128147382396015,
0.00205829756630648),(0.,1.),.UNSPECIFIED.)
GEOMETRIC_REPRESENTATION_ITEM()
RATIONAL_B_SPLINE_SURFACE(((1.,0.83604614601149,1.),(1.,0.815399006272275,
1.),(1.,0.804349485255753,1.),(1.,0.804360767608401,1.),(1.,0.815387294072371,
1.),(1.,0.836047630172484,1.)))
REPRESENTATION_ITEM('')
SURFACE()
);
#62=(
BOUNDED_SURFACE()
B_SPLINE_SURFACE(3,2,((#5106,#5107,#5108),(#5109,#5110,#5111),(#5112,#5113,
#5114),(#5115,#5116,#5117),(#5118,#5119,#5120),(#5121,#5122,#5123)),
 .UNSPECIFIED.,.F.,.F.,.F.)
B_SPLINE_SURFACE_WITH_KNOTS((4,2,4),(3,3),(0.00213950005498256,0.00263160849449049,
0.00312371693399843),(-8.68789711963828E-9,1.),.UNSPECIFIED.)
GEOMETRIC_REPRESENTATION_ITEM()
RATIONAL_B_SPLINE_SURFACE(((1.00000000339913,0.804375306964436,1.),(1.00000000339875,
0.804397316239705,1.),(1.00000000339671,0.804514731219099,1.),(1.00000000339024,
0.8048870993691,1.),(1.00000000338621,0.805118924942853,1.),(1.00000000338634,
0.805111395425932,1.)))
REPRESENTATION_ITEM('')
SURFACE()
);
#63=(
BOUNDED_SURFACE()
B_SPLINE_SURFACE(3,2,((#5126,#5127,#5128),(#5129,#5130,#5131),(#5132,#5133,
#5134),(#5135,#5136,#5137),(#5138,#5139,#5140),(#5141,#5142,#5143)),
 .UNSPECIFIED.,.F.,.F.,.F.)
B_SPLINE_SURFACE_WITH_KNOTS((4,2,4),(3,3),(0.000699340373109127,0.00119147402180697,
0.00168360767050481),(-3.49993691529872E-9,1.),.UNSPECIFIED.)
GEOMETRIC_REPRESENTATION_ITEM()
RATIONAL_B_SPLINE_SURFACE(((1.0000000013642,0.805111396437006,1.),(1.00000000136414,
0.805119890106568,1.),(1.00000000136578,0.804885809306421,1.),(1.00000000136836,
0.804515886787576,1.),(1.0000000013692,0.804396983861551,1.),(1.00000000136935,
0.804375307979336,1.)))
REPRESENTATION_ITEM('')
SURFACE()
);
#64=(
BOUNDED_SURFACE()
B_SPLINE_SURFACE(3,2,((#5159,#5160,#5161),(#5162,#5163,#5164),(#5165,#5166,
#5167),(#5168,#5169,#5170),(#5171,#5172,#5173),(#5174,#5175,#5176)),
 .UNSPECIFIED.,.F.,.F.,.F.)
B_SPLINE_SURFACE_WITH_KNOTS((4,2,4),(3,3),(0.00068432529822456,0.000960908038759324,
0.00123749077929415),(-6.24236806111465E-9,1.00027530208723),
 .UNSPECIFIED.)
GEOMETRIC_REPRESENTATION_ITEM()
RATIONAL_B_SPLINE_SURFACE(((1.00000000235315,0.811465636711232,1.00010380780681),
(1.00000000254702,0.795933471510926,1.00011235988175),(1.00000000264822,
0.787824677690962,1.00011682461745),(1.00000000264763,0.787872159489369,
1.00011679847377),(1.00000000254581,0.796029783907249,1.00011230685174),
(1.00000000235395,0.811402151452551,1.00010384276205)))
REPRESENTATION_ITEM('')
SURFACE()
);
#65=(
BOUNDED_SURFACE()
B_SPLINE_SURFACE(3,2,((#5178,#5179,#5180),(#5181,#5182,#5183),(#5184,#5185,
#5186),(#5187,#5188,#5189),(#5190,#5191,#5192),(#5193,#5194,#5195)),
 .UNSPECIFIED.,.F.,.F.,.F.)
B_SPLINE_SURFACE_WITH_KNOTS((4,2,4),(3,3),(0.000504650081613897,0.00128147382396023,
0.00205829756630656),(0.,1.),.UNSPECIFIED.)
GEOMETRIC_REPRESENTATION_ITEM()
RATIONAL_B_SPLINE_SURFACE(((1.,0.836046146011491,1.),(1.,0.815399006272226,
1.),(1.,0.804349485255828,1.),(1.,0.804360767608331,1.),(1.,0.815387294072424,
1.),(1.,0.836047630172485,1.)))
REPRESENTATION_ITEM('')
SURFACE()
);
#66=(
BOUNDED_SURFACE()
B_SPLINE_SURFACE(3,2,((#5208,#5209,#5210),(#5211,#5212,#5213),(#5214,#5215,
#5216),(#5217,#5218,#5219),(#5220,#5221,#5222),(#5223,#5224,#5225)),
 .UNSPECIFIED.,.F.,.F.,.F.)
B_SPLINE_SURFACE_WITH_KNOTS((4,2,4),(3,3),(0.00213950005498255,0.00263160849449049,
0.00312371693399843),(-8.68845386636365E-9,1.),.UNSPECIFIED.)
GEOMETRIC_REPRESENTATION_ITEM()
RATIONAL_B_SPLINE_SURFACE(((1.00000000339935,0.80437530696433,1.),(1.00000000339897,
0.804397316239676,1.),(1.00000000339693,0.804514731218881,1.),(1.00000000339046,
0.804887099369102,1.),(1.00000000338643,0.805118924942662,1.),(1.00000000338656,
0.805111395425827,1.)))
REPRESENTATION_ITEM('')
SURFACE()
);
#67=(
BOUNDED_SURFACE()
B_SPLINE_SURFACE(3,2,((#5228,#5229,#5230),(#5231,#5232,#5233),(#5234,#5235,
#5236),(#5237,#5238,#5239),(#5240,#5241,#5242),(#5243,#5244,#5245)),
 .UNSPECIFIED.,.F.,.F.,.F.)
B_SPLINE_SURFACE_WITH_KNOTS((4,2,4),(3,3),(0.000699340373109127,0.00119147402180697,
0.00168360767050481),(-3.49950170421858E-9,1.),.UNSPECIFIED.)
GEOMETRIC_REPRESENTATION_ITEM()
RATIONAL_B_SPLINE_SURFACE(((1.00000000136403,0.805111396437092,1.),(1.00000000136397,
0.805119890106529,1.),(1.0000000013656,0.804885809306668,1.),(1.00000000136819,
0.804515886787495,1.),(1.00000000136903,0.804396983861762,1.),(1.00000000136918,
0.804375307979421,1.)))
REPRESENTATION_ITEM('')
SURFACE()
);
#68=(
BOUNDED_SURFACE()
B_SPLINE_SURFACE(3,2,((#5261,#5262,#5263),(#5264,#5265,#5266),(#5267,#5268,
#5269),(#5270,#5271,#5272),(#5273,#5274,#5275),(#5276,#5277,#5278)),
 .UNSPECIFIED.,.F.,.F.,.F.)
B_SPLINE_SURFACE_WITH_KNOTS((4,2,4),(3,3),(0.000684325298224575,0.000960908038759344,
0.00123749077929418),(-6.24261768394745E-9,1.00027530208735),
 .UNSPECIFIED.)
GEOMETRIC_REPRESENTATION_ITEM()
RATIONAL_B_SPLINE_SURFACE(((1.00000000235325,0.811465636711143,1.00010380780685),
(1.00000000254712,0.795933471510879,1.0001123598818),(1.00000000264833,
0.787824677690861,1.0001168246175),(1.00000000264774,0.787872159489309,
1.00011679847383),(1.00000000254592,0.796029783907143,1.00011230685179),
(1.00000000235404,0.811402151452494,1.0001038427621)))
REPRESENTATION_ITEM('')
SURFACE()
);
#69=(
BOUNDED_SURFACE()
B_SPLINE_SURFACE(3,2,((#5280,#5281,#5282),(#5283,#5284,#5285),(#5286,#5287,
#5288),(#5289,#5290,#5291),(#5292,#5293,#5294),(#5295,#5296,#5297)),
 .UNSPECIFIED.,.F.,.F.,.F.)
B_SPLINE_SURFACE_WITH_KNOTS((4,2,4),(3,3),(0.000504650081613801,0.00128147382396013,
0.00205829756630646),(0.,1.),.UNSPECIFIED.)
GEOMETRIC_REPRESENTATION_ITEM()
RATIONAL_B_SPLINE_SURFACE(((1.,0.83604614601149,1.),(1.,0.815399006272256,
1.),(1.,0.804349485255784,1.),(1.,0.804360767608373,1.),(1.,0.815387294072392,
1.),(1.,0.836047630172485,1.)))
REPRESENTATION_ITEM('')
SURFACE()
);
#70=(
BOUNDED_SURFACE()
B_SPLINE_SURFACE(3,2,((#5310,#5311,#5312),(#5313,#5314,#5315),(#5316,#5317,
#5318),(#5319,#5320,#5321),(#5322,#5323,#5324),(#5325,#5326,#5327)),
 .UNSPECIFIED.,.F.,.F.,.F.)
B_SPLINE_SURFACE_WITH_KNOTS((4,2,4),(3,3),(0.00213950005498256,0.00263160849449049,
0.00312371693399843),(-8.68787353622511E-9,1.),.UNSPECIFIED.)
GEOMETRIC_REPRESENTATION_ITEM()
RATIONAL_B_SPLINE_SURFACE(((1.00000000339912,0.804375306964439,1.),(1.00000000339874,
0.804397316239866,1.),(1.0000000033967,0.804514731218903,1.),(1.00000000339023,
0.804887099369307,1.),(1.0000000033862,0.805118924942708,1.),(1.00000000338634,
0.805111395425938,1.)))
REPRESENTATION_ITEM('')
SURFACE()
);
#71=(
BOUNDED_SURFACE()
B_SPLINE_SURFACE(3,2,((#5330,#5331,#5332),(#5333,#5334,#5335),(#5336,#5337,
#5338),(#5339,#5340,#5341),(#5342,#5343,#5344),(#5345,#5346,#5347)),
 .UNSPECIFIED.,.F.,.F.,.F.)
B_SPLINE_SURFACE_WITH_KNOTS((4,2,4),(3,3),(0.0021645492683072,0.00271550668204968,
0.00326646409579233),(-5.89706046611743E-5,1.00000000242172),
 .UNSPECIFIED.)
GEOMETRIC_REPRESENTATION_ITEM()
RATIONAL_B_SPLINE_SURFACE(((1.00002307399191,0.80436022238059,1.00000000094751),
(1.00002307426459,0.804357910373513,1.00000000094752),(1.0000230596261,
0.804482027202771,1.00000000094692),(1.00002301073041,0.804896603980617,
1.00000000094492),(1.00002297904219,0.805165282076663,1.00000000094361),
(1.00002298840882,0.805085864305387,1.000000000944)))
REPRESENTATION_ITEM('')
SURFACE()
);
#72=(
BOUNDED_SURFACE()
B_SPLINE_SURFACE(3,2,((#5349,#5350,#5351),(#5352,#5353,#5354),(#5355,#5356,
#5357),(#5358,#5359,#5360),(#5361,#5362,#5363),(#5364,#5365,#5366)),
 .UNSPECIFIED.,.F.,.F.,.F.)
B_SPLINE_SURFACE_WITH_KNOTS((4,2,4),(3,3),(0.00068432529822494,0.000960908038759199,
0.00123749077929352),(-6.24250018555698E-9,1.00027530208734),
 .UNSPECIFIED.)
GEOMETRIC_REPRESENTATION_ITEM()
RATIONAL_B_SPLINE_SURFACE(((1.0000000023532,0.811465636711095,1.00010380780685),
(1.00000000254707,0.795933471510895,1.0001123598818),(1.00000000264828,
0.787824677690887,1.0001168246175),(1.00000000264769,0.787872159489335,
1.00011679847382),(1.00000000254587,0.796029783907117,1.00011230685179),
(1.000000002354,0.811402151452411,1.0001038427621)))
REPRESENTATION_ITEM('')
SURFACE()
);
#73=(
BOUNDED_SURFACE()
B_SPLINE_SURFACE(3,2,((#5368,#5369,#5370),(#5371,#5372,#5373),(#5374,#5375,
#5376),(#5377,#5378,#5379),(#5380,#5381,#5382),(#5383,#5384,#5385)),
 .UNSPECIFIED.,.F.,.F.,.F.)
B_SPLINE_SURFACE_WITH_KNOTS((4,2,4),(3,3),(0.000504650081613901,0.00128147382396023,
0.00206370931239432),(0.,1.00001462341854),.UNSPECIFIED.)
GEOMETRIC_REPRESENTATION_ITEM()
RATIONAL_B_SPLINE_SURFACE(((1.,0.836043748445663,1.00000479520178),(1.,
0.815396306774654,1.00000539907414),(1.,0.804346624176434,1.00000572224241),
(1.,0.804357945993836,1.00000572191128),(1.,0.815538764217842,1.00000539490771),
(0.999999999999999,0.836478432116163,1.00000478248865)))
REPRESENTATION_ITEM('')
SURFACE()
);
#74=(
BOUNDED_SURFACE()
B_SPLINE_SURFACE(3,2,((#5398,#5399,#5400),(#5401,#5402,#5403),(#5404,#5405,
#5406),(#5407,#5408,#5409),(#5410,#5411,#5412),(#5413,#5414,#5415)),
 .UNSPECIFIED.,.F.,.F.,.F.)
B_SPLINE_SURFACE_WITH_KNOTS((4,2,4),(3,3),(0.000782699710469877,0.00127511266300853,
0.00176752561554719),(0.,1.00000000248516),.UNSPECIFIED.)
GEOMETRIC_REPRESENTATION_ITEM()
RATIONAL_B_SPLINE_SURFACE(((1.,0.805111396634776,1.00000000096866),(1.,
0.805118832059635,1.00000000096862),(1.,0.804887476004709,1.00000000096977),
(1.,0.804514627095646,1.00000000097163),(1.,0.804397570039389,1.00000000097221),
(1.,0.804375308177843,1.00000000097232)))
REPRESENTATION_ITEM('')
SURFACE()
);
#75=(
BOUNDED_SURFACE()
B_SPLINE_SURFACE(3,2,((#5418,#5419,#5420),(#5421,#5422,#5423),(#5424,#5425,
#5426),(#5427,#5428,#5429),(#5430,#5431,#5432),(#5433,#5434,#5435)),
 .UNSPECIFIED.,.F.,.F.,.F.)
B_SPLINE_SURFACE_WITH_KNOTS((4,2,4),(3,3),(0.000671457181113071,0.00119147402180697,
0.00171149086250082),(-3.50048738604056E-9,1.000027883192),
 .UNSPECIFIED.)
GEOMETRIC_REPRESENTATION_ITEM()
RATIONAL_B_SPLINE_SURFACE(((1.00000000136444,0.805102129397688,1.00001086874945),
(1.00000000136416,0.805141139639025,1.00001086657399),(1.00000000136592,
0.804890848683378,1.00001088053181),(1.00000000136865,0.804499956282873,
1.00001090233047),(1.0000000013695,0.804378267961405,1.00001090911659),
(1.00000000136958,0.804367110935981,1.00001090973877)))
REPRESENTATION_ITEM('')
SURFACE()
);
#76=(
BOUNDED_SURFACE()
B_SPLINE_SURFACE(3,2,((#5437,#5438,#5439),(#5440,#5441,#5442),(#5443,#5444,
#5445),(#5446,#5447,#5448),(#5449,#5450,#5451),(#5452,#5453,#5454)),
 .UNSPECIFIED.,.F.,.F.,.F.)
B_SPLINE_SURFACE_WITH_KNOTS((4,2,4),(3,3),(0.000684325298224573,0.00096090803875933,
0.00123749077929416),(-6.24266520249422E-9,1.00027530208704),
 .UNSPECIFIED.)
GEOMETRIC_REPRESENTATION_ITEM()
RATIONAL_B_SPLINE_SURFACE(((1.00000000235327,0.811465636711192,1.00010380780674),
(1.00000000254714,0.795933471510929,1.00011235988168),(1.00000000264835,
0.787824677690928,1.00011682461737),(1.00000000264776,0.787872159489355,
1.0001167984737),(1.00000000254593,0.796029783907227,1.00011230685167),
(1.00000000235406,0.81140215145253,1.00010384276199)))
REPRESENTATION_ITEM('')
SURFACE()
);
#77=(
BOUNDED_SURFACE()
B_SPLINE_SURFACE(3,2,((#5456,#5457,#5458),(#5459,#5460,#5461),(#5462,#5463,
#5464),(#5465,#5466,#5467),(#5468,#5469,#5470),(#5471,#5472,#5473)),
 .UNSPECIFIED.,.F.,.F.,.F.)
B_SPLINE_SURFACE_WITH_KNOTS((4,2,4),(3,3),(0.00050465008161387,0.0012814738239602,
0.00205829756630653),(0.,1.),.UNSPECIFIED.)
GEOMETRIC_REPRESENTATION_ITEM()
RATIONAL_B_SPLINE_SURFACE(((1.,0.836046146011492,1.),(1.,0.815399006272445,
1.),(1.,0.804349485255542,1.),(1.,0.804360767608622,1.),(1.,0.815387294072213,
1.),(1.,0.836047630172491,1.)))
REPRESENTATION_ITEM('')
SURFACE()
);
#78=(
BOUNDED_SURFACE()
B_SPLINE_SURFACE(3,2,((#5486,#5487,#5488),(#5489,#5490,#5491),(#5492,#5493,
#5494),(#5495,#5496,#5497),(#5498,#5499,#5500),(#5501,#5502,#5503)),
 .UNSPECIFIED.,.F.,.F.,.F.)
B_SPLINE_SURFACE_WITH_KNOTS((4,2,4),(3,3),(0.00213950005498254,0.00263160849449048,
0.00312371693399842),(-8.68867451140787E-9,1.),.UNSPECIFIED.)
GEOMETRIC_REPRESENTATION_ITEM()
RATIONAL_B_SPLINE_SURFACE(((1.00000000339944,0.804375306964288,1.),(1.00000000339906,
0.804397316239956,1.),(1.00000000339702,0.804514731218413,1.),(1.00000000339054,
0.804887099369495,1.),(1.00000000338652,0.805118924942291,1.),(1.00000000338665,
0.805111395425785,1.)))
REPRESENTATION_ITEM('')
SURFACE()
);
#79=(
BOUNDED_SURFACE()
B_SPLINE_SURFACE(3,2,((#5506,#5507,#5508),(#5509,#5510,#5511),(#5512,#5513,
#5514),(#5515,#5516,#5517),(#5518,#5519,#5520),(#5521,#5522,#5523)),
 .UNSPECIFIED.,.F.,.F.,.F.)
B_SPLINE_SURFACE_WITH_KNOTS((4,2,4),(3,3),(0.000699340373109127,0.00119147402180697,
0.00168360767050482),(-3.49937750915383E-9,1.),.UNSPECIFIED.)
GEOMETRIC_REPRESENTATION_ITEM()
RATIONAL_B_SPLINE_SURFACE(((1.00000000136398,0.80511139643712,1.),(1.00000000136392,
0.805119890106742,1.),(1.00000000136556,0.80488580930644,1.),(1.00000000136815,
0.804515886787777,1.),(1.00000000136898,0.804396983861596,1.),(1.00000000136913,
0.804375307979445,1.)))
REPRESENTATION_ITEM('')
SURFACE()
);
#80=(
BOUNDED_SURFACE()
B_SPLINE_SURFACE(3,2,((#5525,#5526,#5527),(#5528,#5529,#5530),(#5531,#5532,
#5533),(#5534,#5535,#5536),(#5537,#5538,#5539),(#5540,#5541,#5542)),
 .UNSPECIFIED.,.F.,.F.,.F.)
B_SPLINE_SURFACE_WITH_KNOTS((4,2,4),(3,3),(0.00068432529822457,0.000960908038759327,
0.00123749077929415),(-6.24287043164862E-9,1.00027530208683),
 .UNSPECIFIED.)
GEOMETRIC_REPRESENTATION_ITEM()
RATIONAL_B_SPLINE_SURFACE(((1.00000000235334,0.811465636711228,1.00010380780666),
(1.00000000254722,0.795933471510868,1.00011235988159),(1.00000000264844,
0.787824677690968,1.00011682461728),(1.00000000264784,0.787872159489313,
1.00011679847361),(1.00000000254602,0.796029783907275,1.00011230685158),
(1.00000000235414,0.811402151452509,1.00010384276191)))
REPRESENTATION_ITEM('')
SURFACE()
);
#81=(
BOUNDED_SURFACE()
B_SPLINE_SURFACE(3,2,((#5544,#5545,#5546),(#5547,#5548,#5549),(#5550,#5551,
#5552),(#5553,#5554,#5555),(#5556,#5557,#5558),(#5559,#5560,#5561)),
 .UNSPECIFIED.,.F.,.F.,.F.)
B_SPLINE_SURFACE_WITH_KNOTS((4,2,4),(3,3),(0.000504650081613928,0.00128147382396026,
0.00205829756630659),(0.,1.),.UNSPECIFIED.)
GEOMETRIC_REPRESENTATION_ITEM()
RATIONAL_B_SPLINE_SURFACE(((1.,0.83604614601149,1.),(1.,0.815399006272532,
1.),(1.,0.804349485255423,1.),(1.,0.804360767608733,1.),(1.,0.815387294072126,
1.),(1.,0.836047630172485,1.)))
REPRESENTATION_ITEM('')
SURFACE()
);
#82=(
BOUNDED_SURFACE()
B_SPLINE_SURFACE(3,2,((#5574,#5575,#5576),(#5577,#5578,#5579),(#5580,#5581,
#5582),(#5583,#5584,#5585),(#5586,#5587,#5588),(#5589,#5590,#5591)),
 .UNSPECIFIED.,.F.,.F.,.F.)
B_SPLINE_SURFACE_WITH_KNOTS((4,2,4),(3,3),(0.00213950005498256,0.00263160849449049,
0.00312371693399843),(-8.68811474793833E-9,1.),.UNSPECIFIED.)
GEOMETRIC_REPRESENTATION_ITEM()
RATIONAL_B_SPLINE_SURFACE(((1.00000000339922,0.804375306964391,1.),(1.00000000339884,
0.804397316239637,1.),(1.0000000033968,0.804514731219086,1.),(1.00000000339033,
0.804887099369032,1.),(1.0000000033863,0.805118924942836,1.),(1.00000000338643,
0.805111395425885,1.)))
REPRESENTATION_ITEM('')
SURFACE()
);
#83=(
BOUNDED_SURFACE()
B_SPLINE_SURFACE(3,2,((#5594,#5595,#5596),(#5597,#5598,#5599),(#5600,#5601,
#5602),(#5603,#5604,#5605),(#5606,#5607,#5608),(#5609,#5610,#5611)),
 .UNSPECIFIED.,.F.,.F.,.F.)
B_SPLINE_SURFACE_WITH_KNOTS((4,2,4),(3,3),(0.00216454926835155,0.0027155066820497,
0.00326646409574801),(-5.89706046168369E-5,1.00000000242114),
 .UNSPECIFIED.)
GEOMETRIC_REPRESENTATION_ITEM()
RATIONAL_B_SPLINE_SURFACE(((1.00002307399189,0.804360222380742,1.00000000094729),
(1.00002307426457,0.804357910373556,1.0000000009473),(1.00002305962608,
0.804482027202996,1.0000000009467),(1.0000230107304,0.804896603980625,1.00000000094469),
(1.00002297904218,0.805165282076847,1.00000000094339),(1.0000229884088,
0.805085864305485,1.00000000094377)))
REPRESENTATION_ITEM('')
SURFACE()
);
#84=(
BOUNDED_SURFACE()
B_SPLINE_SURFACE(3,2,((#5627,#5628,#5629),(#5630,#5631,#5632),(#5633,#5634,
#5635),(#5636,#5637,#5638),(#5639,#5640,#5641),(#5642,#5643,#5644)),
 .UNSPECIFIED.,.F.,.F.,.F.)
B_SPLINE_SURFACE_WITH_KNOTS((4,2,4),(3,3),(0.000684325298222848,0.000960908038769836,
0.00123749077931689),(-6.24287805776332E-9,1.00027530208678),
 .UNSPECIFIED.)
GEOMETRIC_REPRESENTATION_ITEM()
RATIONAL_B_SPLINE_SURFACE(((1.00000000235335,0.811465636711373,1.00010380780664),
(1.00000000254722,0.79593347151067,1.00011235988157),(1.00000000264844,
0.787824677690138,1.00011682461726),(1.00000000264785,0.787872159490158,
1.00011679847358),(1.00000000254602,0.796029783908911,1.00011230685156),
(1.00000000235414,0.811402151456448,1.00010384276188)))
REPRESENTATION_ITEM('')
SURFACE()
);
#85=(
BOUNDED_SURFACE()
B_SPLINE_SURFACE(3,2,((#5646,#5647,#5648),(#5649,#5650,#5651),(#5652,#5653,
#5654),(#5655,#5656,#5657),(#5658,#5659,#5660),(#5661,#5662,#5663)),
 .UNSPECIFIED.,.F.,.F.,.F.)
B_SPLINE_SURFACE_WITH_KNOTS((4,2,4),(3,3),(0.000504650081613818,0.00128147382396015,
0.00205829756630649),(0.,1.),.UNSPECIFIED.)
GEOMETRIC_REPRESENTATION_ITEM()
RATIONAL_B_SPLINE_SURFACE(((1.,0.836046146011488,1.),(1.,0.81539900627244,
1.),(1.,0.804349485255535,1.),(1.,0.804360767608615,1.),(1.,0.815387294072206,
1.),(1.,0.836047630172482,1.)))
REPRESENTATION_ITEM('')
SURFACE()
);
#86=(
BOUNDED_SURFACE()
B_SPLINE_SURFACE(3,2,((#5676,#5677,#5678),(#5679,#5680,#5681),(#5682,#5683,
#5684),(#5685,#5686,#5687),(#5688,#5689,#5690),(#5691,#5692,#5693)),
 .UNSPECIFIED.,.F.,.F.,.F.)
B_SPLINE_SURFACE_WITH_KNOTS((4,2,4),(3,3),(0.000747900166704203,0.0012751126629964,
0.00180232515928894),(-3.47995437660328E-5,1.00000000248506),
 .UNSPECIFIED.)
GEOMETRIC_REPRESENTATION_ITEM()
RATIONAL_B_SPLINE_SURFACE(((1.00001356490667,0.805099359955522,1.00000000096864),
(1.00001356173181,0.805144976380389,1.00000000096842),(1.00001357920918,
0.804893861525257,1.00000000096967),(1.00001360699401,0.80449464894652,
1.00000000097165),(1.00001361535182,0.804374563865846,1.00000000097225),
(1.00001361600285,0.804365209904688,1.00000000097229)))
REPRESENTATION_ITEM('')
SURFACE()
);
#87=(
BOUNDED_SURFACE()
B_SPLINE_SURFACE(3,2,((#5696,#5697,#5698),(#5699,#5700,#5701),(#5702,#5703,
#5704),(#5705,#5706,#5707),(#5708,#5709,#5710),(#5711,#5712,#5713)),
 .UNSPECIFIED.,.F.,.F.,.F.)
B_SPLINE_SURFACE_WITH_KNOTS((4,2,4),(3,3),(0.00216454926823279,0.0027155066820497,
0.00326646409586676),(-5.89706047355896E-5,1.00000000242175),
 .UNSPECIFIED.)
GEOMETRIC_REPRESENTATION_ITEM()
RATIONAL_B_SPLINE_SURFACE(((1.00002307399194,0.804360222380405,1.00000000094752),
(1.00002307426462,0.804357910373981,1.00000000094754),(1.00002305962613,
0.804482027202235,1.00000000094693),(1.00002301073044,0.804896603981097,
1.00000000094493),(1.00002297904222,0.805165282076206,1.00000000094363),
(1.00002298840885,0.805085864305495,1.00000000094401)))
REPRESENTATION_ITEM('')
SURFACE()
);
#88=(
BOUNDED_SURFACE()
B_SPLINE_SURFACE(3,2,((#5729,#5730,#5731),(#5732,#5733,#5734),(#5735,#5736,
#5737),(#5738,#5739,#5740),(#5741,#5742,#5743),(#5744,#5745,#5746)),
 .UNSPECIFIED.,.F.,.F.,.F.)
B_SPLINE_SURFACE_WITH_KNOTS((4,2,4),(3,3),(0.000684325298224966,0.000960908038759217,
0.00123749077929354),(-6.24208675162328E-9,1.00027530208723),
 .UNSPECIFIED.)
GEOMETRIC_REPRESENTATION_ITEM()
RATIONAL_B_SPLINE_SURFACE(((1.00000000235305,0.811465636711241,1.00010380780681),
(1.0000000025469,0.795933471510902,1.00011235988175),(1.0000000026481,0.787824677691068,
1.00011682461745),(1.00000000264751,0.787872159489372,1.00011679847377),
(1.0000000025457,0.79602978390732,1.00011230685174),(1.00000000235384,0.811402151452461,
1.00010384276206)))
REPRESENTATION_ITEM('')
SURFACE()
);
#89=(
BOUNDED_SURFACE()
B_SPLINE_SURFACE(3,2,((#5748,#5749,#5750),(#5751,#5752,#5753),(#5754,#5755,
#5756),(#5757,#5758,#5759),(#5760,#5761,#5762),(#5763,#5764,#5765)),
 .UNSPECIFIED.,.F.,.F.,.F.)
B_SPLINE_SURFACE_WITH_KNOTS((4,2,4),(3,3),(0.000504650081613801,0.00128147382396013,
0.00205829756630647),(0.,1.),.UNSPECIFIED.)
GEOMETRIC_REPRESENTATION_ITEM()
RATIONAL_B_SPLINE_SURFACE(((1.,0.836046146011486,1.),(1.,0.815399006272644,
1.),(1.,0.804349485255262,1.),(1.,0.804360767608889,1.),(1.,0.815387294071996,
1.),(1.,0.836047630172483,1.)))
REPRESENTATION_ITEM('')
SURFACE()
);
#90=(
BOUNDED_SURFACE()
B_SPLINE_SURFACE(3,2,((#5778,#5779,#5780),(#5781,#5782,#5783),(#5784,#5785,
#5786),(#5787,#5788,#5789),(#5790,#5791,#5792),(#5793,#5794,#5795)),
 .UNSPECIFIED.,.F.,.F.,.F.)
B_SPLINE_SURFACE_WITH_KNOTS((4,2,4),(3,3),(0.00074790016663529,0.00127511266300855,
0.00180232515938017),(-3.47995438349459E-5,1.00000000248509),
 .UNSPECIFIED.)
GEOMETRIC_REPRESENTATION_ITEM()
RATIONAL_B_SPLINE_SURFACE(((1.0000135649067,0.805099359955453,1.00000000096866),
(1.00001356173184,0.80514497638059,1.00000000096843),(1.0000135792092,0.804893861525077,
1.00000000096968),(1.00001360699403,0.804494648946633,1.00000000097166),
(1.00001361535185,0.804374563865625,1.00000000097226),(1.00001361600287,
0.804365209904689,1.00000000097231)))
REPRESENTATION_ITEM('')
SURFACE()
);
#91=(
BOUNDED_SURFACE()
B_SPLINE_SURFACE(3,2,((#5798,#5799,#5800),(#5801,#5802,#5803),(#5804,#5805,
#5806),(#5807,#5808,#5809),(#5810,#5811,#5812),(#5813,#5814,#5815)),
 .UNSPECIFIED.,.F.,.F.,.F.)
B_SPLINE_SURFACE_WITH_KNOTS((4,2,4),(3,3),(0.000699340373109138,0.00119147402180698,
0.00168360767050483),(-3.49993730255118E-9,1.),.UNSPECIFIED.)
GEOMETRIC_REPRESENTATION_ITEM()
RATIONAL_B_SPLINE_SURFACE(((1.0000000013642,0.80511139643701,1.),(1.00000000136414,
0.805119890106495,1.),(1.00000000136577,0.804885809306522,1.),(1.00000000136836,
0.804515886787476,1.),(1.0000000013692,0.804396983861629,1.),(1.00000000136935,
0.804375307979332,1.)))
REPRESENTATION_ITEM('')
SURFACE()
);
#92=(
BOUNDED_SURFACE()
B_SPLINE_SURFACE(3,2,((#5831,#5832,#5833),(#5834,#5835,#5836),(#5837,#5838,
#5839),(#5840,#5841,#5842),(#5843,#5844,#5845),(#5846,#5847,#5848)),
 .UNSPECIFIED.,.F.,.F.,.F.)
B_SPLINE_SURFACE_WITH_KNOTS((4,2,4),(3,3),(0.000684325298224581,0.000960908038759347,
0.00123749077929418),(-6.24228594537193E-9,1.00027530208729),
 .UNSPECIFIED.)
GEOMETRIC_REPRESENTATION_ITEM()
RATIONAL_B_SPLINE_SURFACE(((1.00000000235312,0.811465636711182,1.00010380780683),
(1.00000000254698,0.79593347151103,1.00011235988178),(1.00000000264819,
0.787824677690886,1.00011682461748),(1.0000000026476,0.787872159489456,
1.0001167984738),(1.00000000254578,0.796029783907144,1.00011230685177),
(1.00000000235392,0.811402151452609,1.00010384276208)))
REPRESENTATION_ITEM('')
SURFACE()
);
#93=(
BOUNDED_SURFACE()
B_SPLINE_SURFACE(3,2,((#5850,#5851,#5852),(#5853,#5854,#5855),(#5856,#5857,
#5858),(#5859,#5860,#5861),(#5862,#5863,#5864),(#5865,#5866,#5867)),
 .UNSPECIFIED.,.F.,.F.,.F.)
B_SPLINE_SURFACE_WITH_KNOTS((4,2,4),(3,3),(0.000504650081613867,0.0012814738239602,
0.00205829756630653),(0.,1.),.UNSPECIFIED.)
GEOMETRIC_REPRESENTATION_ITEM()
RATIONAL_B_SPLINE_SURFACE(((1.,0.836046146011493,1.),(1.,0.815399006272314,
1.),(1.,0.804349485255708,1.),(1.,0.804360767608442,1.),(1.,0.815387294072339,
1.),(1.,0.836047630172485,1.)))
REPRESENTATION_ITEM('')
SURFACE()
);
#94=(
BOUNDED_SURFACE()
B_SPLINE_SURFACE(3,2,((#5868,#5869,#5870),(#5871,#5872,#5873),(#5874,#5875,
#5876),(#5877,#5878,#5879),(#5880,#5881,#5882),(#5883,#5884,#5885)),
 .UNSPECIFIED.,.F.,.F.,.F.)
B_SPLINE_SURFACE_WITH_KNOTS((4,2,4),(3,3),(0.00213950005498256,0.0026316084944905,
0.00312371693399844),(-8.68795834811659E-9,1.),.UNSPECIFIED.)
GEOMETRIC_REPRESENTATION_ITEM()
RATIONAL_B_SPLINE_SURFACE(((1.00000000339916,0.804375306964428,1.),(1.00000000339878,
0.804397316239985,1.),(1.00000000339674,0.804514731218694,1.),(1.00000000339027,
0.804887099369482,1.),(1.00000000338624,0.805118924942549,1.),(1.00000000338637,
0.805111395425919,1.)))
REPRESENTATION_ITEM('')
SURFACE()
);
#95=(
BOUNDED_SURFACE()
B_SPLINE_SURFACE(3,2,((#5886,#5887,#5888),(#5889,#5890,#5891),(#5892,#5893,
#5894),(#5895,#5896,#5897),(#5898,#5899,#5900),(#5901,#5902,#5903)),
 .UNSPECIFIED.,.F.,.F.,.F.)
B_SPLINE_SURFACE_WITH_KNOTS((4,2,4),(3,3),(0.000699340373109126,0.00119147402180697,
0.00168360767050481),(-3.50022133018265E-9,1.),.UNSPECIFIED.)
GEOMETRIC_REPRESENTATION_ITEM()
RATIONAL_B_SPLINE_SURFACE(((1.00000000136431,0.805111396436954,1.),(1.00000000136425,
0.805119890106573,1.),(1.00000000136589,0.804885809306282,1.),(1.00000000136848,
0.8045158867876,1.),(1.00000000136931,0.804396983861438,1.),(1.00000000136946,
0.804375307979279,1.)))
REPRESENTATION_ITEM('')
SURFACE()
);
#96=(
BOUNDED_SURFACE()
B_SPLINE_SURFACE(3,2,((#5919,#5920,#5921),(#5922,#5923,#5924),(#5925,#5926,
#5927),(#5928,#5929,#5930),(#5931,#5932,#5933),(#5934,#5935,#5936)),
 .UNSPECIFIED.,.F.,.F.,.F.)
B_SPLINE_SURFACE_WITH_KNOTS((4,2,4),(3,3),(0.000684325298224568,0.000960908038759332,
0.00123749077929416),(-6.24266452537856E-9,1.00027530208729),
 .UNSPECIFIED.)
GEOMETRIC_REPRESENTATION_ITEM()
RATIONAL_B_SPLINE_SURFACE(((1.00000000235327,0.81146563671117,1.00010380780683),
(1.00000000254714,0.795933471510821,1.00011235988178),(1.00000000264835,
0.787824677690914,1.00011682461748),(1.00000000264776,0.787872159489259,
1.0001167984738),(1.00000000254593,0.796029783907222,1.00011230685177),
(1.00000000235406,0.811402151452446,1.00010384276208)))
REPRESENTATION_ITEM('')
SURFACE()
);
#97=(
BOUNDED_SURFACE()
B_SPLINE_SURFACE(3,2,((#5938,#5939,#5940),(#5941,#5942,#5943),(#5944,#5945,
#5946),(#5947,#5948,#5949),(#5950,#5951,#5952),(#5953,#5954,#5955)),
 .UNSPECIFIED.,.F.,.F.,.F.)
B_SPLINE_SURFACE_WITH_KNOTS((4,2,4),(3,3),(0.000504650081613886,0.00128147382396022,
0.00205829756630655),(0.,1.),.UNSPECIFIED.)
GEOMETRIC_REPRESENTATION_ITEM()
RATIONAL_B_SPLINE_SURFACE(((1.,0.836046146011491,1.),(1.,0.815399006272279,
1.),(1.,0.804349485255754,1.),(1.,0.804360767608401,1.),(1.,0.815387294072374,
1.),(1.,0.836047630172484,1.)))
REPRESENTATION_ITEM('')
SURFACE()
);
#98=(
BOUNDED_SURFACE()
B_SPLINE_SURFACE(3,2,((#5956,#5957,#5958),(#5959,#5960,#5961),(#5962,#5963,
#5964),(#5965,#5966,#5967),(#5968,#5969,#5970),(#5971,#5972,#5973)),
 .UNSPECIFIED.,.F.,.F.,.F.)
B_SPLINE_SURFACE_WITH_KNOTS((4,2,4),(3,3),(0.00213950005498255,0.00263160849449049,
0.00312371693399843),(-8.68814845834458E-9,1.),.UNSPECIFIED.)
GEOMETRIC_REPRESENTATION_ITEM()
RATIONAL_B_SPLINE_SURFACE(((1.00000000339923,0.804375306964389,1.),(1.00000000339885,
0.804397316239598,1.),(1.00000000339681,0.804514731219123,1.),(1.00000000339034,
0.804887099368978,1.),(1.00000000338631,0.805118924942855,1.),(1.00000000338644,
0.805111395425882,1.)))
REPRESENTATION_ITEM('')
SURFACE()
);
#99=(
BOUNDED_SURFACE()
B_SPLINE_SURFACE(3,2,((#5974,#5975,#5976),(#5977,#5978,#5979),(#5980,#5981,
#5982),(#5983,#5984,#5985),(#5986,#5987,#5988),(#5989,#5990,#5991)),
 .UNSPECIFIED.,.F.,.F.,.F.)
B_SPLINE_SURFACE_WITH_KNOTS((4,2,4),(3,3),(0.00222351987296818,0.00271550668204968,
0.00320749349113118),(-0.00084772421440597,1.0000000024216),
 .UNSPECIFIED.)
GEOMETRIC_REPRESENTATION_ITEM()
RATIONAL_B_SPLINE_SURFACE(((1.00033195274159,0.804209472401697,1.00000000094745),
(1.00033191598872,0.804231149777271,1.00000000094735),(1.00033171444194,
0.804350024978245,1.00000000094677),(1.00033108628614,0.804720520357753,
1.00000000094498),(1.00033068914795,0.804954758201464,1.00000000094384),
(1.00033070368361,0.804946184858589,1.00000000094389)))
REPRESENTATION_ITEM('')
SURFACE()
);
#100=(
BOUNDED_SURFACE()
B_SPLINE_SURFACE(3,2,((#6007,#6008,#6009),(#6010,#6011,#6012),(#6013,#6014,
#6015),(#6016,#6017,#6018),(#6019,#6020,#6021),(#6022,#6023,#6024)),
 .UNSPECIFIED.,.F.,.F.,.F.)
B_SPLINE_SURFACE_WITH_KNOTS((4,2,4),(3,3),(0.000684325298224963,0.000960908038759219,
0.00123749077929354),(-6.24235113894963E-9,1.00027530208687),
 .UNSPECIFIED.)
GEOMETRIC_REPRESENTATION_ITEM()
RATIONAL_B_SPLINE_SURFACE(((1.00000000235315,0.811465636711163,1.00010380780667),
(1.00000000254701,0.795933471511113,1.00011235988161),(1.00000000264822,
0.787824677690947,1.0001168246173),(1.00000000264762,0.787872159489539,
1.00011679847362),(1.00000000254581,0.796029783907147,1.0001123068516),
(1.00000000235394,0.811402151452579,1.00010384276192)))
REPRESENTATION_ITEM('')
SURFACE()
);
#101=(
BOUNDED_SURFACE()
B_SPLINE_SURFACE(3,2,((#6026,#6027,#6028),(#6029,#6030,#6031),(#6032,#6033,
#6034),(#6035,#6036,#6037),(#6038,#6039,#6040),(#6041,#6042,#6043)),
 .UNSPECIFIED.,.F.,.F.,.F.)
B_SPLINE_SURFACE_WITH_KNOTS((4,2,4),(3,3),(0.00049981063996861,0.00128147382396024,
0.00205829756630665),(0.,1.00001404496985),.UNSPECIFIED.)
GEOMETRIC_REPRESENTATION_ITEM()
RATIONAL_B_SPLINE_SURFACE(((1.,0.836430847288125,1.00000459464763),(1.,
0.815534516737314,1.0000051816243),(1.,0.804346702206331,1.00000549588934),
(1.,0.804358019861339,1.00000549557142),(1.,0.815384701192447,1.00000518583261),
(1.,0.836045327466405,1.00000460547686)))
REPRESENTATION_ITEM('')
SURFACE()
);
#102=(
BOUNDED_SURFACE()
B_SPLINE_SURFACE(3,2,((#6044,#6045,#6046),(#6047,#6048,#6049),(#6050,#6051,
#6052),(#6053,#6054,#6055),(#6056,#6057,#6058),(#6059,#6060,#6061)),
 .UNSPECIFIED.,.F.,.F.,.F.)
B_SPLINE_SURFACE_WITH_KNOTS((4,2,4),(3,3),(0.000747900166682025,0.00127511266300853,
0.00180232515933342),(-3.4799543788201E-5,1.00000000248534),
 .UNSPECIFIED.)
GEOMETRIC_REPRESENTATION_ITEM()
RATIONAL_B_SPLINE_SURFACE(((1.00001356490668,0.805099359955458,1.00000000096875),
(1.00001356173182,0.805144976380336,1.00000000096853),(1.00001357920918,
0.80489386152521,1.00000000096977),(1.00001360699402,0.804494648946428,
1.00000000097176),(1.00001361535183,0.804374563865788,1.00000000097236),
(1.00001361600285,0.804365209904618,1.0000000009724)))
REPRESENTATION_ITEM('')
SURFACE()
);
#103=(
BOUNDED_SURFACE()
B_SPLINE_SURFACE(3,2,((#6062,#6063,#6064),(#6065,#6066,#6067),(#6068,#6069,
#6070),(#6071,#6072,#6073),(#6074,#6075,#6076),(#6077,#6078,#6079)),
 .UNSPECIFIED.,.F.,.F.,.F.)
B_SPLINE_SURFACE_WITH_KNOTS((4,2,4),(3,3),(0.000699340373109116,0.00119147402180696,
0.0016836076705048),(-3.49971833789963E-9,1.),.UNSPECIFIED.)
GEOMETRIC_REPRESENTATION_ITEM()
RATIONAL_B_SPLINE_SURFACE(((1.00000000136411,0.805111396437051,1.),(1.00000000136405,
0.805119890106685,1.),(1.00000000136569,0.804885809306364,1.),(1.00000000136828,
0.804515886787718,1.),(1.00000000136911,0.80439698386152,1.),(1.00000000136926,
0.804375307979378,1.)))
REPRESENTATION_ITEM('')
SURFACE()
);
#104=(
BOUNDED_SURFACE()
B_SPLINE_SURFACE(3,2,((#6095,#6096,#6097),(#6098,#6099,#6100),(#6101,#6102,
#6103),(#6104,#6105,#6106),(#6107,#6108,#6109),(#6110,#6111,#6112)),
 .UNSPECIFIED.,.F.,.F.,.F.)
B_SPLINE_SURFACE_WITH_KNOTS((4,2,4),(3,3),(0.00068432529822458,0.00096090803875934,
0.00123749077929417),(-6.24222984254313E-9,1.00027530208707),
 .UNSPECIFIED.)
GEOMETRIC_REPRESENTATION_ITEM()
RATIONAL_B_SPLINE_SURFACE(((1.0000000023531,0.811465636711293,1.00010380780675),
(1.00000000254696,0.795933471510972,1.00011235988169),(1.00000000264817,
0.787824677691036,1.00011682461738),(1.00000000264757,0.787872159489422,
1.00011679847371),(1.00000000254576,0.796029783907334,1.00011230685168),
(1.00000000235389,0.811402151452581,1.000103842762)))
REPRESENTATION_ITEM('')
SURFACE()
);
#105=(
BOUNDED_SURFACE()
B_SPLINE_SURFACE(3,2,((#6114,#6115,#6116),(#6117,#6118,#6119),(#6120,#6121,
#6122),(#6123,#6124,#6125),(#6126,#6127,#6128),(#6129,#6130,#6131)),
 .UNSPECIFIED.,.F.,.F.,.F.)
B_SPLINE_SURFACE_WITH_KNOTS((4,2,4),(3,3),(0.000504650081613898,0.00128147382396023,
0.00205829756630656),(0.,1.),.UNSPECIFIED.)
GEOMETRIC_REPRESENTATION_ITEM()
RATIONAL_B_SPLINE_SURFACE(((1.,0.836046146011491,1.),(1.,0.815399006272313,
1.),(1.,0.804349485255712,1.),(1.,0.804360767608446,1.),(1.,0.815387294072342,
1.),(1.,0.836047630172486,1.)))
REPRESENTATION_ITEM('')
SURFACE()
);
#106=(
BOUNDED_SURFACE()
B_SPLINE_SURFACE(3,2,((#6144,#6145,#6146),(#6147,#6148,#6149),(#6150,#6151,
#6152),(#6153,#6154,#6155),(#6156,#6157,#6158),(#6159,#6160,#6161)),
 .UNSPECIFIED.,.F.,.F.,.F.)
B_SPLINE_SURFACE_WITH_KNOTS((4,2,4),(3,3),(0.00213950005498253,0.00263160849449047,
0.00312371693399842),(-8.68795501815487E-9,1.),.UNSPECIFIED.)
GEOMETRIC_REPRESENTATION_ITEM()
RATIONAL_B_SPLINE_SURFACE(((1.00000000339916,0.804375306964424,1.),(1.00000000339877,
0.804397316239735,1.),(1.00000000339673,0.804514731219038,1.),(1.00000000339026,
0.804887099369149,1.),(1.00000000338624,0.805118924942798,1.),(1.00000000338637,
0.805111395425924,1.)))
REPRESENTATION_ITEM('')
SURFACE()
);
#107=(
BOUNDED_SURFACE()
B_SPLINE_SURFACE(3,2,((#6164,#6165,#6166),(#6167,#6168,#6169),(#6170,#6171,
#6172),(#6173,#6174,#6175),(#6176,#6177,#6178),(#6179,#6180,#6181)),
 .UNSPECIFIED.,.F.,.F.,.F.)
B_SPLINE_SURFACE_WITH_KNOTS((4,2,4),(3,3),(0.000699340373109127,0.00119147402180697,
0.00168360767050482),(-3.50006093429136E-9,1.),.UNSPECIFIED.)
GEOMETRIC_REPRESENTATION_ITEM()
RATIONAL_B_SPLINE_SURFACE(((1.00000000136424,0.805111396436984,1.),(1.00000000136418,
0.805119890106381,1.),(1.00000000136582,0.804885809306605,1.),(1.00000000136841,
0.804515886787341,1.),(1.00000000136924,0.804396983861685,1.),(1.0000000013694,
0.804375307979307,1.)))
REPRESENTATION_ITEM('')
SURFACE()
);
#108=(
BOUNDED_SURFACE()
B_SPLINE_SURFACE(3,2,((#6197,#6198,#6199),(#6200,#6201,#6202),(#6203,#6204,
#6205),(#6206,#6207,#6208),(#6209,#6210,#6211),(#6212,#6213,#6214)),
 .UNSPECIFIED.,.F.,.F.,.F.)
B_SPLINE_SURFACE_WITH_KNOTS((4,2,4),(3,3),(0.000684325298224571,0.00096090803875933,
0.00123749077929416),(-6.24261621004947E-9,1.00027530208716),
 .UNSPECIFIED.)
GEOMETRIC_REPRESENTATION_ITEM()
RATIONAL_B_SPLINE_SURFACE(((1.00000000235325,0.811465636711204,1.00010380780678),
(1.00000000254712,0.795933471510866,1.00011235988172),(1.00000000264833,
0.787824677690941,1.00011682461742),(1.00000000264774,0.787872159489307,
1.00011679847375),(1.00000000254591,0.796029783907247,1.00011230685172),
(1.00000000235404,0.811402151452492,1.00010384276203)))
REPRESENTATION_ITEM('')
SURFACE()
);
#109=(
BOUNDED_SURFACE()
B_SPLINE_SURFACE(3,2,((#6216,#6217,#6218),(#6219,#6220,#6221),(#6222,#6223,
#6224),(#6225,#6226,#6227),(#6228,#6229,#6230),(#6231,#6232,#6233)),
 .UNSPECIFIED.,.F.,.F.,.F.)
B_SPLINE_SURFACE_WITH_KNOTS((4,2,4),(3,3),(0.000504650081613813,0.00128147382396014,
0.00205829756630648),(0.,1.),.UNSPECIFIED.)
GEOMETRIC_REPRESENTATION_ITEM()
RATIONAL_B_SPLINE_SURFACE(((1.,0.83604614601149,1.),(1.,0.815399006272279,
1.),(1.,0.804349485255753,1.),(1.,0.804360767608401,1.),(1.,0.81538729407237,
1.),(1.,0.836047630172485,1.)))
REPRESENTATION_ITEM('')
SURFACE()
);
#110=(
BOUNDED_SURFACE()
B_SPLINE_SURFACE(3,2,((#6246,#6247,#6248),(#6249,#6250,#6251),(#6252,#6253,
#6254),(#6255,#6256,#6257),(#6258,#6259,#6260),(#6261,#6262,#6263)),
 .UNSPECIFIED.,.F.,.F.,.F.)
B_SPLINE_SURFACE_WITH_KNOTS((4,2,4),(3,3),(0.00213950005498255,0.00263160849449049,
0.00312371693399842),(-8.68789942505814E-9,1.),.UNSPECIFIED.)
GEOMETRIC_REPRESENTATION_ITEM()
RATIONAL_B_SPLINE_SURFACE(((1.00000000339914,0.804375306964435,1.),(1.00000000339875,
0.804397316239723,1.),(1.00000000339671,0.804514731219071,1.),(1.00000000339024,
0.804887099369127,1.),(1.00000000338621,0.805118924942832,1.),(1.00000000338635,
0.805111395425933,1.)))
REPRESENTATION_ITEM('')
SURFACE()
);
#111=(
BOUNDED_SURFACE()
B_SPLINE_SURFACE(3,2,((#6266,#6267,#6268),(#6269,#6270,#6271),(#6272,#6273,
#6274),(#6275,#6276,#6277),(#6278,#6279,#6280),(#6281,#6282,#6283)),
 .UNSPECIFIED.,.F.,.F.,.F.)
B_SPLINE_SURFACE_WITH_KNOTS((4,2,4),(3,3),(0.000699340373109127,0.00119147402180698,
0.00168360767050482),(-3.50004385533886E-9,1.),.UNSPECIFIED.)
GEOMETRIC_REPRESENTATION_ITEM()
RATIONAL_B_SPLINE_SURFACE(((1.00000000136424,0.80511139643699,1.),(1.00000000136418,
0.805119890106547,1.),(1.00000000136582,0.804885809306404,1.),(1.00000000136841,
0.804515886787559,1.),(1.00000000136924,0.804396983861535,1.),(1.00000000136939,
0.804375307979318,1.)))
REPRESENTATION_ITEM('')
SURFACE()
);
#112=(
BOUNDED_SURFACE()
B_SPLINE_SURFACE(3,2,((#6299,#6300,#6301),(#6302,#6303,#6304),(#6305,#6306,
#6307),(#6308,#6309,#6310),(#6311,#6312,#6313),(#6314,#6315,#6316)),
 .UNSPECIFIED.,.F.,.F.,.F.)
B_SPLINE_SURFACE_WITH_KNOTS((4,2,4),(3,3),(0.000684325298224585,0.000960908038759334,
0.00123749077929415),(-6.24266385607779E-9,1.00027530208687),
 .UNSPECIFIED.)
GEOMETRIC_REPRESENTATION_ITEM()
RATIONAL_B_SPLINE_SURFACE(((1.00000000235327,0.811465636711218,1.00010380780667),
(1.00000000254714,0.795933471510999,1.0001123598816),(1.00000000264835,
0.78782467769093,1.0001168246173),(1.00000000264776,0.787872159489429,1.00011679847362),
(1.00000000254593,0.796029783907221,1.0001123068516),(1.00000000235406,
0.811402151452587,1.00010384276192)))
REPRESENTATION_ITEM('')
SURFACE()
);
#113=(
BOUNDED_SURFACE()
B_SPLINE_SURFACE(3,2,((#6318,#6319,#6320),(#6321,#6322,#6323),(#6324,#6325,
#6326),(#6327,#6328,#6329),(#6330,#6331,#6332),(#6333,#6334,#6335)),
 .UNSPECIFIED.,.F.,.F.,.F.)
B_SPLINE_SURFACE_WITH_KNOTS((4,2,4),(3,3),(0.000504650081613878,0.00128147382396021,
0.00205829756630654),(0.,1.),.UNSPECIFIED.)
GEOMETRIC_REPRESENTATION_ITEM()
RATIONAL_B_SPLINE_SURFACE(((1.,0.836046146011493,1.),(1.,0.815399006272543,
1.),(1.,0.804349485255412,1.),(1.,0.804360767608751,1.),(1.,0.815387294072114,
1.),(1.,0.836047630172489,1.)))
REPRESENTATION_ITEM('')
SURFACE()
);
#114=(
BOUNDED_SURFACE()
B_SPLINE_SURFACE(3,2,((#6348,#6349,#6350),(#6351,#6352,#6353),(#6354,#6355,
#6356),(#6357,#6358,#6359),(#6360,#6361,#6362),(#6363,#6364,#6365)),
 .UNSPECIFIED.,.F.,.F.,.F.)
B_SPLINE_SURFACE_WITH_KNOTS((4,2,4),(3,3),(0.00213950005498253,0.00263160849449048,
0.00312371693399842),(-8.68815963750805E-9,1.),.UNSPECIFIED.)
GEOMETRIC_REPRESENTATION_ITEM()
RATIONAL_B_SPLINE_SURFACE(((1.00000000339924,0.804375306964389,1.),(1.00000000339885,
0.804397316239725,1.),(1.00000000339681,0.804514731218962,1.),(1.00000000339034,
0.804887099369146,1.),(1.00000000338632,0.805118924942735,1.),(1.00000000338645,
0.805111395425886,1.)))
REPRESENTATION_ITEM('')
SURFACE()
);
#115=FACE_OUTER_BOUND('',#248,.T.);
#116=FACE_OUTER_BOUND('',#249,.T.);
#117=FACE_OUTER_BOUND('',#250,.T.);
#118=FACE_OUTER_BOUND('',#251,.T.);
#119=FACE_OUTER_BOUND('',#252,.T.);
#120=FACE_OUTER_BOUND('',#253,.T.);
#121=FACE_OUTER_BOUND('',#254,.T.);
#122=FACE_OUTER_BOUND('',#255,.T.);
#123=FACE_OUTER_BOUND('',#256,.T.);
#124=FACE_OUTER_BOUND('',#257,.T.);
#125=FACE_OUTER_BOUND('',#258,.T.);
#126=FACE_OUTER_BOUND('',#259,.T.);
#127=FACE_OUTER_BOUND('',#260,.T.);
#128=FACE_OUTER_BOUND('',#261,.T.);
#129=FACE_OUTER_BOUND('',#262,.T.);
#130=FACE_OUTER_BOUND('',#263,.T.);
#131=FACE_OUTER_BOUND('',#264,.T.);
#132=FACE_OUTER_BOUND('',#265,.T.);
#133=FACE_OUTER_BOUND('',#267,.T.);
#134=FACE_OUTER_BOUND('',#269,.T.);
#135=FACE_OUTER_BOUND('',#270,.T.);
#136=FACE_OUTER_BOUND('',#271,.T.);
#137=FACE_OUTER_BOUND('',#273,.T.);
#138=FACE_OUTER_BOUND('',#274,.T.);
#139=FACE_OUTER_BOUND('',#278,.T.);
#140=FACE_OUTER_BOUND('',#279,.T.);
#141=FACE_OUTER_BOUND('',#280,.T.);
#142=FACE_OUTER_BOUND('',#281,.T.);
#143=FACE_OUTER_BOUND('',#282,.T.);
#144=FACE_OUTER_BOUND('',#283,.T.);
#145=FACE_OUTER_BOUND('',#284,.T.);
#146=FACE_OUTER_BOUND('',#285,.T.);
#147=FACE_OUTER_BOUND('',#286,.T.);
#148=FACE_OUTER_BOUND('',#287,.T.);
#149=FACE_OUTER_BOUND('',#288,.T.);
#150=FACE_OUTER_BOUND('',#289,.T.);
#151=FACE_OUTER_BOUND('',#290,.T.);
#152=FACE_OUTER_BOUND('',#291,.T.);
#153=FACE_OUTER_BOUND('',#292,.T.);
#154=FACE_OUTER_BOUND('',#293,.T.);
#155=FACE_OUTER_BOUND('',#294,.T.);
#156=FACE_OUTER_BOUND('',#295,.T.);
#157=FACE_OUTER_BOUND('',#296,.T.);
#158=FACE_OUTER_BOUND('',#297,.T.);
#159=FACE_OUTER_BOUND('',#298,.T.);
#160=FACE_OUTER_BOUND('',#299,.T.);
#161=FACE_OUTER_BOUND('',#300,.T.);
#162=FACE_OUTER_BOUND('',#301,.T.);
#163=FACE_OUTER_BOUND('',#302,.T.);
#164=FACE_OUTER_BOUND('',#303,.T.);
#165=FACE_OUTER_BOUND('',#304,.T.);
#166=FACE_OUTER_BOUND('',#305,.T.);
#167=FACE_OUTER_BOUND('',#306,.T.);
#168=FACE_OUTER_BOUND('',#307,.T.);
#169=FACE_OUTER_BOUND('',#308,.T.);
#170=FACE_OUTER_BOUND('',#309,.T.);
#171=FACE_OUTER_BOUND('',#310,.T.);
#172=FACE_OUTER_BOUND('',#311,.T.);
#173=FACE_OUTER_BOUND('',#312,.T.);
#174=FACE_OUTER_BOUND('',#313,.T.);
#175=FACE_OUTER_BOUND('',#314,.T.);
#176=FACE_OUTER_BOUND('',#315,.T.);
#177=FACE_OUTER_BOUND('',#316,.T.);
#178=FACE_OUTER_BOUND('',#317,.T.);
#179=FACE_OUTER_BOUND('',#318,.T.);
#180=FACE_OUTER_BOUND('',#319,.T.);
#181=FACE_OUTER_BOUND('',#320,.T.);
#182=FACE_OUTER_BOUND('',#321,.T.);
#183=FACE_OUTER_BOUND('',#322,.T.);
#184=FACE_OUTER_BOUND('',#323,.T.);
#185=FACE_OUTER_BOUND('',#324,.T.);
#186=FACE_OUTER_BOUND('',#325,.T.);
#187=FACE_OUTER_BOUND('',#326,.T.);
#188=FACE_OUTER_BOUND('',#327,.T.);
#189=FACE_OUTER_BOUND('',#328,.T.);
#190=FACE_OUTER_BOUND('',#329,.T.);
#191=FACE_OUTER_BOUND('',#330,.T.);
#192=FACE_OUTER_BOUND('',#331,.T.);
#193=FACE_OUTER_BOUND('',#332,.T.);
#194=FACE_OUTER_BOUND('',#333,.T.);
#195=FACE_OUTER_BOUND('',#334,.T.);
#196=FACE_OUTER_BOUND('',#335,.T.);
#197=FACE_OUTER_BOUND('',#336,.T.);
#198=FACE_OUTER_BOUND('',#337,.T.);
#199=FACE_OUTER_BOUND('',#338,.T.);
#200=FACE_OUTER_BOUND('',#339,.T.);
#201=FACE_OUTER_BOUND('',#340,.T.);
#202=FACE_OUTER_BOUND('',#341,.T.);
#203=FACE_OUTER_BOUND('',#342,.T.);
#204=FACE_OUTER_BOUND('',#343,.T.);
#205=FACE_OUTER_BOUND('',#344,.T.);
#206=FACE_OUTER_BOUND('',#345,.T.);
#207=FACE_OUTER_BOUND('',#346,.T.);
#208=FACE_OUTER_BOUND('',#347,.T.);
#209=FACE_OUTER_BOUND('',#348,.T.);
#210=FACE_OUTER_BOUND('',#349,.T.);
#211=FACE_OUTER_BOUND('',#350,.T.);
#212=FACE_OUTER_BOUND('',#351,.T.);
#213=FACE_OUTER_BOUND('',#352,.T.);
#214=FACE_OUTER_BOUND('',#353,.T.);
#215=FACE_OUTER_BOUND('',#354,.T.);
#216=FACE_OUTER_BOUND('',#355,.T.);
#217=FACE_OUTER_BOUND('',#356,.T.);
#218=FACE_OUTER_BOUND('',#357,.T.);
#219=FACE_OUTER_BOUND('',#358,.T.);
#220=FACE_OUTER_BOUND('',#359,.T.);
#221=FACE_OUTER_BOUND('',#360,.T.);
#222=FACE_OUTER_BOUND('',#361,.T.);
#223=FACE_OUTER_BOUND('',#362,.T.);
#224=FACE_OUTER_BOUND('',#363,.T.);
#225=FACE_OUTER_BOUND('',#364,.T.);
#226=FACE_OUTER_BOUND('',#365,.T.);
#227=FACE_OUTER_BOUND('',#366,.T.);
#228=FACE_OUTER_BOUND('',#367,.T.);
#229=FACE_OUTER_BOUND('',#368,.T.);
#230=FACE_OUTER_BOUND('',#369,.T.);
#231=FACE_OUTER_BOUND('',#370,.T.);
#232=FACE_OUTER_BOUND('',#371,.T.);
#233=FACE_OUTER_BOUND('',#372,.T.);
#234=FACE_OUTER_BOUND('',#373,.T.);
#235=FACE_OUTER_BOUND('',#374,.T.);
#236=FACE_OUTER_BOUND('',#375,.T.);
#237=FACE_OUTER_BOUND('',#376,.T.);
#238=FACE_OUTER_BOUND('',#377,.T.);
#239=FACE_OUTER_BOUND('',#378,.T.);
#240=FACE_OUTER_BOUND('',#379,.T.);
#241=FACE_OUTER_BOUND('',#380,.T.);
#242=FACE_OUTER_BOUND('',#381,.T.);
#243=FACE_OUTER_BOUND('',#382,.T.);
#244=FACE_OUTER_BOUND('',#383,.T.);
#245=FACE_OUTER_BOUND('',#384,.T.);
#246=FACE_OUTER_BOUND('',#385,.T.);
#247=FACE_OUTER_BOUND('',#386,.T.);
#248=EDGE_LOOP('',(#1418,#1419,#1420,#1421,#1422,#1423,#1424,#1425,#1426,
#1427,#1428,#1429,#1430,#1431,#1432,#1433,#1434,#1435,#1436,#1437,#1438,
#1439,#1440,#1441,#1442,#1443,#1444,#1445,#1446,#1447,#1448,#1449,#1450,
#1451,#1452,#1453,#1454,#1455,#1456,#1457,#1458,#1459,#1460,#1461,#1462,
#1463,#1464,#1465,#1466,#1467,#1468,#1469,#1470,#1471,#1472,#1473,#1474,
#1475,#1476,#1477,#1478,#1479,#1480,#1481,#1482,#1483,#1484,#1485,#1486,
#1487,#1488,#1489,#1490,#1491,#1492,#1493,#1494,#1495,#1496,#1497,#1498,
#1499,#1500,#1501,#1502,#1503,#1504,#1505,#1506,#1507,#1508,#1509,#1510,
#1511,#1512,#1513,#1514,#1515,#1516,#1517));
#249=EDGE_LOOP('',(#1518,#1519,#1520,#1521));
#250=EDGE_LOOP('',(#1522,#1523,#1524,#1525));
#251=EDGE_LOOP('',(#1526,#1527,#1528,#1529,#1530));
#252=EDGE_LOOP('',(#1531,#1532,#1533,#1534));
#253=EDGE_LOOP('',(#1535,#1536,#1537,#1538,#1539));
#254=EDGE_LOOP('',(#1540,#1541,#1542,#1543,#1544));
#255=EDGE_LOOP('',(#1545,#1546,#1547,#1548));
#256=EDGE_LOOP('',(#1549,#1550,#1551,#1552,#1553));
#257=EDGE_LOOP('',(#1554,#1555,#1556,#1557));
#258=EDGE_LOOP('',(#1558,#1559,#1560,#1561));
#259=EDGE_LOOP('',(#1562,#1563,#1564,#1565));
#260=EDGE_LOOP('',(#1566,#1567,#1568,#1569));
#261=EDGE_LOOP('',(#1570,#1571,#1572,#1573));
#262=EDGE_LOOP('',(#1574,#1575,#1576,#1577,#1578,#1579,#1580,#1581,#1582,
#1583,#1584,#1585,#1586,#1587,#1588,#1589,#1590,#1591,#1592,#1593,#1594,
#1595,#1596,#1597,#1598,#1599,#1600,#1601,#1602,#1603,#1604,#1605,#1606,
#1607,#1608));
#263=EDGE_LOOP('',(#1609,#1610,#1611,#1612,#1613,#1614));
#264=EDGE_LOOP('',(#1615,#1616,#1617,#1618));
#265=EDGE_LOOP('',(#1619));
#266=EDGE_LOOP('',(#1620,#1621));
#267=EDGE_LOOP('',(#1622));
#268=EDGE_LOOP('',(#1623,#1624));
#269=EDGE_LOOP('',(#1625,#1626,#1627,#1628,#1629,#1630));
#270=EDGE_LOOP('',(#1631,#1632,#1633,#1634));
#271=EDGE_LOOP('',(#1635,#1636));
#272=EDGE_LOOP('',(#1637,#1638));
#273=EDGE_LOOP('',(#1639,#1640,#1641,#1642));
#274=EDGE_LOOP('',(#1643,#1644));
#275=EDGE_LOOP('',(#1645));
#276=EDGE_LOOP('',(#1646));
#277=EDGE_LOOP('',(#1647,#1648,#1649,#1650,#1651,#1652));
#278=EDGE_LOOP('',(#1653,#1654,#1655,#1656));
#279=EDGE_LOOP('',(#1657,#1658,#1659,#1660));
#280=EDGE_LOOP('',(#1661,#1662,#1663,#1664));
#281=EDGE_LOOP('',(#1665,#1666,#1667,#1668,#1669,#1670));
#282=EDGE_LOOP('',(#1671));
#283=EDGE_LOOP('',(#1672));
#284=EDGE_LOOP('',(#1673,#1674,#1675,#1676));
#285=EDGE_LOOP('',(#1677,#1678,#1679,#1680));
#286=EDGE_LOOP('',(#1681,#1682,#1683,#1684,#1685,#1686));
#287=EDGE_LOOP('',(#1687,#1688,#1689,#1690));
#288=EDGE_LOOP('',(#1691,#1692,#1693,#1694));
#289=EDGE_LOOP('',(#1695,#1696,#1697,#1698));
#290=EDGE_LOOP('',(#1699,#1700,#1701,#1702));
#291=EDGE_LOOP('',(#1703,#1704,#1705,#1706));
#292=EDGE_LOOP('',(#1707,#1708,#1709,#1710));
#293=EDGE_LOOP('',(#1711,#1712,#1713,#1714,#1715,#1716));
#294=EDGE_LOOP('',(#1717,#1718,#1719,#1720,#1721,#1722));
#295=EDGE_LOOP('',(#1723,#1724,#1725,#1726,#1727,#1728));
#296=EDGE_LOOP('',(#1729,#1730,#1731,#1732,#1733,#1734));
#297=EDGE_LOOP('',(#1735,#1736,#1737,#1738,#1739,#1740));
#298=EDGE_LOOP('',(#1741,#1742,#1743,#1744,#1745,#1746));
#299=EDGE_LOOP('',(#1747,#1748,#1749,#1750,#1751,#1752));
#300=EDGE_LOOP('',(#1753,#1754,#1755,#1756,#1757,#1758));
#301=EDGE_LOOP('',(#1759,#1760,#1761,#1762,#1763,#1764));
#302=EDGE_LOOP('',(#1765,#1766,#1767,#1768,#1769,#1770));
#303=EDGE_LOOP('',(#1771,#1772,#1773,#1774,#1775,#1776));
#304=EDGE_LOOP('',(#1777,#1778,#1779,#1780,#1781,#1782));
#305=EDGE_LOOP('',(#1783,#1784,#1785,#1786,#1787,#1788));
#306=EDGE_LOOP('',(#1789,#1790,#1791,#1792,#1793,#1794));
#307=EDGE_LOOP('',(#1795,#1796,#1797,#1798));
#308=EDGE_LOOP('',(#1799,#1800,#1801,#1802));
#309=EDGE_LOOP('',(#1803,#1804,#1805,#1806));
#310=EDGE_LOOP('',(#1807,#1808,#1809,#1810));
#311=EDGE_LOOP('',(#1811,#1812,#1813,#1814));
#312=EDGE_LOOP('',(#1815,#1816,#1817,#1818));
#313=EDGE_LOOP('',(#1819,#1820,#1821,#1822));
#314=EDGE_LOOP('',(#1823,#1824,#1825,#1826));
#315=EDGE_LOOP('',(#1827,#1828,#1829,#1830));
#316=EDGE_LOOP('',(#1831,#1832,#1833,#1834));
#317=EDGE_LOOP('',(#1835,#1836,#1837,#1838));
#318=EDGE_LOOP('',(#1839,#1840,#1841,#1842));
#319=EDGE_LOOP('',(#1843,#1844,#1845,#1846));
#320=EDGE_LOOP('',(#1847,#1848,#1849,#1850));
#321=EDGE_LOOP('',(#1851,#1852,#1853,#1854));
#322=EDGE_LOOP('',(#1855,#1856,#1857,#1858));
#323=EDGE_LOOP('',(#1859,#1860,#1861,#1862));
#324=EDGE_LOOP('',(#1863,#1864,#1865,#1866));
#325=EDGE_LOOP('',(#1867,#1868,#1869,#1870,#1871));
#326=EDGE_LOOP('',(#1872,#1873,#1874,#1875));
#327=EDGE_LOOP('',(#1876,#1877,#1878,#1879,#1880));
#328=EDGE_LOOP('',(#1881,#1882,#1883,#1884,#1885,#1886));
#329=EDGE_LOOP('',(#1887,#1888,#1889,#1890));
#330=EDGE_LOOP('',(#1891,#1892,#1893,#1894));
#331=EDGE_LOOP('',(#1895,#1896,#1897,#1898));
#332=EDGE_LOOP('',(#1899,#1900,#1901,#1902));
#333=EDGE_LOOP('',(#1903,#1904,#1905,#1906));
#334=EDGE_LOOP('',(#1907,#1908,#1909,#1910));
#335=EDGE_LOOP('',(#1911,#1912,#1913,#1914,#1915));
#336=EDGE_LOOP('',(#1916,#1917,#1918,#1919));
#337=EDGE_LOOP('',(#1920,#1921,#1922,#1923));
#338=EDGE_LOOP('',(#1924,#1925,#1926,#1927));
#339=EDGE_LOOP('',(#1928,#1929,#1930,#1931));
#340=EDGE_LOOP('',(#1932,#1933,#1934,#1935));
#341=EDGE_LOOP('',(#1936,#1937,#1938,#1939));
#342=EDGE_LOOP('',(#1940,#1941,#1942,#1943));
#343=EDGE_LOOP('',(#1944,#1945,#1946,#1947));
#344=EDGE_LOOP('',(#1948,#1949,#1950,#1951));
#345=EDGE_LOOP('',(#1952,#1953,#1954,#1955));
#346=EDGE_LOOP('',(#1956,#1957,#1958,#1959));
#347=EDGE_LOOP('',(#1960,#1961,#1962,#1963));
#348=EDGE_LOOP('',(#1964,#1965,#1966,#1967));
#349=EDGE_LOOP('',(#1968,#1969,#1970,#1971));
#350=EDGE_LOOP('',(#1972,#1973,#1974,#1975));
#351=EDGE_LOOP('',(#1976,#1977,#1978,#1979));
#352=EDGE_LOOP('',(#1980,#1981,#1982,#1983));
#353=EDGE_LOOP('',(#1984,#1985,#1986,#1987));
#354=EDGE_LOOP('',(#1988,#1989,#1990,#1991));
#355=EDGE_LOOP('',(#1992,#1993,#1994,#1995));
#356=EDGE_LOOP('',(#1996,#1997,#1998,#1999,#2000));
#357=EDGE_LOOP('',(#2001,#2002,#2003,#2004));
#358=EDGE_LOOP('',(#2005,#2006,#2007,#2008));
#359=EDGE_LOOP('',(#2009,#2010,#2011,#2012));
#360=EDGE_LOOP('',(#2013,#2014,#2015,#2016));
#361=EDGE_LOOP('',(#2017,#2018,#2019,#2020));
#362=EDGE_LOOP('',(#2021,#2022,#2023,#2024,#2025));
#363=EDGE_LOOP('',(#2026,#2027,#2028,#2029));
#364=EDGE_LOOP('',(#2030,#2031,#2032,#2033));
#365=EDGE_LOOP('',(#2034,#2035,#2036,#2037,#2038));
#366=EDGE_LOOP('',(#2039,#2040,#2041,#2042,#2043));
#367=EDGE_LOOP('',(#2044,#2045,#2046,#2047));
#368=EDGE_LOOP('',(#2048,#2049,#2050,#2051));
#369=EDGE_LOOP('',(#2052,#2053,#2054,#2055));
#370=EDGE_LOOP('',(#2056,#2057,#2058,#2059));
#371=EDGE_LOOP('',(#2060,#2061,#2062,#2063));
#372=EDGE_LOOP('',(#2064,#2065,#2066,#2067));
#373=EDGE_LOOP('',(#2068,#2069,#2070,#2071));
#374=EDGE_LOOP('',(#2072,#2073,#2074,#2075));
#375=EDGE_LOOP('',(#2076,#2077,#2078,#2079));
#376=EDGE_LOOP('',(#2080,#2081,#2082,#2083));
#377=EDGE_LOOP('',(#2084,#2085,#2086,#2087));
#378=EDGE_LOOP('',(#2088,#2089,#2090,#2091));
#379=EDGE_LOOP('',(#2092,#2093,#2094,#2095));
#380=EDGE_LOOP('',(#2096,#2097,#2098,#2099));
#381=EDGE_LOOP('',(#2100,#2101,#2102,#2103));
#382=EDGE_LOOP('',(#2104,#2105,#2106,#2107));
#383=EDGE_LOOP('',(#2108,#2109,#2110,#2111));
#384=EDGE_LOOP('',(#2112,#2113,#2114,#2115));
#385=EDGE_LOOP('',(#2116,#2117,#2118,#2119));
#386=EDGE_LOOP('',(#2120,#2121));
#387=ELLIPSE('',#2328,0.739369456121695,0.704479363950671);
#388=ELLIPSE('',#2368,0.739369456121695,0.704479363950671);
#389=B_SPLINE_CURVE_WITH_KNOTS('',3,(#2936,#2937,#2938,#2939,#2940,#2941),
 .UNSPECIFIED.,.F.,.F.,(4,2,4),(2.63957321208574E-5,0.000825552045988418,
0.00162470835985598),.UNSPECIFIED.);
#390=B_SPLINE_CURVE_WITH_KNOTS('',3,(#2945,#2946,#2947,#2948,#2949,#2950),
 .UNSPECIFIED.,.F.,.F.,(4,2,4),(2.79715755706988E-17,0.000508657057061566,
0.0010173141141231),.UNSPECIFIED.);
#391=B_SPLINE_CURVE_WITH_KNOTS('',3,(#2954,#2955,#2956,#2957,#2958,#2959,
#2960,#2961,#2962,#2963,#2964,#2965,#2966,#2967,#2968,#2969,#2970,#2971,
#2972,#2973,#2974,#2975,#2976,#2977,#2978,#2979,#2980,#2981),
 .UNSPECIFIED.,.F.,.F.,(4,3,3,3,3,3,3,3,3,4),(0.00150561783055912,0.00165729253175595,
0.00180186927518853,0.00193720441079715,0.00201541451660035,0.00202248979392316,
0.00217832427071801,0.00232846546831944,0.00247055811435798,0.00252521120264157),
 .UNSPECIFIED.);
#392=B_SPLINE_CURVE_WITH_KNOTS('',3,(#2985,#2986,#2987,#2988,#2989,#2990),
 .UNSPECIFIED.,.F.,.F.,(4,2,4),(5.83946167217301E-10,0.00081235417992799,
0.00162470835985598),.UNSPECIFIED.);
#393=B_SPLINE_CURVE_WITH_KNOTS('',3,(#2994,#2995,#2996,#2997,#2998,#2999),
 .UNSPECIFIED.,.F.,.F.,(4,2,4),(6.93889390390723E-18,0.000509250566171177,
0.00101850113234235),.UNSPECIFIED.);
#394=B_SPLINE_CURVE_WITH_KNOTS('',3,(#3003,#3004,#3005,#3006,#3007,#3008,
#3009,#3010,#3011,#3012,#3013,#3014,#3015,#3016,#3017,#3018,#3019,#3020,
#3021,#3022,#3023,#3024,#3025,#3026,#3027,#3028,#3029,#3030),
 .UNSPECIFIED.,.F.,.F.,(4,3,3,3,3,3,3,3,3,4),(0.00150561783055912,0.00165729253179469,
0.00180186927526392,0.001937204410915,0.00201541451660034,0.00202248979392317,
0.00217832427072159,0.00232846546833492,0.00247055811440166,0.00252521120264156),
 .UNSPECIFIED.);
#395=B_SPLINE_CURVE_WITH_KNOTS('',3,(#3034,#3035,#3036,#3037,#3038,#3039),
 .UNSPECIFIED.,.F.,.F.,(4,2,4),(5.83946177328985E-10,0.000812354179927988,
0.00162470835985598),.UNSPECIFIED.);
#396=B_SPLINE_CURVE_WITH_KNOTS('',3,(#3043,#3044,#3045,#3046,#3047,#3048),
 .UNSPECIFIED.,.F.,.F.,(4,2,4),(6.95243322195995E-18,0.000509250566171181,
0.00101850113234235),.UNSPECIFIED.);
#397=B_SPLINE_CURVE_WITH_KNOTS('',3,(#3052,#3053,#3054,#3055,#3056,#3057),
 .UNSPECIFIED.,.F.,.F.,(4,2,4),(0.00150417822387608,0.00201360470683025,
0.00252303118978443),.UNSPECIFIED.);
#398=B_SPLINE_CURVE_WITH_KNOTS('',3,(#3061,#3062,#3063,#3064,#3065,#3066),
 .UNSPECIFIED.,.F.,.F.,(4,2,4),(5.83946163837173E-10,0.000812354179927992,
0.00162470835985598),.UNSPECIFIED.);
#399=B_SPLINE_CURVE_WITH_KNOTS('',3,(#3070,#3071,#3072,#3073,#3074,#3075),
 .UNSPECIFIED.,.F.,.F.,(4,2,4),(3.47690975627661E-17,0.000508657057061573,
0.00101731411412311),.UNSPECIFIED.);
#400=B_SPLINE_CURVE_WITH_KNOTS('',3,(#3079,#3080,#3081,#3082,#3083,#3084),
 .UNSPECIFIED.,.F.,.F.,(4,2,4),(0.00150417822385285,0.00201360470681863,
0.00252303118978442),.UNSPECIFIED.);
#401=B_SPLINE_CURVE_WITH_KNOTS('',3,(#3088,#3089,#3090,#3091,#3092,#3093),
 .UNSPECIFIED.,.F.,.F.,(4,2,4),(5.83946169066127E-10,0.000812354179927992,
0.00162470835985598),.UNSPECIFIED.);
#402=B_SPLINE_CURVE_WITH_KNOTS('',3,(#3097,#3098,#3099,#3100,#3101,#3102),
 .UNSPECIFIED.,.F.,.F.,(4,2,4),(2.78097328878398E-17,0.000508657057061571,
0.00101731411412311),.UNSPECIFIED.);
#403=B_SPLINE_CURVE_WITH_KNOTS('',3,(#3106,#3107,#3108,#3109,#3110,#3111,
#3112,#3113,#3114,#3115,#3116,#3117,#3118,#3119,#3120,#3121,#3122,#3123,
#3124,#3125,#3126,#3127,#3128,#3129,#3130,#3131,#3132,#3133),
 .UNSPECIFIED.,.F.,.F.,(4,3,3,3,3,3,3,3,3,4),(0.00150561783055912,0.00165729253177468,
0.00180186927522477,0.00193720441085338,0.00201541451660035,0.00202248979392316,
0.00217832427073135,0.00232846546834877,0.00247055811441187,0.00252521120264157),
 .UNSPECIFIED.);
#404=B_SPLINE_CURVE_WITH_KNOTS('',3,(#3137,#3138,#3139,#3140,#3141,#3142),
 .UNSPECIFIED.,.F.,.F.,(4,2,4),(5.83946171445117E-10,0.00081235417992799,
0.00162470835985598),.UNSPECIFIED.);
#405=B_SPLINE_CURVE_WITH_KNOTS('',3,(#3146,#3147,#3148,#3149,#3150,#3151),
 .UNSPECIFIED.,.F.,.F.,(4,2,4),(6.93889390390723E-18,0.000509250566171178,
0.00101850113234235),.UNSPECIFIED.);
#406=B_SPLINE_CURVE_WITH_KNOTS('',3,(#3155,#3156,#3157,#3158,#3159,#3160,
#3161,#3162,#3163,#3164,#3165,#3166,#3167,#3168,#3169,#3170,#3171,#3172,
#3173,#3174,#3175,#3176,#3177,#3178,#3179,#3180,#3181,#3182),
 .UNSPECIFIED.,.F.,.F.,(4,3,3,3,3,3,3,3,3,4),(0.00150561783055912,0.00165729253175984,
0.00180186927519654,0.00193720441081168,0.00201541451660035,0.00202248979392317,
0.002178324270689,0.00232846546827231,0.00247055811430462,0.00252521120264157),
 .UNSPECIFIED.);
#407=B_SPLINE_CURVE_WITH_KNOTS('',3,(#3186,#3187,#3188,#3189,#3190,#3191),
 .UNSPECIFIED.,.F.,.F.,(4,2,4),(5.83946172421796E-10,0.000812354179927989,
0.00162470835985598),.UNSPECIFIED.);
#408=B_SPLINE_CURVE_WITH_KNOTS('',3,(#3195,#3196,#3197,#3198,#3199,#3200),
 .UNSPECIFIED.,.F.,.F.,(4,2,4),(6.93889390390723E-18,0.000509250566171176,
0.00101850113234234),.UNSPECIFIED.);
#409=B_SPLINE_CURVE_WITH_KNOTS('',3,(#3204,#3205,#3206,#3207,#3208,#3209),
 .UNSPECIFIED.,.F.,.F.,(4,2,4),(0.00150417822385285,0.00201360470681864,
0.00252303118978443),.UNSPECIFIED.);
#410=B_SPLINE_CURVE_WITH_KNOTS('',3,(#3213,#3214,#3215,#3216,#3217,#3218),
 .UNSPECIFIED.,.F.,.F.,(4,2,4),(5.83946168654611E-10,0.000799156759192419,
0.00159831351838484),.UNSPECIFIED.);
#411=B_SPLINE_CURVE_WITH_KNOTS('',3,(#3220,#3221,#3222,#3223),
 .UNSPECIFIED.,.F.,.F.,(4,4),(0.00159831351838484,0.00162470835985598),
 .UNSPECIFIED.);
#412=B_SPLINE_CURVE_WITH_KNOTS('',3,(#3229,#3230,#3231,#3232,#3233,#3234),
 .UNSPECIFIED.,.F.,.F.,(4,2,4),(0.000200922573265224,0.000609118343694169,
0.00101731411412311),.UNSPECIFIED.);
#413=B_SPLINE_CURVE_WITH_KNOTS('',3,(#3240,#3241,#3242,#3243,#3244,#3245,
#3246,#3247,#3248,#3249,#3250,#3251,#3252,#3253,#3254,#3255,#3256,#3257,
#3258,#3259,#3260,#3261,#3262,#3263,#3264,#3265,#3266,#3267),
 .UNSPECIFIED.,.F.,.F.,(4,3,3,3,3,3,3,3,3,4),(0.00150561783055912,0.001657292531776,
0.0018018692752265,0.00193720441085436,0.00201541451660035,0.00202248979392316,
0.00217832427074079,0.00232846546836443,0.0024705581144298,0.00252521120264157),
 .UNSPECIFIED.);
#414=B_SPLINE_CURVE_WITH_KNOTS('',3,(#3271,#3272,#3273,#3274,#3275,#3276),
 .UNSPECIFIED.,.F.,.F.,(4,2,4),(5.83946171046927E-10,0.000812354179927989,
0.00162470835985598),.UNSPECIFIED.);
#415=B_SPLINE_CURVE_WITH_KNOTS('',3,(#3280,#3281,#3282,#3283,#3284,#3285),
 .UNSPECIFIED.,.F.,.F.,(4,2,4),(6.93889390390723E-18,0.000509250566171177,
0.00101850113234235),.UNSPECIFIED.);
#416=B_SPLINE_CURVE_WITH_KNOTS('',3,(#3289,#3290,#3291,#3292,#3293,#3294,
#3295,#3296,#3297,#3298,#3299,#3300,#3301,#3302,#3303,#3304,#3305,#3306,
#3307,#3308,#3309,#3310,#3311,#3312,#3313,#3314,#3315,#3316),
 .UNSPECIFIED.,.F.,.F.,(4,3,3,3,3,3,3,3,3,4),(0.00150561783055912,0.00165729253175862,
0.00180186927519425,0.001937204410808,0.00201541451660035,0.00202248979392317,
0.00217832427065392,0.00232846546821431,0.00247055811423704,0.00252521120264157),
 .UNSPECIFIED.);
#417=B_SPLINE_CURVE_WITH_KNOTS('',3,(#3320,#3321,#3322,#3323,#3324,#3325),
 .UNSPECIFIED.,.F.,.F.,(4,2,4),(5.83946175909765E-10,0.000812354179927989,
0.00162470835985598),.UNSPECIFIED.);
#418=B_SPLINE_CURVE_WITH_KNOTS('',3,(#3329,#3330,#3331,#3332,#3333,#3334),
 .UNSPECIFIED.,.F.,.F.,(4,2,4),(6.93889390390723E-18,0.000509250566171181,
0.00101850113234235),.UNSPECIFIED.);
#419=B_SPLINE_CURVE_WITH_KNOTS('',3,(#3338,#3339,#3340,#3341,#3342,#3343,
#3344,#3345,#3346,#3347,#3348,#3349,#3350,#3351,#3352,#3353,#3354,#3355,
#3356,#3357,#3358,#3359,#3360,#3361,#3362,#3363,#3364,#3365),
 .UNSPECIFIED.,.F.,.F.,(4,3,3,3,3,3,3,3,3,4),(0.00150561783055912,0.00165729253177511,
0.00180186927522526,0.00193720441085455,0.00201541451660034,0.00202248979392317,
0.00217832427070025,0.00232846546829799,0.0024705581143547,0.00252521120264157),
 .UNSPECIFIED.);
#420=B_SPLINE_CURVE_WITH_KNOTS('',3,(#3369,#3370,#3371,#3372,#3373,#3374),
 .UNSPECIFIED.,.F.,.F.,(4,2,4),(0.,0.000811215105738255,0.00162242962834914),
 .UNSPECIFIED.);
#421=B_SPLINE_CURVE_WITH_KNOTS('',3,(#3378,#3379,#3380,#3381,#3382,#3383),
 .UNSPECIFIED.,.F.,.F.,(4,2,4),(6.95243322195995E-18,0.000509250566171187,
0.00101850113234237),.UNSPECIFIED.);
#422=B_SPLINE_CURVE_WITH_KNOTS('',3,(#3387,#3388,#3389,#3390,#3391,#3392,
#3393,#3394,#3395,#3396,#3397,#3398,#3399,#3400,#3401,#3402,#3403,#3404,
#3405,#3406,#3407,#3408,#3409,#3410,#3411,#3412,#3413,#3414),
 .UNSPECIFIED.,.F.,.F.,(4,3,3,3,3,3,3,3,3,4),(0.00150561783058173,0.00165729253169305,
0.00180186927507448,0.00193720441066913,0.00201541451661165,0.00202248979393539,
0.00217832427065448,0.00232846546820139,0.00247055811420593,0.00252521120264157),
 .UNSPECIFIED.);
#423=B_SPLINE_CURVE_WITH_KNOTS('',3,(#3418,#3419,#3420,#3421,#3422,#3423),
 .UNSPECIFIED.,.F.,.F.,(4,2,4),(5.83946175426059E-10,0.00081235417992799,
0.00162470835985598),.UNSPECIFIED.);
#424=B_SPLINE_CURVE_WITH_KNOTS('',3,(#3427,#3428,#3429,#3430,#3431,#3432),
 .UNSPECIFIED.,.F.,.F.,(4,2,4),(6.95243322195995E-18,0.000509250566171175,
0.00101850113234234),.UNSPECIFIED.);
#425=B_SPLINE_CURVE_WITH_KNOTS('',3,(#3436,#3437,#3438,#3439,#3440,#3441,
#3442,#3443,#3444,#3445,#3446,#3447,#3448,#3449,#3450,#3451,#3452,#3453,
#3454,#3455,#3456,#3457,#3458,#3459,#3460,#3461,#3462,#3463),
 .UNSPECIFIED.,.F.,.F.,(4,3,3,3,3,3,3,3,3,4),(0.00150561783055912,0.00165729253175679,
0.00180186927519035,0.00193720441080197,0.00201541451660034,0.00202248979392315,
0.00217832427066396,0.00232846546823089,0.00247055811425593,0.00252521120264156),
 .UNSPECIFIED.);
#426=B_SPLINE_CURVE_WITH_KNOTS('',3,(#3467,#3468,#3469,#3470,#3471,#3472),
 .UNSPECIFIED.,.F.,.F.,(4,2,4),(5.83946176292831E-10,0.000812354179927991,
0.00162470835985598),.UNSPECIFIED.);
#427=B_SPLINE_CURVE_WITH_KNOTS('',3,(#3476,#3477,#3478,#3479,#3480,#3481),
 .UNSPECIFIED.,.F.,.F.,(4,2,4),(6.95243322195995E-18,0.000509250566171175,
0.00101850113234234),.UNSPECIFIED.);
#428=B_SPLINE_CURVE_WITH_KNOTS('',3,(#3485,#3486,#3487,#3488,#3489,#3490,
#3491,#3492,#3493,#3494,#3495,#3496,#3497,#3498,#3499,#3500,#3501,#3502,
#3503,#3504,#3505,#3506,#3507,#3508,#3509,#3510,#3511,#3512),
 .UNSPECIFIED.,.F.,.F.,(4,3,3,3,3,3,3,3,3,4),(0.00150561783055912,0.00165729253175237,
0.00180186927518181,0.00193720441078881,0.00201541451660034,0.00202248979392316,
0.00217832427070527,0.00232846546829757,0.00247055811433189,0.00252521120264156),
 .UNSPECIFIED.);
#429=B_SPLINE_CURVE_WITH_KNOTS('',3,(#3516,#3517,#3518,#3519,#3520,#3521),
 .UNSPECIFIED.,.F.,.F.,(4,2,4),(5.83946172229434E-10,0.000812354179927989,
0.00162470835985598),.UNSPECIFIED.);
#430=B_SPLINE_CURVE_WITH_KNOTS('',3,(#3525,#3526,#3527,#3528,#3529,#3530),
 .UNSPECIFIED.,.F.,.F.,(4,2,4),(6.93889390390723E-18,0.000509250566171176,
0.00101850113234234),.UNSPECIFIED.);
#431=B_SPLINE_CURVE_WITH_KNOTS('',3,(#3534,#3535,#3536,#3537,#3538,#3539,
#3540,#3541,#3542,#3543,#3544,#3545,#3546,#3547,#3548,#3549,#3550,#3551,
#3552,#3553,#3554,#3555,#3556,#3557,#3558,#3559,#3560,#3561),
 .UNSPECIFIED.,.F.,.F.,(4,3,3,3,3,3,3,3,3,4),(0.00150561783055912,0.00165729253177459,
0.0018018692752242,0.00193720441085216,0.00201541451660034,0.00202248979392317,
0.00217832427069886,0.00232846546829585,0.00247055811435175,0.00252521120264156),
 .UNSPECIFIED.);
#432=B_SPLINE_CURVE_WITH_KNOTS('',3,(#3565,#3566,#3567,#3568,#3569,#3570),
 .UNSPECIFIED.,.F.,.F.,(4,2,4),(5.83946172968889E-10,0.000812354179927991,
0.00162470835985598),.UNSPECIFIED.);
#433=B_SPLINE_CURVE_WITH_KNOTS('',3,(#3574,#3575,#3576,#3577,#3578,#3579),
 .UNSPECIFIED.,.F.,.F.,(4,2,4),(6.93889390390723E-18,0.000509250566171176,
0.00101850113234235),.UNSPECIFIED.);
#434=B_SPLINE_CURVE_WITH_KNOTS('',3,(#3588,#3589,#3590,#3591),
 .UNSPECIFIED.,.F.,.F.,(4,4),(5.83946178772483E-10,2.63957321208574E-5),
 .UNSPECIFIED.);
#435=B_SPLINE_CURVE_WITH_KNOTS('',3,(#3616,#3617,#3618,#3619,#3620),
 .UNSPECIFIED.,.F.,.F.,(4,1,4),(0.,0.457481769446964,1.),.UNSPECIFIED.);
#436=B_SPLINE_CURVE_WITH_KNOTS('',3,(#3621,#3622,#3623,#3624,#3625),
 .UNSPECIFIED.,.F.,.F.,(4,1,4),(0.,0.457481769446964,1.),.UNSPECIFIED.);
#437=B_SPLINE_CURVE_WITH_KNOTS('',3,(#3642,#3643,#3644,#3645,#3646,#3647,
#3648,#3649,#3650,#3651,#3652,#3653),.UNSPECIFIED.,.F.,.F.,(4,2,2,2,2,4),
(0.,0.0145189046431578,0.0310136834858181,0.047129741430543,0.0672082879526625,
0.0676395239703892),.UNSPECIFIED.);
#438=B_SPLINE_CURVE_WITH_KNOTS('',3,(#3659,#3660,#3661,#3662,#3663,#3664,
#3665,#3666,#3667,#3668,#3669,#3670,#3671,#3672),.UNSPECIFIED.,.F.,.F.,
(4,2,2,2,2,2,4),(0.,0.00759706229925884,0.0159146405669136,0.0340821442472665,
0.0486889227888923,0.066828684087612,0.067257260115217),.UNSPECIFIED.);
#439=B_SPLINE_CURVE_WITH_KNOTS('',3,(#3680,#3681,#3682,#3683,#3684,#3685,
#3686,#3687,#3688,#3689,#3690,#3691),.UNSPECIFIED.,.F.,.F.,(4,2,2,2,2,4),
(0.,0.00788449135386481,0.0165382670698583,0.0354259763923241,0.0706498396997578,
0.0711087667766602),.UNSPECIFIED.);
#440=B_SPLINE_CURVE_WITH_KNOTS('',3,(#3694,#3695,#3696,#3697,#3698,#3699,
#3700,#3701,#3702,#3703,#3704,#3705),.UNSPECIFIED.,.F.,.F.,(4,2,2,2,2,4),
(-0.000178046107453657,1.23174954060772E-7,0.0096148858581197,0.0170681413150186,
0.0239399807916855,0.0299997430242703),.UNSPECIFIED.);
#441=B_SPLINE_CURVE_WITH_KNOTS('',3,(#3713,#3714,#3715,#3716,#3717,#3718,
#3719,#3720,#3721,#3722,#3723,#3724),.UNSPECIFIED.,.F.,.F.,(4,2,2,2,2,4),
(-0.000178046183217046,1.23176150135641E-7,0.0112889151333606,0.0199443559230491,
0.0252858436602005,0.0300489134016953),.UNSPECIFIED.);
#442=B_SPLINE_CURVE_WITH_KNOTS('',3,(#3730,#3731,#3732,#3733,#3734,#3735,
#3736,#3737,#3738,#3739,#3740,#3741),.UNSPECIFIED.,.F.,.F.,(4,2,2,2,2,4),
(-0.000178237060411306,1.23174906557647E-7,0.00949612190730777,0.0168625132045365,
0.0238510149927451,0.0300097436094536),.UNSPECIFIED.);
#443=B_SPLINE_CURVE_WITH_KNOTS('',3,(#3828,#3829,#3830,#3831,#3832,#3833,
#3834,#3835,#3836,#3837,#3838,#3839,#3840,#3841,#3842,#3843,#3844,#3845,
#3846,#3847,#3848,#3849,#3850,#3851,#3852,#3853,#3854,#3855,#3856),
 .UNSPECIFIED.,.F.,.F.,(4,1,1,1,1,1,1,1,1,1,1,1,1,1,1,1,1,1,1,1,1,1,1,1,
1,1,4),(-4.70371974703454E-9,0.0140986387073446,0.029997314181791,0.0475227484309361,
0.0813646005159452,0.0955989640588701,0.10324250504047,0.120144918181177,
0.134649016144693,0.149953340348836,0.162268090507574,0.183784724658265,
0.21262649667918,0.225341630169589,0.234856856248262,0.250850824581799,
0.260666894666362,0.272908438797788,0.292518786343925,0.312495019627483,
0.332453397056493,0.347210598566308,0.361835152786592,0.38491972636127,
0.440673192124331,0.492908998009182,0.500000000000077),.UNSPECIFIED.);
#444=B_SPLINE_CURVE_WITH_KNOTS('',3,(#3860,#3861,#3862,#3863,#3864,#3865,
#3866,#3867,#3868,#3869,#3870,#3871,#3872,#3873,#3874,#3875,#3876,#3877,
#3878,#3879,#3880,#3881,#3882,#3883,#3884,#3885,#3886,#3887,#3888),
 .UNSPECIFIED.,.F.,.F.,(4,1,1,1,1,1,1,1,1,1,1,1,1,1,1,1,1,1,1,1,1,1,1,1,
1,1,4),(-4.70371974703454E-9,0.0140986387073446,0.029997314181791,0.0475227484309361,
0.0813646005159452,0.0955989640588701,0.10324250504047,0.120144918181177,
0.134649016144693,0.149953340348836,0.162268090507574,0.183784724658265,
0.21262649667918,0.225341630169589,0.234856856248262,0.250850824581799,
0.260666894666362,0.272908438797788,0.292518786343925,0.312495019627483,
0.332453397056493,0.347210598566308,0.361835152786592,0.38491972636127,
0.440673192124331,0.492908998009182,0.500000000000077),.UNSPECIFIED.);
#445=B_SPLINE_CURVE_WITH_KNOTS('',3,(#3926,#3927,#3928,#3929,#3930,#3931,
#3932,#3933,#3934,#3935,#3936,#3937,#3938,#3939,#3940,#3941,#3942),
 .UNSPECIFIED.,.F.,.F.,(4,1,1,1,1,1,1,1,1,1,1,1,1,1,4),(0.499999987779743,
0.53125,0.5625,0.625,0.6875,0.75,0.8125,0.84375,0.875,0.90625,0.9375,0.953125,
0.96875,0.984375,1.),.UNSPECIFIED.);
#446=B_SPLINE_CURVE_WITH_KNOTS('',3,(#3946,#3947,#3948,#3949,#3950,#3951,
#3952,#3953,#3954,#3955,#3956,#3957,#3958,#3959,#3960,#3961,#3962),
 .UNSPECIFIED.,.F.,.F.,(4,1,1,1,1,1,1,1,1,1,1,1,1,1,4),(0.499999987779743,
0.53125,0.5625,0.625,0.6875,0.75,0.8125,0.84375,0.875,0.90625,0.9375,0.953125,
0.96875,0.984375,1.),.UNSPECIFIED.);
#447=B_SPLINE_CURVE_WITH_KNOTS('',3,(#3968,#3969,#3970,#3971,#3972,#3973),
 .UNSPECIFIED.,.F.,.F.,(4,2,4),(3.46944695195361E-18,0.000248934530222248,
0.000497869060444492),.UNSPECIFIED.);
#448=B_SPLINE_CURVE_WITH_KNOTS('',3,(#3974,#3975,#3976,#3977,#3978,#3979),
 .UNSPECIFIED.,.F.,.F.,(4,2,4),(4.43712967841287E-17,0.000248934530222757,
0.000497869060445469),.UNSPECIFIED.);
#449=B_SPLINE_CURVE_WITH_KNOTS('',3,(#3980,#3981,#3982,#3983,#3984,#3985),
 .UNSPECIFIED.,.F.,.F.,(4,2,4),(3.73670872517614E-17,0.000248934530222751,
0.000497869060445464),.UNSPECIFIED.);
#450=B_SPLINE_CURVE_WITH_KNOTS('',3,(#3986,#3987,#3988,#3989,#3990,#3991),
 .UNSPECIFIED.,.F.,.F.,(4,2,4),(3.03576608295941E-18,0.000248934530222246,
0.000497869060444488),.UNSPECIFIED.);
#451=B_SPLINE_CURVE_WITH_KNOTS('',3,(#3992,#3993,#3994,#3995,#3996,#3997),
 .UNSPECIFIED.,.F.,.F.,(4,2,4),(2.60208521396521E-18,0.000248934530233651,
0.0004978690604673),.UNSPECIFIED.);
#452=B_SPLINE_CURVE_WITH_KNOTS('',3,(#3998,#3999,#4000,#4001,#4002,#4003),
 .UNSPECIFIED.,.F.,.F.,(4,2,4),(3.80157832311128E-17,0.000248934530222747,
0.000497869060445457),.UNSPECIFIED.);
#453=B_SPLINE_CURVE_WITH_KNOTS('',3,(#4004,#4005,#4006,#4007,#4008,#4009),
 .UNSPECIFIED.,.F.,.F.,(4,2,4),(4.25007251614318E-17,0.000248934530222751,
0.000497869060445459),.UNSPECIFIED.);
#454=B_SPLINE_CURVE_WITH_KNOTS('',3,(#4011,#4012,#4013,#4014,#4015,#4016),
 .UNSPECIFIED.,.F.,.F.,(4,2,4),(3.46944695195361E-18,0.000248934530222252,
0.0004978690604445),.UNSPECIFIED.);
#455=B_SPLINE_CURVE_WITH_KNOTS('',3,(#4018,#4019,#4020,#4021,#4022,#4023),
 .UNSPECIFIED.,.F.,.F.,(4,2,4),(3.85659110122972E-17,0.000248934530222753,
0.000497869060445467),.UNSPECIFIED.);
#456=B_SPLINE_CURVE_WITH_KNOTS('',3,(#4024,#4025,#4026,#4027,#4028,#4029),
 .UNSPECIFIED.,.F.,.F.,(4,2,4),(3.71247035873974E-17,0.000248934530222751,
0.000497869060445464),.UNSPECIFIED.);
#457=B_SPLINE_CURVE_WITH_KNOTS('',3,(#4030,#4031,#4032,#4033,#4034,#4035),
 .UNSPECIFIED.,.F.,.F.,(4,2,4),(3.79291050027594E-17,0.000248934530222751,
0.000497869060445465),.UNSPECIFIED.);
#458=B_SPLINE_CURVE_WITH_KNOTS('',3,(#4036,#4037,#4038,#4039,#4040,#4041),
 .UNSPECIFIED.,.F.,.F.,(4,2,4),(4.3197880437726E-17,0.00024893453023385,
0.000497869060467657),.UNSPECIFIED.);
#459=B_SPLINE_CURVE_WITH_KNOTS('',3,(#4042,#4043,#4044,#4045,#4046,#4047),
 .UNSPECIFIED.,.F.,.F.,(4,2,4),(3.79885628132667E-17,0.000248934530222735,
0.000497869060445432),.UNSPECIFIED.);
#460=B_SPLINE_CURVE_WITH_KNOTS('',3,(#4048,#4049,#4050,#4051,#4052,#4053),
 .UNSPECIFIED.,.F.,.F.,(4,2,4),(3.82033216616167E-17,0.000248934530222749,
0.000497869060445459),.UNSPECIFIED.);
#461=B_SPLINE_CURVE_WITH_KNOTS('',3,(#4054,#4055,#4056,#4057,#4058,#4059),
 .UNSPECIFIED.,.F.,.F.,(4,2,4),(3.92906251038068E-17,0.00024893453022275,
0.000497869060445461),.UNSPECIFIED.);
#462=B_SPLINE_CURVE_WITH_KNOTS('',3,(#4069,#4070,#4071,#4072,#4073,#4074,
#4075,#4076,#4077,#4078,#4079,#4080,#4081,#4082,#4083,#4084,#4085,#4086,
#4087,#4088,#4089,#4090,#4091,#4092,#4093,#4094,#4095,#4096,#4097,#4098,
#4099,#4100,#4101,#4102,#4103,#4104,#4105),.UNSPECIFIED.,.F.,.F.,(4,3,3,
3,3,3,3,3,3,3,3,3,4),(0.00150417822385285,0.001655616227514,0.00170832578214745,
0.0018550158974047,0.00191247334044204,0.00201454711958934,0.0020214301753775,
0.00205282478676958,0.00208631774555229,0.00218634169398099,0.00220354310129177,
0.0022621557791615,0.00232076845703124),.UNSPECIFIED.);
#463=B_SPLINE_CURVE_WITH_KNOTS('',3,(#4110,#4111,#4112,#4113,#4114,#4115,
#4116,#4117,#4118,#4119,#4120,#4121,#4122,#4123,#4124,#4125,#4126,#4127,
#4128,#4129,#4130,#4131,#4132,#4133,#4134,#4135,#4136,#4137,#4138,#4139,
#4140,#4141,#4142,#4143,#4144,#4145,#4146,#4147,#4148,#4149,#4150,#4151,
#4152,#4153,#4154,#4155,#4156,#4157,#4158),.UNSPECIFIED.,.F.,.F.,(4,1,1,
1,1,1,1,1,1,1,1,1,1,1,1,1,1,1,1,1,1,1,1,1,1,1,1,1,1,1,1,1,1,1,1,1,1,1,1,
1,1,1,1,1,1,1,4),(0.,0.00781250000000012,0.0156250000000002,0.0234375000000003,
0.0312500000000005,0.0468750000000007,0.0625000000000009,0.070312500000001,
0.0781250000000012,0.0859375000000013,0.0937500000000014,0.101562500000002,
0.109375000000002,0.117187500000002,0.125000000000002,0.132812500000002,
0.140625000000002,0.148437500000002,0.156250000000002,0.171875000000003,
0.187500000000003,0.203125000000003,0.210937500000003,0.218750000000003,
0.226562500000003,0.234375000000003,0.238281250000004,0.242187500000004,
0.250000000000004,0.257812500000004,0.265625000000004,0.273437500000004,
0.281250000000004,0.296875000000004,0.312500000000005,0.328125000000005,
0.335937500000005,0.343750000000005,0.359375000000005,0.367187500000005,
0.375000000000006,0.390625000000006,0.406250000000006,0.421875000000006,
0.437500000000006,0.468750000000007,0.500000000000007),.UNSPECIFIED.);
#464=B_SPLINE_CURVE_WITH_KNOTS('',3,(#4279,#4280,#4281,#4282,#4283,#4284,
#4285,#4286,#4287,#4288,#4289,#4290,#4291,#4292,#4293,#4294,#4295,#4296,
#4297,#4298,#4299,#4300,#4301,#4302,#4303,#4304,#4305,#4306,#4307,#4308,
#4309,#4310,#4311,#4312,#4313,#4314,#4315,#4316,#4317,#4318,#4319,#4320,
#4321,#4322,#4323,#4324,#4325,#4326,#4327),.UNSPECIFIED.,.F.,.F.,(4,1,1,
1,1,1,1,1,1,1,1,1,1,1,1,1,1,1,1,1,1,1,1,1,1,1,1,1,1,1,1,1,1,1,1,1,1,1,1,
1,1,1,1,1,1,1,4),(0.,0.00781250000000012,0.0156250000000002,0.0234375000000003,
0.0312500000000005,0.0468750000000007,0.0625000000000009,0.070312500000001,
0.0781250000000012,0.0859375000000013,0.0937500000000014,0.101562500000002,
0.109375000000002,0.117187500000002,0.125000000000002,0.132812500000002,
0.140625000000002,0.148437500000002,0.156250000000002,0.171875000000003,
0.187500000000003,0.203125000000003,0.210937500000003,0.218750000000003,
0.226562500000003,0.234375000000003,0.238281250000004,0.242187500000004,
0.250000000000004,0.257812500000004,0.265625000000004,0.273437500000004,
0.281250000000004,0.296875000000004,0.312500000000005,0.328125000000005,
0.335937500000005,0.343750000000005,0.359375000000005,0.367187500000005,
0.375000000000006,0.390625000000006,0.406250000000006,0.421875000000006,
0.437500000000006,0.468750000000007,0.500000000000007),.UNSPECIFIED.);
#465=B_SPLINE_CURVE_WITH_KNOTS('',3,(#4329,#4330,#4331,#4332,#4333,#4334,
#4335,#4336,#4337,#4338),.UNSPECIFIED.,.F.,.F.,(4,1,1,1,1,1,1,4),(0.499999999999954,
0.564338220684957,0.647700513940533,0.722716978834698,0.808600330145833,
0.885886378515132,0.954155647256054,1.),.UNSPECIFIED.);
#466=B_SPLINE_CURVE_WITH_KNOTS('',3,(#4359,#4360,#4361,#4362,#4363,#4364,
#4365,#4366,#4367,#4368),.UNSPECIFIED.,.F.,.F.,(4,1,1,1,1,1,1,4),(0.500000000000077,
0.564338220684957,0.647700513940533,0.722716978834698,0.808600330145833,
0.885886378515132,0.954155647256054,1.),.UNSPECIFIED.);
#467=B_SPLINE_CURVE_WITH_KNOTS('',3,(#4409,#4410,#4411,#4412,#4413,#4414,
#4415,#4416,#4417,#4418),.UNSPECIFIED.,.F.,.F.,(4,2,2,2,4),(-0.0509159572767358,
-0.0381708122567646,-0.0255100309326144,-0.0127311514605117,0.),
 .UNSPECIFIED.);
#468=B_SPLINE_CURVE_WITH_KNOTS('',3,(#4420,#4421,#4422,#4423,#4424,#4425),
 .UNSPECIFIED.,.F.,.F.,(4,2,4),(-0.0236225533310442,-0.0118102662777126,
0.),.UNSPECIFIED.);
#469=B_SPLINE_CURVE_WITH_KNOTS('',3,(#4426,#4427,#4428,#4429,#4430,#4431,
#4432,#4433,#4434,#4435),.UNSPECIFIED.,.F.,.F.,(4,2,2,2,4),(-0.0510502051930635,
-0.0383160288368053,-0.0255391504432228,-0.0128189294149037,0.),
 .UNSPECIFIED.);
#470=B_SPLINE_CURVE_WITH_KNOTS('',3,(#4457,#4458,#4459,#4460,#4461,#4462,
#4463,#4464,#4465,#4466,#4467,#4468),.UNSPECIFIED.,.F.,.F.,(4,2,2,2,2,4),
(-0.0299723453982413,-0.0234524187172249,-0.0160432108226066,-0.00902787018441068,
-1.2317429562772E-7,0.000178046137157536),.UNSPECIFIED.);
#471=B_SPLINE_CURVE_WITH_KNOTS('',3,(#4506,#4507,#4508,#4509,#4510,#4511,
#4512,#4513,#4514,#4515,#4516,#4517),.UNSPECIFIED.,.F.,.F.,(4,2,2,2,2,4),
(0.,0.0147456990148497,0.0315030820715225,0.0473696254961431,0.0671268706168026,
0.0675573927153561),.UNSPECIFIED.);
#472=B_SPLINE_CURVE_WITH_KNOTS('',3,(#4547,#4548,#4549,#4550,#4551,#4552,
#4553,#4554,#4555,#4556),.UNSPECIFIED.,.F.,.F.,(4,2,2,2,4),(-0.0509159572780853,
-0.0381708122577649,-0.0255100309332651,-0.0127311514608201,0.),
 .UNSPECIFIED.);
#473=B_SPLINE_CURVE_WITH_KNOTS('',3,(#4558,#4559,#4560,#4561,#4562,#4563),
 .UNSPECIFIED.,.F.,.F.,(4,2,4),(-0.0236225533298764,-0.0118102662770821,
0.),.UNSPECIFIED.);
#474=B_SPLINE_CURVE_WITH_KNOTS('',3,(#4564,#4565,#4566,#4567,#4568,#4569,
#4570,#4571,#4572,#4573),.UNSPECIFIED.,.F.,.F.,(4,2,2,2,4),(-0.0510502051930819,
-0.0383160288368148,-0.0255391504432301,-0.0128189294149045,0.),
 .UNSPECIFIED.);
#475=B_SPLINE_CURVE_WITH_KNOTS('',3,(#4580,#4581,#4582,#4583,#4584,#4585,
#4586,#4587,#4588,#4589),.UNSPECIFIED.,.F.,.F.,(4,2,2,2,4),(-0.050915957278094,
-0.0381708122577642,-0.0255100309332578,-0.0127311514608195,0.),
 .UNSPECIFIED.);
#476=B_SPLINE_CURVE_WITH_KNOTS('',3,(#4591,#4592,#4593,#4594,#4595,#4596),
 .UNSPECIFIED.,.F.,.F.,(4,2,4),(-0.0236225533298403,-0.0118102662770695,
0.),.UNSPECIFIED.);
#477=B_SPLINE_CURVE_WITH_KNOTS('',3,(#4597,#4598,#4599,#4600,#4601,#4602,
#4603,#4604,#4605,#4606),.UNSPECIFIED.,.F.,.F.,(4,2,2,2,4),(-0.0510502051930767,
-0.0383160288368111,-0.025539150443223,-0.0128189294149025,0.),
 .UNSPECIFIED.);
#478=B_SPLINE_CURVE_WITH_KNOTS('',3,(#4613,#4614,#4615,#4616,#4617,#4618,
#4619,#4620,#4621,#4622),.UNSPECIFIED.,.F.,.F.,(4,2,2,2,4),(-0.0510091659251849,
-0.0382358554086033,-0.0255364340373177,-0.0127396838890096,0.),
 .UNSPECIFIED.);
#479=B_SPLINE_CURVE_WITH_KNOTS('',3,(#4624,#4625,#4626,#4627,#4628,#4629),
 .UNSPECIFIED.,.F.,.F.,(4,2,4),(-0.023622553329839,-0.0118102662770496,
0.),.UNSPECIFIED.);
#480=B_SPLINE_CURVE_WITH_KNOTS('',3,(#4630,#4631,#4632,#4633,#4634,#4635,
#4636,#4637,#4638,#4639),.UNSPECIFIED.,.F.,.F.,(4,2,2,2,4),(-0.051045493858683,
-0.0383182817894276,-0.0255369352141779,-0.0128125276785184,0.),
 .UNSPECIFIED.);
#481=B_SPLINE_CURVE_WITH_KNOTS('',3,(#4649,#4650,#4651,#4652,#4653,#4654,
#4655,#4656,#4657,#4658),.UNSPECIFIED.,.F.,.F.,(4,2,2,2,4),(-0.0509159572780994,
-0.0381708122577726,-0.0255100309332674,-0.012731151460823,0.),
 .UNSPECIFIED.);
#482=B_SPLINE_CURVE_WITH_KNOTS('',3,(#4660,#4661,#4662,#4663,#4664,#4665),
 .UNSPECIFIED.,.F.,.F.,(4,2,4),(-0.0236225533298472,-0.0118102662770551,
0.),.UNSPECIFIED.);
#483=B_SPLINE_CURVE_WITH_KNOTS('',3,(#4666,#4667,#4668,#4669,#4670,#4671,
#4672,#4673,#4674,#4675),.UNSPECIFIED.,.F.,.F.,(4,2,2,2,4),(-0.0510502051930197,
-0.0383160288367418,-0.0255391504431791,-0.0128189294148883,0.),
 .UNSPECIFIED.);
#484=B_SPLINE_CURVE_WITH_KNOTS('',3,(#4685,#4686,#4687,#4688,#4689,#4690,
#4691,#4692,#4693,#4694),.UNSPECIFIED.,.F.,.F.,(4,2,2,2,4),(-0.0509159572781717,
-0.0381708122578312,-0.0255100309332973,-0.0127311514608256,0.),
 .UNSPECIFIED.);
#485=B_SPLINE_CURVE_WITH_KNOTS('',3,(#4696,#4697,#4698,#4699,#4700,#4701),
 .UNSPECIFIED.,.F.,.F.,(4,2,4),(-0.023622553329914,-0.0118102662770752,
0.),.UNSPECIFIED.);
#486=B_SPLINE_CURVE_WITH_KNOTS('',3,(#4702,#4703,#4704,#4705,#4706,#4707,
#4708,#4709,#4710,#4711),.UNSPECIFIED.,.F.,.F.,(4,2,2,2,4),(-0.051050205181635,
-0.0383160288530819,-0.0255391504833576,-0.0128189294351937,0.),
 .UNSPECIFIED.);
#487=B_SPLINE_CURVE_WITH_KNOTS('',3,(#4721,#4722,#4723,#4724,#4725,#4726,
#4727,#4728,#4729,#4730),.UNSPECIFIED.,.F.,.F.,(4,2,2,2,4),(-0.0509159572781423,
-0.038170812257805,-0.0255100309332822,-0.0127311514608232,0.),
 .UNSPECIFIED.);
#488=B_SPLINE_CURVE_WITH_KNOTS('',3,(#4732,#4733,#4734,#4735,#4736,#4737),
 .UNSPECIFIED.,.F.,.F.,(4,2,4),(-0.023622553329934,-0.0118102662770918,
0.),.UNSPECIFIED.);
#489=B_SPLINE_CURVE_WITH_KNOTS('',3,(#4738,#4739,#4740,#4741,#4742,#4743,
#4744,#4745,#4746,#4747),.UNSPECIFIED.,.F.,.F.,(4,2,2,2,4),(-0.0510502051929559,
-0.0383160288367139,-0.025539150443178,-0.0128189294148884,0.),
 .UNSPECIFIED.);
#490=B_SPLINE_CURVE_WITH_KNOTS('',3,(#4757,#4758,#4759,#4760,#4761,#4762,
#4763,#4764,#4765,#4766),.UNSPECIFIED.,.F.,.F.,(4,2,2,2,4),(-0.0509159572781625,
-0.0381708122578307,-0.0255100309333077,-0.0127311514608355,0.),
 .UNSPECIFIED.);
#491=B_SPLINE_CURVE_WITH_KNOTS('',3,(#4768,#4769,#4770,#4771,#4772,#4773),
 .UNSPECIFIED.,.F.,.F.,(4,2,4),(-0.0236225533298653,-0.0118102662770649,
0.),.UNSPECIFIED.);
#492=B_SPLINE_CURVE_WITH_KNOTS('',3,(#4774,#4775,#4776,#4777,#4778,#4779,
#4780,#4781,#4782,#4783),.UNSPECIFIED.,.F.,.F.,(4,2,2,2,4),(-0.0510502051930181,
-0.0383160288367721,-0.0255391504432149,-0.0128189294149007,0.),
 .UNSPECIFIED.);
#493=B_SPLINE_CURVE_WITH_KNOTS('',3,(#4793,#4794,#4795,#4796,#4797,#4798,
#4799,#4800,#4801,#4802),.UNSPECIFIED.,.F.,.F.,(4,2,2,2,4),(-0.0509159572780976,
-0.0381708122577707,-0.0255100309332635,-0.0127311514608207,0.),
 .UNSPECIFIED.);
#494=B_SPLINE_CURVE_WITH_KNOTS('',3,(#4804,#4805,#4806,#4807,#4808,#4809),
 .UNSPECIFIED.,.F.,.F.,(4,2,4),(-0.023622553329833,-0.0118102662770524,
0.),.UNSPECIFIED.);
#495=B_SPLINE_CURVE_WITH_KNOTS('',3,(#4810,#4811,#4812,#4813,#4814,#4815,
#4816,#4817,#4818,#4819),.UNSPECIFIED.,.F.,.F.,(4,2,2,2,4),(-0.0510502051816388,
-0.0383160288530934,-0.0255391504833667,-0.0128189294351963,0.),
 .UNSPECIFIED.);
#496=B_SPLINE_CURVE_WITH_KNOTS('',3,(#4826,#4827,#4828,#4829,#4830,#4831,
#4832,#4833,#4834,#4835),.UNSPECIFIED.,.F.,.F.,(4,2,2,2,4),(-0.0510091659253109,
-0.0382358554087088,-0.025536434037376,-0.0127396838890256,0.),
 .UNSPECIFIED.);
#497=B_SPLINE_CURVE_WITH_KNOTS('',3,(#4837,#4838,#4839,#4840,#4841,#4842),
 .UNSPECIFIED.,.F.,.F.,(4,2,4),(-0.0236225533298174,-0.0118102662770349,
0.),.UNSPECIFIED.);
#498=B_SPLINE_CURVE_WITH_KNOTS('',3,(#4843,#4844,#4845,#4846,#4847,#4848,
#4849,#4850,#4851,#4852),.UNSPECIFIED.,.F.,.F.,(4,2,2,2,4),(-0.0510454938586783,
-0.0383182817894354,-0.0255369352141884,-0.0128125276785229,0.),
 .UNSPECIFIED.);
#499=B_SPLINE_CURVE_WITH_KNOTS('',3,(#4859,#4860,#4861,#4862,#4863,#4864,
#4865,#4866,#4867,#4868),.UNSPECIFIED.,.F.,.F.,(4,2,2,2,4),(-0.0509159572781083,
-0.0381708122577813,-0.0255100309332667,-0.012731151460819,0.),
 .UNSPECIFIED.);
#500=B_SPLINE_CURVE_WITH_KNOTS('',3,(#4870,#4871,#4872,#4873,#4874,#4875),
 .UNSPECIFIED.,.F.,.F.,(4,2,4),(-0.0236225533298978,-0.0118102662770854,
0.),.UNSPECIFIED.);
#501=B_SPLINE_CURVE_WITH_KNOTS('',3,(#4876,#4877,#4878,#4879,#4880,#4881,
#4882,#4883,#4884,#4885),.UNSPECIFIED.,.F.,.F.,(4,2,2,2,4),(-0.0510502051816746,
-0.0383160288531068,-0.025539150483371,-0.0128189294351969,0.),
 .UNSPECIFIED.);
#502=B_SPLINE_CURVE_WITH_KNOTS('',3,(#4895,#4896,#4897,#4898,#4899,#4900,
#4901,#4902,#4903,#4904),.UNSPECIFIED.,.F.,.F.,(4,2,2,2,4),(-0.0510091659238014,
-0.0382358554075719,-0.0255364340366443,-0.0127396838886856,0.),
 .UNSPECIFIED.);
#503=B_SPLINE_CURVE_WITH_KNOTS('',3,(#4906,#4907,#4908,#4909,#4910,#4911),
 .UNSPECIFIED.,.F.,.F.,(4,2,4),(-0.0236225533310872,-0.0118102662777106,
0.),.UNSPECIFIED.);
#504=B_SPLINE_CURVE_WITH_KNOTS('',3,(#4912,#4913,#4914,#4915,#4916,#4917,
#4918,#4919,#4920,#4921),.UNSPECIFIED.,.F.,.F.,(4,2,2,2,4),(-0.0510454938587931,
-0.0383182817894919,-0.0255369352141964,-0.0128125276785213,0.),
 .UNSPECIFIED.);
#505=B_SPLINE_CURVE_WITH_KNOTS('',3,(#4928,#4929,#4930,#4931,#4932,#4933,
#4934,#4935,#4936,#4937),.UNSPECIFIED.,.F.,.F.,(4,2,2,2,4),(-0.0509159572781244,
-0.0381708122578076,-0.0255100309332932,-0.0127311514608306,0.),
 .UNSPECIFIED.);
#506=B_SPLINE_CURVE_WITH_KNOTS('',3,(#4939,#4940,#4941,#4942,#4943,#4944),
 .UNSPECIFIED.,.F.,.F.,(4,2,4),(-0.0236225533299849,-0.01181026627713,0.),
 .UNSPECIFIED.);
#507=B_SPLINE_CURVE_WITH_KNOTS('',3,(#4945,#4946,#4947,#4948,#4949,#4950,
#4951,#4952,#4953,#4954),.UNSPECIFIED.,.F.,.F.,(4,2,2,2,4),(-0.0510502051931079,
-0.0383160288368284,-0.0255391504432351,-0.0128189294149084,0.),
 .UNSPECIFIED.);
#508=B_SPLINE_CURVE_WITH_KNOTS('',3,(#4961,#4962,#4963,#4964,#4965,#4966,
#4967,#4968,#4969,#4970),.UNSPECIFIED.,.F.,.F.,(4,2,2,2,4),(-0.0509159572782202,
-0.0381708122578657,-0.0255100309333154,-0.0127311514608359,0.),
 .UNSPECIFIED.);
#509=B_SPLINE_CURVE_WITH_KNOTS('',3,(#4972,#4973,#4974,#4975,#4976,#4977),
 .UNSPECIFIED.,.F.,.F.,(4,2,4),(-0.0236225533298888,-0.0118102662770735,
0.),.UNSPECIFIED.);
#510=B_SPLINE_CURVE_WITH_KNOTS('',3,(#4978,#4979,#4980,#4981,#4982,#4983,
#4984,#4985,#4986,#4987),.UNSPECIFIED.,.F.,.F.,(4,2,2,2,4),(-0.0510502051816624,
-0.0383160288530945,-0.0255391504833588,-0.012818929435194,0.),
 .UNSPECIFIED.);
#511=B_SPLINE_CURVE_WITH_KNOTS('',3,(#4997,#4998,#4999,#5000,#5001,#5002,
#5003,#5004,#5005,#5006),.UNSPECIFIED.,.F.,.F.,(4,2,2,2,4),(-0.05100916592522,
-0.038235855408627,-0.0255364340373258,-0.01273968388901,0.),
 .UNSPECIFIED.);
#512=B_SPLINE_CURVE_WITH_KNOTS('',3,(#5008,#5009,#5010,#5011,#5012,#5013),
 .UNSPECIFIED.,.F.,.F.,(4,2,4),(-0.0236225533297874,-0.0118102662770341,
0.),.UNSPECIFIED.);
#513=B_SPLINE_CURVE_WITH_KNOTS('',3,(#5014,#5015,#5016,#5017,#5018,#5019,
#5020,#5021,#5022,#5023),.UNSPECIFIED.,.F.,.F.,(4,2,2,2,4),(-0.051045493869873,
-0.0383182817737186,-0.0255369351752977,-0.0128125276588714,0.),
 .UNSPECIFIED.);
#514=B_SPLINE_CURVE_WITH_KNOTS('',3,(#5045,#5046,#5047,#5048,#5049,#5050,
#5051,#5052,#5053,#5054,#5055,#5056),.UNSPECIFIED.,.F.,.F.,(4,2,2,2,2,4),
(-0.029972347281605,-0.0234524201595092,-0.0160432117636504,-0.00902787065086818,
-1.23174299967999E-7,0.000178046178124573),.UNSPECIFIED.);
#515=B_SPLINE_CURVE_WITH_KNOTS('',3,(#5094,#5095,#5096,#5097,#5098,#5099,
#5100,#5101,#5102,#5103,#5104,#5105),.UNSPECIFIED.,.F.,.F.,(4,2,2,2,2,4),
(0.,0.0147456990148525,0.0315030820715232,0.0473696254961414,0.0671268709818593,
0.0675573930239592),.UNSPECIFIED.);
#516=B_SPLINE_CURVE_WITH_KNOTS('',3,(#5147,#5148,#5149,#5150,#5151,#5152,
#5153,#5154,#5155,#5156,#5157,#5158),.UNSPECIFIED.,.F.,.F.,(4,2,2,2,2,4),
(-0.0299723459214595,-0.0234524191179256,-0.0160432110840507,-0.00902787031400545,
-1.23174287356559E-7,0.000178046148477835),.UNSPECIFIED.);
#517=B_SPLINE_CURVE_WITH_KNOTS('',3,(#5196,#5197,#5198,#5199,#5200,#5201,
#5202,#5203,#5204,#5205,#5206,#5207),.UNSPECIFIED.,.F.,.F.,(4,2,2,2,2,4),
(0.,0.0147456990148555,0.0315030820715163,0.047369625496144,0.0671268707987736,
0.067557392869478),.UNSPECIFIED.);
#518=B_SPLINE_CURVE_WITH_KNOTS('',3,(#5249,#5250,#5251,#5252,#5253,#5254,
#5255,#5256,#5257,#5258,#5259,#5260),.UNSPECIFIED.,.F.,.F.,(4,2,2,2,2,4),
(-0.0299723453900984,-0.0234524187109915,-0.0160432108185411,-0.00902787018240362,
-1.23174298646139E-7,0.000178046137087419),.UNSPECIFIED.);
#519=B_SPLINE_CURVE_WITH_KNOTS('',3,(#5298,#5299,#5300,#5301,#5302,#5303,
#5304,#5305,#5306,#5307,#5308,#5309),.UNSPECIFIED.,.F.,.F.,(4,2,2,2,2,4),
(0.,0.0147456990148565,0.0315030820715249,0.0473696254961513,0.0671268709207938,
0.0675573929724744),.UNSPECIFIED.);
#520=B_SPLINE_CURVE_WITH_KNOTS('',3,(#5386,#5387,#5388,#5389,#5390,#5391,
#5392,#5393,#5394,#5395,#5396,#5397),.UNSPECIFIED.,.F.,.F.,(4,2,2,2,2,4),
(0.,0.0147456990148464,0.0315030820715013,0.0473696254961136,0.0671268710874526,
0.0675573931131099),.UNSPECIFIED.);
#521=B_SPLINE_CURVE_WITH_KNOTS('',3,(#5474,#5475,#5476,#5477,#5478,#5479,
#5480,#5481,#5482,#5483,#5484,#5485),.UNSPECIFIED.,.F.,.F.,(4,2,2,2,2,4),
(0.,0.0147456990148847,0.0315030820716554,0.0473696254963718,0.0671268709135209,
0.0675573929660955),.UNSPECIFIED.);
#522=B_SPLINE_CURVE_WITH_KNOTS('',3,(#5562,#5563,#5564,#5565,#5566,#5567,
#5568,#5569,#5570,#5571,#5572,#5573),.UNSPECIFIED.,.F.,.F.,(4,2,2,2,2,4),
(0.,0.0147456990148525,0.0315030820715235,0.0473696254961404,0.067126870919682,
0.0675573929711114),.UNSPECIFIED.);
#523=B_SPLINE_CURVE_WITH_KNOTS('',3,(#5615,#5616,#5617,#5618,#5619,#5620,
#5621,#5622,#5623,#5624,#5625,#5626),.UNSPECIFIED.,.F.,.F.,(4,2,2,2,2,4),
(-0.0299723461535443,-0.0234524192956902,-0.0160432112000427,-0.00902787037149782,
-1.23174296047524E-7,0.000178046153547612),.UNSPECIFIED.);
#524=B_SPLINE_CURVE_WITH_KNOTS('',3,(#5664,#5665,#5666,#5667,#5668,#5669,
#5670,#5671,#5672,#5673,#5674,#5675),.UNSPECIFIED.,.F.,.F.,(4,2,2,2,2,4),
(0.,0.0147456990148678,0.0315030820715213,0.047369625496173,0.067126870356813,
0.0675573924955045),.UNSPECIFIED.);
#525=B_SPLINE_CURVE_WITH_KNOTS('',3,(#5717,#5718,#5719,#5720,#5721,#5722,
#5723,#5724,#5725,#5726,#5727,#5728),.UNSPECIFIED.,.F.,.F.,(4,2,2,2,2,4),
(-0.0299723470514433,-0.0234524199832531,-0.0160432116486489,-0.00902787059385705,
-1.23174296345896E-7,0.000178046173208963),.UNSPECIFIED.);
#526=B_SPLINE_CURVE_WITH_KNOTS('',3,(#5766,#5767,#5768,#5769,#5770,#5771,
#5772,#5773,#5774,#5775,#5776,#5777),.UNSPECIFIED.,.F.,.F.,(4,2,2,2,2,4),
(0.,0.0147456990148496,0.0315030820714997,0.04736962549614,0.067126870535462,
0.0675573926456459),.UNSPECIFIED.);
#527=B_SPLINE_CURVE_WITH_KNOTS('',3,(#5819,#5820,#5821,#5822,#5823,#5824,
#5825,#5826,#5827,#5828,#5829,#5830),.UNSPECIFIED.,.F.,.F.,(4,2,2,2,2,4),
(-0.0299723494108226,-0.023452421790065,-0.0160432128275323,-0.00902787117818709,
-1.23174296495082E-7,0.00017804622426398),.UNSPECIFIED.);
#528=B_SPLINE_CURVE_WITH_KNOTS('',3,(#5907,#5908,#5909,#5910,#5911,#5912,
#5913,#5914,#5915,#5916,#5917,#5918),.UNSPECIFIED.,.F.,.F.,(4,2,2,2,2,4),
(-0.0299723459391349,-0.0234524191314566,-0.0160432110928756,-0.00902787031837904,
-1.23174296956519E-7,0.000178046148900938),.UNSPECIFIED.);
#529=B_SPLINE_CURVE_WITH_KNOTS('',3,(#5995,#5996,#5997,#5998,#5999,#6000,
#6001,#6002,#6003,#6004,#6005,#6006),.UNSPECIFIED.,.F.,.F.,(4,2,2,2,2,4),
(-0.0299723468704682,-0.0234524198446638,-0.0160432115582233,-0.00902787054903388,
-1.23174295523637E-7,0.000178046169228621),.UNSPECIFIED.);
#530=B_SPLINE_CURVE_WITH_KNOTS('',3,(#6083,#6084,#6085,#6086,#6087,#6088,
#6089,#6090,#6091,#6092,#6093,#6094),.UNSPECIFIED.,.F.,.F.,(4,2,2,2,2,4),
(-0.0299723469753023,-0.0234524199249681,-0.0160432116106265,-0.00902787057502098,
-1.23174292310929E-7,0.000178046171485342),.UNSPECIFIED.);
#531=B_SPLINE_CURVE_WITH_KNOTS('',3,(#6132,#6133,#6134,#6135,#6136,#6137,
#6138,#6139,#6140,#6141,#6142,#6143),.UNSPECIFIED.,.F.,.F.,(4,2,2,2,2,4),
(0.,0.0147456990148521,0.0315030820715125,0.0473696254961345,0.067126871145933,
0.0675573931624219),.UNSPECIFIED.);
#532=B_SPLINE_CURVE_WITH_KNOTS('',3,(#6185,#6186,#6187,#6188,#6189,#6190,
#6191,#6192,#6193,#6194,#6195,#6196),.UNSPECIFIED.,.F.,.F.,(4,2,2,2,2,4),
(-0.0299723444613572,-0.023452417999753,-0.0160432103544812,-0.00902786995237519,
-1.23174294458517E-7,0.000178046117099235),.UNSPECIFIED.);
#533=B_SPLINE_CURVE_WITH_KNOTS('',3,(#6234,#6235,#6236,#6237,#6238,#6239,
#6240,#6241,#6242,#6243,#6244,#6245),.UNSPECIFIED.,.F.,.F.,(4,2,2,2,2,4),
(0.,0.0147456990148557,0.0315030820715191,0.0473696254961485,0.067126870841966,
0.067557392905636),.UNSPECIFIED.);
#534=B_SPLINE_CURVE_WITH_KNOTS('',3,(#6287,#6288,#6289,#6290,#6291,#6292,
#6293,#6294,#6295,#6296,#6297,#6298),.UNSPECIFIED.,.F.,.F.,(4,2,2,2,2,4),
(-0.0337834252248869,-0.0263622507915115,-0.0179286416023744,-0.00994337170830445,
0.,0.000216671923267401),.UNSPECIFIED.);
#535=B_SPLINE_CURVE_WITH_KNOTS('',3,(#6336,#6337,#6338,#6339,#6340,#6341,
#6342,#6343,#6344,#6345,#6346,#6347),.UNSPECIFIED.,.F.,.F.,(4,2,2,2,2,4),
(0.,0.0147459197913589,0.031503099845198,0.0473694823094435,0.0677872627360915,
0.0681902229059015),.UNSPECIFIED.);
#536=LINE('',#2934,#636);
#537=LINE('',#2943,#637);
#538=LINE('',#2983,#638);
#539=LINE('',#2992,#639);
#540=LINE('',#3032,#640);
#541=LINE('',#3041,#641);
#542=LINE('',#3059,#642);
#543=LINE('',#3068,#643);
#544=LINE('',#3086,#644);
#545=LINE('',#3095,#645);
#546=LINE('',#3135,#646);
#547=LINE('',#3144,#647);
#548=LINE('',#3184,#648);
#549=LINE('',#3193,#649);
#550=LINE('',#3211,#650);
#551=LINE('',#3225,#651);
#552=LINE('',#3269,#652);
#553=LINE('',#3278,#653);
#554=LINE('',#3318,#654);
#555=LINE('',#3327,#655);
#556=LINE('',#3367,#656);
#557=LINE('',#3376,#657);
#558=LINE('',#3416,#658);
#559=LINE('',#3425,#659);
#560=LINE('',#3465,#660);
#561=LINE('',#3474,#661);
#562=LINE('',#3514,#662);
#563=LINE('',#3523,#663);
#564=LINE('',#3563,#664);
#565=LINE('',#3572,#665);
#566=LINE('',#3583,#666);
#567=LINE('',#3587,#667);
#568=LINE('',#3631,#668);
#569=LINE('',#3634,#669);
#570=LINE('',#3641,#670);
#571=LINE('',#3658,#671);
#572=LINE('',#3679,#672);
#573=LINE('',#3707,#673);
#574=LINE('',#3726,#674);
#575=LINE('',#3743,#675);
#576=LINE('',#3752,#676);
#577=LINE('',#3755,#677);
#578=LINE('',#3760,#678);
#579=LINE('',#3766,#679);
#580=LINE('',#3858,#680);
#581=LINE('',#3889,#681);
#582=LINE('',#3944,#682);
#583=LINE('',#3963,#683);
#584=LINE('',#4064,#684);
#585=LINE('',#4108,#685);
#586=LINE('',#4372,#686);
#587=LINE('',#4375,#687);
#588=LINE('',#4377,#688);
#589=LINE('',#4381,#689);
#590=LINE('',#4383,#690);
#591=LINE('',#4384,#691);
#592=LINE('',#4387,#692);
#593=LINE('',#4388,#693);
#594=LINE('',#4391,#694);
#595=LINE('',#4392,#695);
#596=LINE('',#4403,#696);
#597=LINE('',#4405,#697);
#598=LINE('',#4407,#698);
#599=LINE('',#4541,#699);
#600=LINE('',#4543,#700);
#601=LINE('',#4545,#701);
#602=LINE('',#4577,#702);
#603=LINE('',#4578,#703);
#604=LINE('',#4610,#704);
#605=LINE('',#4611,#705);
#606=LINE('',#4643,#706);
#607=LINE('',#4645,#707);
#608=LINE('',#4647,#708);
#609=LINE('',#4679,#709);
#610=LINE('',#4681,#710);
#611=LINE('',#4683,#711);
#612=LINE('',#4715,#712);
#613=LINE('',#4717,#713);
#614=LINE('',#4719,#714);
#615=LINE('',#4751,#715);
#616=LINE('',#4753,#716);
#617=LINE('',#4755,#717);
#618=LINE('',#4787,#718);
#619=LINE('',#4789,#719);
#620=LINE('',#4791,#720);
#621=LINE('',#4822,#721);
#622=LINE('',#4824,#722);
#623=LINE('',#4855,#723);
#624=LINE('',#4857,#724);
#625=LINE('',#4889,#725);
#626=LINE('',#4891,#726);
#627=LINE('',#4893,#727);
#628=LINE('',#4924,#728);
#629=LINE('',#4926,#729);
#630=LINE('',#4958,#730);
#631=LINE('',#4959,#731);
#632=LINE('',#4991,#732);
#633=LINE('',#4993,#733);
#634=LINE('',#4995,#734);
#635=LINE('',#6369,#735);
#636=VECTOR('',#2488,7.5);
#637=VECTOR('',#2489,1000.);
#638=VECTOR('',#2492,1000.);
#639=VECTOR('',#2493,1000.);
#640=VECTOR('',#2496,1000.);
#641=VECTOR('',#2497,1000.);
#642=VECTOR('',#2500,1000.);
#643=VECTOR('',#2501,1000.);
#644=VECTOR('',#2504,1000.);
#645=VECTOR('',#2505,1000.);
#646=VECTOR('',#2508,1000.);
#647=VECTOR('',#2509,1000.);
#648=VECTOR('',#2512,1000.);
#649=VECTOR('',#2513,1000.);
#650=VECTOR('',#2516,1000.);
#651=VECTOR('',#2517,1000.);
#652=VECTOR('',#2524,1000.);
#653=VECTOR('',#2525,1000.);
#654=VECTOR('',#2528,1000.);
#655=VECTOR('',#2529,1000.);
#656=VECTOR('',#2532,1000.);
#657=VECTOR('',#2533,1000.);
#658=VECTOR('',#2536,1000.);
#659=VECTOR('',#2537,1000.);
#660=VECTOR('',#2540,1000.);
#661=VECTOR('',#2541,1000.);
#662=VECTOR('',#2544,1000.);
#663=VECTOR('',#2545,1000.);
#664=VECTOR('',#2548,1000.);
#665=VECTOR('',#2549,1000.);
#666=VECTOR('',#2552,7.5);
#667=VECTOR('',#2555,1000.);
#668=VECTOR('',#2564,1000.);
#669=VECTOR('',#2567,1000.);
#670=VECTOR('',#2574,1000.);
#671=VECTOR('',#2579,1000.);
#672=VECTOR('',#2586,1000.);
#673=VECTOR('',#2589,1000.);
#674=VECTOR('',#2596,1000.);
#675=VECTOR('',#2601,1000.);
#676=VECTOR('',#2610,1000.);
#677=VECTOR('',#2613,1000.);
#678=VECTOR('',#2618,1.);
#679=VECTOR('',#2625,1.);
#680=VECTOR('',#2628,1000.);
#681=VECTOR('',#2629,1000.);
#682=VECTOR('',#2630,1000.);
#683=VECTOR('',#2631,1000.);
#684=VECTOR('',#2644,10.);
#685=VECTOR('',#2655,1000.);
#686=VECTOR('',#2662,1000.);
#687=VECTOR('',#2665,1000.);
#688=VECTOR('',#2666,1000.);
#689=VECTOR('',#2671,1000.);
#690=VECTOR('',#2672,1000.);
#691=VECTOR('',#2673,1000.);
#692=VECTOR('',#2676,1000.);
#693=VECTOR('',#2677,1000.);
#694=VECTOR('',#2680,1000.);
#695=VECTOR('',#2681,1000.);
#696=VECTOR('',#2698,1000.);
#697=VECTOR('',#2699,1000.);
#698=VECTOR('',#2700,1000.);
#699=VECTOR('',#2715,1000.);
#700=VECTOR('',#2716,1000.);
#701=VECTOR('',#2717,1000.);
#702=VECTOR('',#2720,1000.);
#703=VECTOR('',#2721,1000.);
#704=VECTOR('',#2724,1000.);
#705=VECTOR('',#2725,1000.);
#706=VECTOR('',#2728,1000.);
#707=VECTOR('',#2729,1000.);
#708=VECTOR('',#2730,1000.);
#709=VECTOR('',#2733,1000.);
#710=VECTOR('',#2734,1000.);
#711=VECTOR('',#2735,1000.);
#712=VECTOR('',#2738,1000.);
#713=VECTOR('',#2739,1000.);
#714=VECTOR('',#2740,1000.);
#715=VECTOR('',#2743,1000.);
#716=VECTOR('',#2744,1000.);
#717=VECTOR('',#2745,1000.);
#718=VECTOR('',#2748,1000.);
#719=VECTOR('',#2749,1000.);
#720=VECTOR('',#2750,1000.);
#721=VECTOR('',#2753,1000.);
#722=VECTOR('',#2754,1000.);
#723=VECTOR('',#2757,1000.);
#724=VECTOR('',#2758,1000.);
#725=VECTOR('',#2761,1000.);
#726=VECTOR('',#2762,1000.);
#727=VECTOR('',#2763,1000.);
#728=VECTOR('',#2766,1000.);
#729=VECTOR('',#2767,1000.);
#730=VECTOR('',#2770,1000.);
#731=VECTOR('',#2771,1000.);
#732=VECTOR('',#2774,1000.);
#733=VECTOR('',#2775,1000.);
#734=VECTOR('',#2776,1000.);
#735=VECTOR('',#2923,1000.);
#736=CIRCLE('',#2309,7.5);
#737=CIRCLE('',#2310,7.5);
#738=CIRCLE('',#2311,7.5);
#739=CIRCLE('',#2312,7.5);
#740=CIRCLE('',#2313,7.5);
#741=CIRCLE('',#2314,7.5);
#742=CIRCLE('',#2315,7.5);
#743=CIRCLE('',#2316,7.5);
#744=CIRCLE('',#2317,7.5);
#745=CIRCLE('',#2318,0.76005449388698);
#746=CIRCLE('',#2319,7.5);
#747=CIRCLE('',#2320,7.5);
#748=CIRCLE('',#2321,7.5);
#749=CIRCLE('',#2322,7.5);
#750=CIRCLE('',#2323,7.5);
#751=CIRCLE('',#2324,7.5);
#752=CIRCLE('',#2325,7.5);
#753=CIRCLE('',#2326,7.5);
#754=CIRCLE('',#2327,7.5);
#755=CIRCLE('',#2329,7.5);
#756=CIRCLE('',#2330,10.);
#757=CIRCLE('',#2332,3.0793145668891);
#758=CIRCLE('',#2333,3.0793145668891);
#759=CIRCLE('',#2335,0.400000000000001);
#760=CIRCLE('',#2336,0.400000000000001);
#761=CIRCLE('',#2338,0.4);
#762=CIRCLE('',#2340,0.4);
#763=CIRCLE('',#2341,0.4);
#764=CIRCLE('',#2343,0.4);
#765=CIRCLE('',#2344,0.4);
#766=CIRCLE('',#2346,0.400000000000001);
#767=CIRCLE('',#2348,0.400000000000001);
#768=CIRCLE('',#2349,0.400000000000001);
#769=CIRCLE('',#2351,0.1);
#770=CIRCLE('',#2352,0.1);
#771=CIRCLE('',#2354,1.);
#772=CIRCLE('',#2355,1.);
#773=CIRCLE('',#2357,1.);
#774=CIRCLE('',#2358,1.);
#775=CIRCLE('',#2360,6.5);
#776=CIRCLE('',#2361,1.);
#777=CIRCLE('',#2362,7.5);
#778=CIRCLE('',#2364,10.);
#779=CIRCLE('',#2365,10.);
#780=CIRCLE('',#2366,10.);
#781=CIRCLE('',#2373,0.1);
#782=CIRCLE('',#2374,0.1);
#783=CIRCLE('',#2379,0.1);
#784=CIRCLE('',#2380,0.1);
#785=CIRCLE('',#2386,0.400000000000001);
#786=CIRCLE('',#2387,0.4);
#787=CIRCLE('',#2389,0.399999999999999);
#788=CIRCLE('',#2390,0.4);
#789=CIRCLE('',#2406,0.399999999999999);
#790=CIRCLE('',#2407,0.4);
#791=CIRCLE('',#2409,0.4);
#792=CIRCLE('',#2410,0.4);
#793=CIRCLE('',#2412,0.4);
#794=CIRCLE('',#2413,0.399999999999999);
#795=CIRCLE('',#2415,0.399999999999999);
#796=CIRCLE('',#2416,0.4);
#797=CIRCLE('',#2418,0.4);
#798=CIRCLE('',#2419,0.400000000000001);
#799=CIRCLE('',#2421,0.399999999999999);
#800=CIRCLE('',#2422,0.4);
#801=CIRCLE('',#2424,0.400000000000002);
#802=CIRCLE('',#2425,0.400000000000003);
#803=CIRCLE('',#2426,0.400000000000001);
#804=CIRCLE('',#2428,0.399999999999999);
#805=CIRCLE('',#2429,0.400000000000001);
#806=CIRCLE('',#2430,0.4);
#807=CIRCLE('',#2432,0.399999999999999);
#808=CIRCLE('',#2433,0.4);
#809=CIRCLE('',#2434,0.4);
#810=CIRCLE('',#2436,0.400000000000003);
#811=CIRCLE('',#2437,0.4);
#812=CIRCLE('',#2439,0.4);
#813=CIRCLE('',#2440,0.4);
#814=CIRCLE('',#2442,0.399999999999997);
#815=CIRCLE('',#2443,0.4);
#816=CIRCLE('',#2445,0.399999999999998);
#817=CIRCLE('',#2446,0.4);
#818=CIRCLE('',#2448,0.399999999999999);
#819=CIRCLE('',#2449,0.4);
#820=CIRCLE('',#2451,0.4);
#821=CIRCLE('',#2452,0.4);
#822=CIRCLE('',#2453,0.400000000000001);
#823=CIRCLE('',#2455,0.399999999999999);
#824=CIRCLE('',#2456,0.400000000000001);
#825=CIRCLE('',#2457,0.400000000000001);
#826=CIRCLE('',#2459,0.400000000000001);
#827=CIRCLE('',#2460,0.4);
#828=CIRCLE('',#2461,0.400000000000001);
#829=CIRCLE('',#2463,0.4);
#830=CIRCLE('',#2464,0.4);
#831=CIRCLE('',#2466,0.4);
#832=CIRCLE('',#2467,0.4);
#833=CIRCLE('',#2469,0.4);
#834=CIRCLE('',#2470,0.4);
#835=CIRCLE('',#2472,0.4);
#836=CIRCLE('',#2473,0.4);
#837=CIRCLE('',#2475,0.4);
#838=CIRCLE('',#2476,0.4);
#839=VERTEX_POINT('',#2928);
#840=VERTEX_POINT('',#2929);
#841=VERTEX_POINT('',#2931);
#842=VERTEX_POINT('',#2933);
#843=VERTEX_POINT('',#2935);
#844=VERTEX_POINT('',#2942);
#845=VERTEX_POINT('',#2944);
#846=VERTEX_POINT('',#2951);
#847=VERTEX_POINT('',#2953);
#848=VERTEX_POINT('',#2982);
#849=VERTEX_POINT('',#2984);
#850=VERTEX_POINT('',#2991);
#851=VERTEX_POINT('',#2993);
#852=VERTEX_POINT('',#3000);
#853=VERTEX_POINT('',#3002);
#854=VERTEX_POINT('',#3031);
#855=VERTEX_POINT('',#3033);
#856=VERTEX_POINT('',#3040);
#857=VERTEX_POINT('',#3042);
#858=VERTEX_POINT('',#3049);
#859=VERTEX_POINT('',#3051);
#860=VERTEX_POINT('',#3058);
#861=VERTEX_POINT('',#3060);
#862=VERTEX_POINT('',#3067);
#863=VERTEX_POINT('',#3069);
#864=VERTEX_POINT('',#3076);
#865=VERTEX_POINT('',#3078);
#866=VERTEX_POINT('',#3085);
#867=VERTEX_POINT('',#3087);
#868=VERTEX_POINT('',#3094);
#869=VERTEX_POINT('',#3096);
#870=VERTEX_POINT('',#3103);
#871=VERTEX_POINT('',#3105);
#872=VERTEX_POINT('',#3134);
#873=VERTEX_POINT('',#3136);
#874=VERTEX_POINT('',#3143);
#875=VERTEX_POINT('',#3145);
#876=VERTEX_POINT('',#3152);
#877=VERTEX_POINT('',#3154);
#878=VERTEX_POINT('',#3183);
#879=VERTEX_POINT('',#3185);
#880=VERTEX_POINT('',#3192);
#881=VERTEX_POINT('',#3194);
#882=VERTEX_POINT('',#3201);
#883=VERTEX_POINT('',#3203);
#884=VERTEX_POINT('',#3210);
#885=VERTEX_POINT('',#3212);
#886=VERTEX_POINT('',#3219);
#887=VERTEX_POINT('',#3224);
#888=VERTEX_POINT('',#3226);
#889=VERTEX_POINT('',#3228);
#890=VERTEX_POINT('',#3235);
#891=VERTEX_POINT('',#3237);
#892=VERTEX_POINT('',#3239);
#893=VERTEX_POINT('',#3268);
#894=VERTEX_POINT('',#3270);
#895=VERTEX_POINT('',#3277);
#896=VERTEX_POINT('',#3279);
#897=VERTEX_POINT('',#3286);
#898=VERTEX_POINT('',#3288);
#899=VERTEX_POINT('',#3317);
#900=VERTEX_POINT('',#3319);
#901=VERTEX_POINT('',#3326);
#902=VERTEX_POINT('',#3328);
#903=VERTEX_POINT('',#3335);
#904=VERTEX_POINT('',#3337);
#905=VERTEX_POINT('',#3366);
#906=VERTEX_POINT('',#3368);
#907=VERTEX_POINT('',#3375);
#908=VERTEX_POINT('',#3377);
#909=VERTEX_POINT('',#3384);
#910=VERTEX_POINT('',#3386);
#911=VERTEX_POINT('',#3415);
#912=VERTEX_POINT('',#3417);
#913=VERTEX_POINT('',#3424);
#914=VERTEX_POINT('',#3426);
#915=VERTEX_POINT('',#3433);
#916=VERTEX_POINT('',#3435);
#917=VERTEX_POINT('',#3464);
#918=VERTEX_POINT('',#3466);
#919=VERTEX_POINT('',#3473);
#920=VERTEX_POINT('',#3475);
#921=VERTEX_POINT('',#3482);
#922=VERTEX_POINT('',#3484);
#923=VERTEX_POINT('',#3513);
#924=VERTEX_POINT('',#3515);
#925=VERTEX_POINT('',#3522);
#926=VERTEX_POINT('',#3524);
#927=VERTEX_POINT('',#3531);
#928=VERTEX_POINT('',#3533);
#929=VERTEX_POINT('',#3562);
#930=VERTEX_POINT('',#3564);
#931=VERTEX_POINT('',#3571);
#932=VERTEX_POINT('',#3573);
#933=VERTEX_POINT('',#3580);
#934=VERTEX_POINT('',#3582);
#935=VERTEX_POINT('',#3584);
#936=VERTEX_POINT('',#3586);
#937=VERTEX_POINT('',#3613);
#938=VERTEX_POINT('',#3614);
#939=VERTEX_POINT('',#3627);
#940=VERTEX_POINT('',#3628);
#941=VERTEX_POINT('',#3630);
#942=VERTEX_POINT('',#3632);
#943=VERTEX_POINT('',#3636);
#944=VERTEX_POINT('',#3638);
#945=VERTEX_POINT('',#3640);
#946=VERTEX_POINT('',#3655);
#947=VERTEX_POINT('',#3657);
#948=VERTEX_POINT('',#3674);
#949=VERTEX_POINT('',#3676);
#950=VERTEX_POINT('',#3678);
#951=VERTEX_POINT('',#3693);
#952=VERTEX_POINT('',#3706);
#953=VERTEX_POINT('',#3708);
#954=VERTEX_POINT('',#3712);
#955=VERTEX_POINT('',#3725);
#956=VERTEX_POINT('',#3729);
#957=VERTEX_POINT('',#3742);
#958=VERTEX_POINT('',#3744);
#959=VERTEX_POINT('',#3748);
#960=VERTEX_POINT('',#3749);
#961=VERTEX_POINT('',#3751);
#962=VERTEX_POINT('',#3753);
#963=VERTEX_POINT('',#3757);
#964=VERTEX_POINT('',#3759);
#965=VERTEX_POINT('',#3763);
#966=VERTEX_POINT('',#3765);
#967=VERTEX_POINT('',#3826);
#968=VERTEX_POINT('',#3827);
#969=VERTEX_POINT('',#3857);
#970=VERTEX_POINT('',#3859);
#971=VERTEX_POINT('',#3924);
#972=VERTEX_POINT('',#3925);
#973=VERTEX_POINT('',#3943);
#974=VERTEX_POINT('',#3945);
#975=VERTEX_POINT('',#3965);
#976=VERTEX_POINT('',#4010);
#977=VERTEX_POINT('',#4061);
#978=VERTEX_POINT('',#4063);
#979=VERTEX_POINT('',#4068);
#980=VERTEX_POINT('',#4370);
#981=VERTEX_POINT('',#4371);
#982=VERTEX_POINT('',#4373);
#983=VERTEX_POINT('',#4376);
#984=VERTEX_POINT('',#4380);
#985=VERTEX_POINT('',#4382);
#986=VERTEX_POINT('',#4386);
#987=VERTEX_POINT('',#4390);
#988=VERTEX_POINT('',#4401);
#989=VERTEX_POINT('',#4402);
#990=VERTEX_POINT('',#4404);
#991=VERTEX_POINT('',#4406);
#992=VERTEX_POINT('',#4408);
#993=VERTEX_POINT('',#4419);
#994=VERTEX_POINT('',#4539);
#995=VERTEX_POINT('',#4540);
#996=VERTEX_POINT('',#4542);
#997=VERTEX_POINT('',#4544);
#998=VERTEX_POINT('',#4546);
#999=VERTEX_POINT('',#4557);
#1000=VERTEX_POINT('',#4575);
#1001=VERTEX_POINT('',#4576);
#1002=VERTEX_POINT('',#4579);
#1003=VERTEX_POINT('',#4590);
#1004=VERTEX_POINT('',#4608);
#1005=VERTEX_POINT('',#4609);
#1006=VERTEX_POINT('',#4612);
#1007=VERTEX_POINT('',#4623);
#1008=VERTEX_POINT('',#4641);
#1009=VERTEX_POINT('',#4642);
#1010=VERTEX_POINT('',#4644);
#1011=VERTEX_POINT('',#4646);
#1012=VERTEX_POINT('',#4648);
#1013=VERTEX_POINT('',#4659);
#1014=VERTEX_POINT('',#4677);
#1015=VERTEX_POINT('',#4678);
#1016=VERTEX_POINT('',#4680);
#1017=VERTEX_POINT('',#4682);
#1018=VERTEX_POINT('',#4684);
#1019=VERTEX_POINT('',#4695);
#1020=VERTEX_POINT('',#4713);
#1021=VERTEX_POINT('',#4714);
#1022=VERTEX_POINT('',#4716);
#1023=VERTEX_POINT('',#4718);
#1024=VERTEX_POINT('',#4720);
#1025=VERTEX_POINT('',#4731);
#1026=VERTEX_POINT('',#4749);
#1027=VERTEX_POINT('',#4750);
#1028=VERTEX_POINT('',#4752);
#1029=VERTEX_POINT('',#4754);
#1030=VERTEX_POINT('',#4756);
#1031=VERTEX_POINT('',#4767);
#1032=VERTEX_POINT('',#4785);
#1033=VERTEX_POINT('',#4786);
#1034=VERTEX_POINT('',#4788);
#1035=VERTEX_POINT('',#4790);
#1036=VERTEX_POINT('',#4792);
#1037=VERTEX_POINT('',#4803);
#1038=VERTEX_POINT('',#4821);
#1039=VERTEX_POINT('',#4823);
#1040=VERTEX_POINT('',#4825);
#1041=VERTEX_POINT('',#4836);
#1042=VERTEX_POINT('',#4854);
#1043=VERTEX_POINT('',#4856);
#1044=VERTEX_POINT('',#4858);
#1045=VERTEX_POINT('',#4869);
#1046=VERTEX_POINT('',#4887);
#1047=VERTEX_POINT('',#4888);
#1048=VERTEX_POINT('',#4890);
#1049=VERTEX_POINT('',#4892);
#1050=VERTEX_POINT('',#4894);
#1051=VERTEX_POINT('',#4905);
#1052=VERTEX_POINT('',#4923);
#1053=VERTEX_POINT('',#4925);
#1054=VERTEX_POINT('',#4927);
#1055=VERTEX_POINT('',#4938);
#1056=VERTEX_POINT('',#4956);
#1057=VERTEX_POINT('',#4957);
#1058=VERTEX_POINT('',#4960);
#1059=VERTEX_POINT('',#4971);
#1060=VERTEX_POINT('',#4989);
#1061=VERTEX_POINT('',#4990);
#1062=VERTEX_POINT('',#4992);
#1063=VERTEX_POINT('',#4994);
#1064=VERTEX_POINT('',#4996);
#1065=VERTEX_POINT('',#5007);
#1066=EDGE_CURVE('',#839,#840,#736,.T.);
#1067=EDGE_CURVE('',#841,#839,#737,.T.);
#1068=EDGE_CURVE('',#841,#842,#536,.T.);
#1069=EDGE_CURVE('',#842,#843,#389,.T.);
#1070=EDGE_CURVE('',#843,#844,#537,.T.);
#1071=EDGE_CURVE('',#844,#845,#390,.T.);
#1072=EDGE_CURVE('',#845,#846,#738,.T.);
#1073=EDGE_CURVE('',#846,#847,#391,.T.);
#1074=EDGE_CURVE('',#847,#848,#538,.T.);
#1075=EDGE_CURVE('',#848,#849,#392,.T.);
#1076=EDGE_CURVE('',#849,#850,#539,.T.);
#1077=EDGE_CURVE('',#850,#851,#393,.T.);
#1078=EDGE_CURVE('',#851,#852,#739,.T.);
#1079=EDGE_CURVE('',#852,#853,#394,.T.);
#1080=EDGE_CURVE('',#853,#854,#540,.T.);
#1081=EDGE_CURVE('',#854,#855,#395,.T.);
#1082=EDGE_CURVE('',#855,#856,#541,.T.);
#1083=EDGE_CURVE('',#856,#857,#396,.T.);
#1084=EDGE_CURVE('',#857,#858,#740,.T.);
#1085=EDGE_CURVE('',#858,#859,#397,.T.);
#1086=EDGE_CURVE('',#859,#860,#542,.T.);
#1087=EDGE_CURVE('',#860,#861,#398,.T.);
#1088=EDGE_CURVE('',#861,#862,#543,.T.);
#1089=EDGE_CURVE('',#862,#863,#399,.T.);
#1090=EDGE_CURVE('',#863,#864,#741,.T.);
#1091=EDGE_CURVE('',#864,#865,#400,.T.);
#1092=EDGE_CURVE('',#865,#866,#544,.T.);
#1093=EDGE_CURVE('',#866,#867,#401,.T.);
#1094=EDGE_CURVE('',#867,#868,#545,.T.);
#1095=EDGE_CURVE('',#868,#869,#402,.T.);
#1096=EDGE_CURVE('',#869,#870,#742,.T.);
#1097=EDGE_CURVE('',#870,#871,#403,.T.);
#1098=EDGE_CURVE('',#871,#872,#546,.T.);
#1099=EDGE_CURVE('',#872,#873,#404,.T.);
#1100=EDGE_CURVE('',#873,#874,#547,.T.);
#1101=EDGE_CURVE('',#874,#875,#405,.T.);
#1102=EDGE_CURVE('',#875,#876,#743,.T.);
#1103=EDGE_CURVE('',#876,#877,#406,.T.);
#1104=EDGE_CURVE('',#877,#878,#548,.T.);
#1105=EDGE_CURVE('',#878,#879,#407,.T.);
#1106=EDGE_CURVE('',#879,#880,#549,.T.);
#1107=EDGE_CURVE('',#880,#881,#408,.T.);
#1108=EDGE_CURVE('',#881,#882,#744,.T.);
#1109=EDGE_CURVE('',#882,#883,#409,.T.);
#1110=EDGE_CURVE('',#883,#884,#550,.T.);
#1111=EDGE_CURVE('',#884,#885,#410,.T.);
#1112=EDGE_CURVE('',#885,#886,#411,.T.);
#1113=EDGE_CURVE('',#886,#887,#551,.T.);
#1114=EDGE_CURVE('',#887,#888,#745,.T.);
#1115=EDGE_CURVE('',#888,#889,#412,.T.);
#1116=EDGE_CURVE('',#889,#890,#746,.T.);
#1117=EDGE_CURVE('',#890,#891,#747,.T.);
#1118=EDGE_CURVE('',#891,#892,#413,.T.);
#1119=EDGE_CURVE('',#892,#893,#552,.T.);
#1120=EDGE_CURVE('',#893,#894,#414,.T.);
#1121=EDGE_CURVE('',#894,#895,#553,.T.);
#1122=EDGE_CURVE('',#895,#896,#415,.T.);
#1123=EDGE_CURVE('',#896,#897,#748,.T.);
#1124=EDGE_CURVE('',#897,#898,#416,.T.);
#1125=EDGE_CURVE('',#898,#899,#554,.T.);
#1126=EDGE_CURVE('',#899,#900,#417,.T.);
#1127=EDGE_CURVE('',#900,#901,#555,.T.);
#1128=EDGE_CURVE('',#901,#902,#418,.T.);
#1129=EDGE_CURVE('',#902,#903,#749,.T.);
#1130=EDGE_CURVE('',#903,#904,#419,.T.);
#1131=EDGE_CURVE('',#904,#905,#556,.T.);
#1132=EDGE_CURVE('',#905,#906,#420,.T.);
#1133=EDGE_CURVE('',#906,#907,#557,.T.);
#1134=EDGE_CURVE('',#907,#908,#421,.T.);
#1135=EDGE_CURVE('',#908,#909,#750,.T.);
#1136=EDGE_CURVE('',#909,#910,#422,.T.);
#1137=EDGE_CURVE('',#910,#911,#558,.T.);
#1138=EDGE_CURVE('',#911,#912,#423,.T.);
#1139=EDGE_CURVE('',#912,#913,#559,.T.);
#1140=EDGE_CURVE('',#913,#914,#424,.T.);
#1141=EDGE_CURVE('',#914,#915,#751,.T.);
#1142=EDGE_CURVE('',#915,#916,#425,.T.);
#1143=EDGE_CURVE('',#916,#917,#560,.T.);
#1144=EDGE_CURVE('',#917,#918,#426,.T.);
#1145=EDGE_CURVE('',#918,#919,#561,.T.);
#1146=EDGE_CURVE('',#919,#920,#427,.T.);
#1147=EDGE_CURVE('',#920,#921,#752,.T.);
#1148=EDGE_CURVE('',#921,#922,#428,.T.);
#1149=EDGE_CURVE('',#922,#923,#562,.T.);
#1150=EDGE_CURVE('',#923,#924,#429,.T.);
#1151=EDGE_CURVE('',#924,#925,#563,.T.);
#1152=EDGE_CURVE('',#925,#926,#430,.T.);
#1153=EDGE_CURVE('',#926,#927,#753,.T.);
#1154=EDGE_CURVE('',#927,#928,#431,.T.);
#1155=EDGE_CURVE('',#928,#929,#564,.T.);
#1156=EDGE_CURVE('',#929,#930,#432,.T.);
#1157=EDGE_CURVE('',#930,#931,#565,.T.);
#1158=EDGE_CURVE('',#931,#932,#433,.T.);
#1159=EDGE_CURVE('',#932,#933,#754,.T.);
#1160=EDGE_CURVE('',#934,#933,#566,.T.);
#1161=EDGE_CURVE('',#934,#935,#387,.T.);
#1162=EDGE_CURVE('',#935,#936,#567,.T.);
#1163=EDGE_CURVE('',#936,#842,#434,.T.);
#1164=EDGE_CURVE('',#840,#841,#755,.T.);
#1165=EDGE_CURVE('',#937,#938,#756,.T.);
#1166=EDGE_CURVE('',#937,#839,#435,.T.);
#1167=EDGE_CURVE('',#938,#840,#436,.T.);
#1168=EDGE_CURVE('',#939,#940,#757,.T.);
#1169=EDGE_CURVE('',#939,#941,#568,.T.);
#1170=EDGE_CURVE('',#941,#942,#758,.T.);
#1171=EDGE_CURVE('',#940,#942,#569,.T.);
#1172=EDGE_CURVE('',#883,#943,#759,.T.);
#1173=EDGE_CURVE('',#943,#944,#760,.T.);
#1174=EDGE_CURVE('',#945,#944,#570,.T.);
#1175=EDGE_CURVE('',#945,#884,#437,.T.);
#1176=EDGE_CURVE('',#877,#946,#761,.T.);
#1177=EDGE_CURVE('',#947,#946,#571,.T.);
#1178=EDGE_CURVE('',#947,#878,#438,.T.);
#1179=EDGE_CURVE('',#871,#948,#762,.T.);
#1180=EDGE_CURVE('',#948,#949,#763,.T.);
#1181=EDGE_CURVE('',#950,#949,#572,.T.);
#1182=EDGE_CURVE('',#950,#872,#439,.T.);
#1183=EDGE_CURVE('',#951,#855,#440,.F.);
#1184=EDGE_CURVE('',#952,#951,#573,.T.);
#1185=EDGE_CURVE('',#952,#953,#764,.T.);
#1186=EDGE_CURVE('',#953,#856,#765,.T.);
#1187=EDGE_CURVE('',#954,#849,#441,.F.);
#1188=EDGE_CURVE('',#955,#954,#574,.T.);
#1189=EDGE_CURVE('',#955,#850,#766,.T.);
#1190=EDGE_CURVE('',#956,#843,#442,.F.);
#1191=EDGE_CURVE('',#957,#956,#575,.T.);
#1192=EDGE_CURVE('',#957,#958,#767,.T.);
#1193=EDGE_CURVE('',#958,#844,#768,.T.);
#1194=EDGE_CURVE('',#959,#960,#769,.T.);
#1195=EDGE_CURVE('',#961,#959,#576,.T.);
#1196=EDGE_CURVE('',#962,#961,#770,.T.);
#1197=EDGE_CURVE('',#960,#962,#577,.T.);
#1198=EDGE_CURVE('',#963,#963,#771,.T.);
#1199=EDGE_CURVE('',#963,#964,#578,.T.);
#1200=EDGE_CURVE('',#964,#964,#772,.T.);
#1201=EDGE_CURVE('',#965,#965,#773,.T.);
#1202=EDGE_CURVE('',#965,#966,#579,.T.);
#1203=EDGE_CURVE('',#966,#966,#774,.T.);
#1204=EDGE_CURVE('',#967,#968,#443,.T.);
#1205=EDGE_CURVE('',#968,#969,#580,.T.);
#1206=EDGE_CURVE('',#970,#969,#444,.T.);
#1207=EDGE_CURVE('',#967,#970,#581,.T.);
#1208=EDGE_CURVE('',#971,#972,#445,.T.);
#1209=EDGE_CURVE('',#971,#973,#582,.T.);
#1210=EDGE_CURVE('',#973,#974,#446,.T.);
#1211=EDGE_CURVE('',#972,#974,#583,.T.);
#1212=EDGE_CURVE('',#975,#975,#775,.T.);
#1213=EDGE_CURVE('',#975,#890,#776,.T.);
#1214=EDGE_CURVE('',#889,#882,#447,.T.);
#1215=EDGE_CURVE('',#881,#876,#448,.T.);
#1216=EDGE_CURVE('',#875,#870,#449,.T.);
#1217=EDGE_CURVE('',#869,#864,#450,.T.);
#1218=EDGE_CURVE('',#863,#858,#451,.T.);
#1219=EDGE_CURVE('',#857,#852,#452,.T.);
#1220=EDGE_CURVE('',#851,#846,#453,.T.);
#1221=EDGE_CURVE('',#845,#976,#454,.T.);
#1222=EDGE_CURVE('',#933,#976,#777,.T.);
#1223=EDGE_CURVE('',#932,#927,#455,.T.);
#1224=EDGE_CURVE('',#926,#921,#456,.T.);
#1225=EDGE_CURVE('',#920,#915,#457,.T.);
#1226=EDGE_CURVE('',#914,#909,#458,.T.);
#1227=EDGE_CURVE('',#908,#903,#459,.T.);
#1228=EDGE_CURVE('',#902,#897,#460,.T.);
#1229=EDGE_CURVE('',#896,#891,#461,.T.);
#1230=EDGE_CURVE('',#977,#977,#778,.T.);
#1231=EDGE_CURVE('',#977,#978,#584,.T.);
#1232=EDGE_CURVE('',#978,#937,#779,.T.);
#1233=EDGE_CURVE('',#938,#978,#780,.T.);
#1234=EDGE_CURVE('',#976,#979,#462,.T.);
#1235=EDGE_CURVE('',#979,#934,#388,.T.);
#1236=EDGE_CURVE('',#942,#941,#585,.T.);
#1237=EDGE_CURVE('',#974,#973,#463,.T.);
#1238=EDGE_CURVE('',#972,#971,#464,.T.);
#1239=EDGE_CURVE('',#968,#967,#465,.T.);
#1240=EDGE_CURVE('',#969,#970,#466,.T.);
#1241=EDGE_CURVE('',#980,#981,#586,.T.);
#1242=EDGE_CURVE('',#980,#982,#781,.T.);
#1243=EDGE_CURVE('',#959,#982,#587,.T.);
#1244=EDGE_CURVE('',#983,#960,#588,.T.);
#1245=EDGE_CURVE('',#983,#981,#782,.T.);
#1246=EDGE_CURVE('',#981,#984,#589,.T.);
#1247=EDGE_CURVE('',#985,#984,#590,.T.);
#1248=EDGE_CURVE('',#985,#980,#591,.T.);
#1249=EDGE_CURVE('',#982,#986,#592,.T.);
#1250=EDGE_CURVE('',#961,#986,#593,.T.);
#1251=EDGE_CURVE('',#987,#962,#594,.T.);
#1252=EDGE_CURVE('',#987,#983,#595,.T.);
#1253=EDGE_CURVE('',#984,#987,#783,.T.);
#1254=EDGE_CURVE('',#986,#985,#784,.T.);
#1255=EDGE_CURVE('',#988,#989,#596,.T.);
#1256=EDGE_CURVE('',#989,#990,#597,.T.);
#1257=EDGE_CURVE('',#990,#991,#598,.T.);
#1258=EDGE_CURVE('',#991,#992,#467,.T.);
#1259=EDGE_CURVE('',#992,#993,#468,.T.);
#1260=EDGE_CURVE('',#993,#988,#469,.T.);
#1261=EDGE_CURVE('',#914,#993,#785,.T.);
#1262=EDGE_CURVE('',#988,#913,#786,.T.);
#1263=EDGE_CURVE('',#989,#912,#470,.T.);
#1264=EDGE_CURVE('',#909,#992,#787,.T.);
#1265=EDGE_CURVE('',#990,#911,#471,.T.);
#1266=EDGE_CURVE('',#910,#991,#788,.T.);
#1267=EDGE_CURVE('',#994,#995,#599,.T.);
#1268=EDGE_CURVE('',#995,#996,#600,.T.);
#1269=EDGE_CURVE('',#996,#997,#601,.T.);
#1270=EDGE_CURVE('',#997,#998,#472,.T.);
#1271=EDGE_CURVE('',#998,#999,#473,.T.);
#1272=EDGE_CURVE('',#999,#994,#474,.T.);
#1273=EDGE_CURVE('',#1000,#1001,#602,.T.);
#1274=EDGE_CURVE('',#1001,#947,#603,.T.);
#1275=EDGE_CURVE('',#946,#1002,#475,.T.);
#1276=EDGE_CURVE('',#1002,#1003,#476,.T.);
#1277=EDGE_CURVE('',#1003,#1000,#477,.T.);
#1278=EDGE_CURVE('',#1004,#1005,#604,.T.);
#1279=EDGE_CURVE('',#1005,#945,#605,.T.);
#1280=EDGE_CURVE('',#944,#1006,#478,.T.);
#1281=EDGE_CURVE('',#1006,#1007,#479,.T.);
#1282=EDGE_CURVE('',#1007,#1004,#480,.T.);
#1283=EDGE_CURVE('',#1008,#1009,#606,.T.);
#1284=EDGE_CURVE('',#1009,#1010,#607,.T.);
#1285=EDGE_CURVE('',#1010,#1011,#608,.T.);
#1286=EDGE_CURVE('',#1011,#1012,#481,.T.);
#1287=EDGE_CURVE('',#1012,#1013,#482,.T.);
#1288=EDGE_CURVE('',#1013,#1008,#483,.T.);
#1289=EDGE_CURVE('',#1014,#1015,#609,.T.);
#1290=EDGE_CURVE('',#1015,#1016,#610,.T.);
#1291=EDGE_CURVE('',#1016,#1017,#611,.T.);
#1292=EDGE_CURVE('',#1017,#1018,#484,.T.);
#1293=EDGE_CURVE('',#1018,#1019,#485,.T.);
#1294=EDGE_CURVE('',#1019,#1014,#486,.T.);
#1295=EDGE_CURVE('',#1020,#1021,#612,.T.);
#1296=EDGE_CURVE('',#1021,#1022,#613,.T.);
#1297=EDGE_CURVE('',#1022,#1023,#614,.T.);
#1298=EDGE_CURVE('',#1023,#1024,#487,.T.);
#1299=EDGE_CURVE('',#1024,#1025,#488,.T.);
#1300=EDGE_CURVE('',#1025,#1020,#489,.T.);
#1301=EDGE_CURVE('',#1026,#1027,#615,.T.);
#1302=EDGE_CURVE('',#1027,#1028,#616,.T.);
#1303=EDGE_CURVE('',#1028,#1029,#617,.T.);
#1304=EDGE_CURVE('',#1029,#1030,#490,.T.);
#1305=EDGE_CURVE('',#1030,#1031,#491,.T.);
#1306=EDGE_CURVE('',#1031,#1026,#492,.T.);
#1307=EDGE_CURVE('',#1032,#1033,#618,.T.);
#1308=EDGE_CURVE('',#1033,#1034,#619,.T.);
#1309=EDGE_CURVE('',#1034,#1035,#620,.T.);
#1310=EDGE_CURVE('',#1035,#1036,#493,.T.);
#1311=EDGE_CURVE('',#1036,#1037,#494,.T.);
#1312=EDGE_CURVE('',#1037,#1032,#495,.T.);
#1313=EDGE_CURVE('',#956,#1038,#621,.T.);
#1314=EDGE_CURVE('',#1038,#1039,#622,.T.);
#1315=EDGE_CURVE('',#1039,#1040,#496,.T.);
#1316=EDGE_CURVE('',#1040,#1041,#497,.T.);
#1317=EDGE_CURVE('',#1041,#957,#498,.T.);
#1318=EDGE_CURVE('',#954,#1042,#623,.T.);
#1319=EDGE_CURVE('',#1042,#1043,#624,.T.);
#1320=EDGE_CURVE('',#1043,#1044,#499,.T.);
#1321=EDGE_CURVE('',#1044,#1045,#500,.T.);
#1322=EDGE_CURVE('',#1045,#955,#501,.T.);
#1323=EDGE_CURVE('',#1046,#1047,#625,.T.);
#1324=EDGE_CURVE('',#1047,#1048,#626,.T.);
#1325=EDGE_CURVE('',#1048,#1049,#627,.T.);
#1326=EDGE_CURVE('',#1049,#1050,#502,.T.);
#1327=EDGE_CURVE('',#1050,#1051,#503,.T.);
#1328=EDGE_CURVE('',#1051,#1046,#504,.T.);
#1329=EDGE_CURVE('',#951,#1052,#628,.T.);
#1330=EDGE_CURVE('',#1052,#1053,#629,.T.);
#1331=EDGE_CURVE('',#1053,#1054,#505,.T.);
#1332=EDGE_CURVE('',#1054,#1055,#506,.T.);
#1333=EDGE_CURVE('',#1055,#952,#507,.T.);
#1334=EDGE_CURVE('',#1056,#1057,#630,.T.);
#1335=EDGE_CURVE('',#1057,#950,#631,.T.);
#1336=EDGE_CURVE('',#949,#1058,#508,.T.);
#1337=EDGE_CURVE('',#1058,#1059,#509,.T.);
#1338=EDGE_CURVE('',#1059,#1056,#510,.T.);
#1339=EDGE_CURVE('',#1060,#1061,#632,.T.);
#1340=EDGE_CURVE('',#1061,#1062,#633,.T.);
#1341=EDGE_CURVE('',#1062,#1063,#634,.T.);
#1342=EDGE_CURVE('',#1063,#1064,#511,.T.);
#1343=EDGE_CURVE('',#1064,#1065,#512,.T.);
#1344=EDGE_CURVE('',#1065,#1060,#513,.T.);
#1345=EDGE_CURVE('',#920,#999,#789,.T.);
#1346=EDGE_CURVE('',#994,#919,#790,.T.);
#1347=EDGE_CURVE('',#995,#918,#514,.T.);
#1348=EDGE_CURVE('',#915,#998,#791,.T.);
#1349=EDGE_CURVE('',#996,#917,#515,.T.);
#1350=EDGE_CURVE('',#916,#997,#792,.T.);
#1351=EDGE_CURVE('',#926,#1037,#793,.T.);
#1352=EDGE_CURVE('',#1032,#925,#794,.T.);
#1353=EDGE_CURVE('',#1033,#924,#516,.T.);
#1354=EDGE_CURVE('',#921,#1036,#795,.T.);
#1355=EDGE_CURVE('',#1034,#923,#517,.T.);
#1356=EDGE_CURVE('',#922,#1035,#796,.T.);
#1357=EDGE_CURVE('',#932,#1031,#797,.T.);
#1358=EDGE_CURVE('',#1026,#931,#798,.T.);
#1359=EDGE_CURVE('',#1027,#930,#518,.T.);
#1360=EDGE_CURVE('',#927,#1030,#799,.T.);
#1361=EDGE_CURVE('',#1028,#929,#519,.T.);
#1362=EDGE_CURVE('',#928,#1029,#800,.T.);
#1363=EDGE_CURVE('',#845,#1041,#801,.T.);
#1364=EDGE_CURVE('',#976,#1040,#802,.T.);
#1365=EDGE_CURVE('',#1038,#936,#520,.T.);
#1366=EDGE_CURVE('',#935,#1039,#803,.T.);
#1367=EDGE_CURVE('',#851,#1045,#804,.T.);
#1368=EDGE_CURVE('',#846,#1044,#805,.T.);
#1369=EDGE_CURVE('',#1042,#848,#521,.T.);
#1370=EDGE_CURVE('',#847,#1043,#806,.T.);
#1371=EDGE_CURVE('',#857,#1055,#807,.T.);
#1372=EDGE_CURVE('',#852,#1054,#808,.T.);
#1373=EDGE_CURVE('',#1052,#854,#522,.T.);
#1374=EDGE_CURVE('',#853,#1053,#809,.T.);
#1375=EDGE_CURVE('',#863,#1051,#810,.T.);
#1376=EDGE_CURVE('',#1046,#862,#811,.T.);
#1377=EDGE_CURVE('',#1047,#861,#523,.T.);
#1378=EDGE_CURVE('',#858,#1050,#812,.T.);
#1379=EDGE_CURVE('',#1048,#860,#524,.T.);
#1380=EDGE_CURVE('',#859,#1049,#813,.T.);
#1381=EDGE_CURVE('',#869,#1065,#814,.T.);
#1382=EDGE_CURVE('',#1060,#868,#815,.T.);
#1383=EDGE_CURVE('',#1061,#867,#525,.T.);
#1384=EDGE_CURVE('',#864,#1064,#816,.T.);
#1385=EDGE_CURVE('',#1062,#866,#526,.T.);
#1386=EDGE_CURVE('',#865,#1063,#817,.T.);
#1387=EDGE_CURVE('',#875,#1059,#818,.T.);
#1388=EDGE_CURVE('',#1056,#874,#819,.T.);
#1389=EDGE_CURVE('',#1057,#873,#527,.T.);
#1390=EDGE_CURVE('',#870,#1058,#820,.T.);
#1391=EDGE_CURVE('',#881,#1003,#821,.T.);
#1392=EDGE_CURVE('',#1000,#880,#822,.T.);
#1393=EDGE_CURVE('',#1001,#879,#528,.T.);
#1394=EDGE_CURVE('',#876,#1002,#823,.T.);
#1395=EDGE_CURVE('',#889,#1007,#824,.T.);
#1396=EDGE_CURVE('',#1004,#887,#825,.T.);
#1397=EDGE_CURVE('',#1005,#886,#529,.T.);
#1398=EDGE_CURVE('',#882,#1006,#826,.T.);
#1399=EDGE_CURVE('',#896,#1019,#827,.T.);
#1400=EDGE_CURVE('',#1014,#895,#828,.T.);
#1401=EDGE_CURVE('',#1015,#894,#530,.T.);
#1402=EDGE_CURVE('',#891,#1018,#829,.T.);
#1403=EDGE_CURVE('',#1016,#893,#531,.T.);
#1404=EDGE_CURVE('',#892,#1017,#830,.T.);
#1405=EDGE_CURVE('',#902,#1013,#831,.T.);
#1406=EDGE_CURVE('',#1008,#901,#832,.T.);
#1407=EDGE_CURVE('',#1009,#900,#532,.T.);
#1408=EDGE_CURVE('',#897,#1012,#833,.T.);
#1409=EDGE_CURVE('',#1010,#899,#533,.T.);
#1410=EDGE_CURVE('',#898,#1011,#834,.T.);
#1411=EDGE_CURVE('',#908,#1025,#835,.T.);
#1412=EDGE_CURVE('',#1020,#907,#836,.T.);
#1413=EDGE_CURVE('',#1021,#906,#534,.T.);
#1414=EDGE_CURVE('',#903,#1024,#837,.T.);
#1415=EDGE_CURVE('',#1022,#905,#535,.T.);
#1416=EDGE_CURVE('',#904,#1023,#838,.T.);
#1417=EDGE_CURVE('',#940,#939,#635,.T.);
#1418=ORIENTED_EDGE('',*,*,#1066,.F.);
#1419=ORIENTED_EDGE('',*,*,#1067,.F.);
#1420=ORIENTED_EDGE('',*,*,#1068,.T.);
#1421=ORIENTED_EDGE('',*,*,#1069,.T.);
#1422=ORIENTED_EDGE('',*,*,#1070,.T.);
#1423=ORIENTED_EDGE('',*,*,#1071,.T.);
#1424=ORIENTED_EDGE('',*,*,#1072,.T.);
#1425=ORIENTED_EDGE('',*,*,#1073,.T.);
#1426=ORIENTED_EDGE('',*,*,#1074,.T.);
#1427=ORIENTED_EDGE('',*,*,#1075,.T.);
#1428=ORIENTED_EDGE('',*,*,#1076,.T.);
#1429=ORIENTED_EDGE('',*,*,#1077,.T.);
#1430=ORIENTED_EDGE('',*,*,#1078,.T.);
#1431=ORIENTED_EDGE('',*,*,#1079,.T.);
#1432=ORIENTED_EDGE('',*,*,#1080,.T.);
#1433=ORIENTED_EDGE('',*,*,#1081,.T.);
#1434=ORIENTED_EDGE('',*,*,#1082,.T.);
#1435=ORIENTED_EDGE('',*,*,#1083,.T.);
#1436=ORIENTED_EDGE('',*,*,#1084,.T.);
#1437=ORIENTED_EDGE('',*,*,#1085,.T.);
#1438=ORIENTED_EDGE('',*,*,#1086,.T.);
#1439=ORIENTED_EDGE('',*,*,#1087,.T.);
#1440=ORIENTED_EDGE('',*,*,#1088,.T.);
#1441=ORIENTED_EDGE('',*,*,#1089,.T.);
#1442=ORIENTED_EDGE('',*,*,#1090,.T.);
#1443=ORIENTED_EDGE('',*,*,#1091,.T.);
#1444=ORIENTED_EDGE('',*,*,#1092,.T.);
#1445=ORIENTED_EDGE('',*,*,#1093,.T.);
#1446=ORIENTED_EDGE('',*,*,#1094,.T.);
#1447=ORIENTED_EDGE('',*,*,#1095,.T.);
#1448=ORIENTED_EDGE('',*,*,#1096,.T.);
#1449=ORIENTED_EDGE('',*,*,#1097,.T.);
#1450=ORIENTED_EDGE('',*,*,#1098,.T.);
#1451=ORIENTED_EDGE('',*,*,#1099,.T.);
#1452=ORIENTED_EDGE('',*,*,#1100,.T.);
#1453=ORIENTED_EDGE('',*,*,#1101,.T.);
#1454=ORIENTED_EDGE('',*,*,#1102,.T.);
#1455=ORIENTED_EDGE('',*,*,#1103,.T.);
#1456=ORIENTED_EDGE('',*,*,#1104,.T.);
#1457=ORIENTED_EDGE('',*,*,#1105,.T.);
#1458=ORIENTED_EDGE('',*,*,#1106,.T.);
#1459=ORIENTED_EDGE('',*,*,#1107,.T.);
#1460=ORIENTED_EDGE('',*,*,#1108,.T.);
#1461=ORIENTED_EDGE('',*,*,#1109,.T.);
#1462=ORIENTED_EDGE('',*,*,#1110,.T.);
#1463=ORIENTED_EDGE('',*,*,#1111,.T.);
#1464=ORIENTED_EDGE('',*,*,#1112,.T.);
#1465=ORIENTED_EDGE('',*,*,#1113,.T.);
#1466=ORIENTED_EDGE('',*,*,#1114,.T.);
#1467=ORIENTED_EDGE('',*,*,#1115,.T.);
#1468=ORIENTED_EDGE('',*,*,#1116,.T.);
#1469=ORIENTED_EDGE('',*,*,#1117,.T.);
#1470=ORIENTED_EDGE('',*,*,#1118,.T.);
#1471=ORIENTED_EDGE('',*,*,#1119,.T.);
#1472=ORIENTED_EDGE('',*,*,#1120,.T.);
#1473=ORIENTED_EDGE('',*,*,#1121,.T.);
#1474=ORIENTED_EDGE('',*,*,#1122,.T.);
#1475=ORIENTED_EDGE('',*,*,#1123,.T.);
#1476=ORIENTED_EDGE('',*,*,#1124,.T.);
#1477=ORIENTED_EDGE('',*,*,#1125,.T.);
#1478=ORIENTED_EDGE('',*,*,#1126,.T.);
#1479=ORIENTED_EDGE('',*,*,#1127,.T.);
#1480=ORIENTED_EDGE('',*,*,#1128,.T.);
#1481=ORIENTED_EDGE('',*,*,#1129,.T.);
#1482=ORIENTED_EDGE('',*,*,#1130,.T.);
#1483=ORIENTED_EDGE('',*,*,#1131,.T.);
#1484=ORIENTED_EDGE('',*,*,#1132,.T.);
#1485=ORIENTED_EDGE('',*,*,#1133,.T.);
#1486=ORIENTED_EDGE('',*,*,#1134,.T.);
#1487=ORIENTED_EDGE('',*,*,#1135,.T.);
#1488=ORIENTED_EDGE('',*,*,#1136,.T.);
#1489=ORIENTED_EDGE('',*,*,#1137,.T.);
#1490=ORIENTED_EDGE('',*,*,#1138,.T.);
#1491=ORIENTED_EDGE('',*,*,#1139,.T.);
#1492=ORIENTED_EDGE('',*,*,#1140,.T.);
#1493=ORIENTED_EDGE('',*,*,#1141,.T.);
#1494=ORIENTED_EDGE('',*,*,#1142,.T.);
#1495=ORIENTED_EDGE('',*,*,#1143,.T.);
#1496=ORIENTED_EDGE('',*,*,#1144,.T.);
#1497=ORIENTED_EDGE('',*,*,#1145,.T.);
#1498=ORIENTED_EDGE('',*,*,#1146,.T.);
#1499=ORIENTED_EDGE('',*,*,#1147,.T.);
#1500=ORIENTED_EDGE('',*,*,#1148,.T.);
#1501=ORIENTED_EDGE('',*,*,#1149,.T.);
#1502=ORIENTED_EDGE('',*,*,#1150,.T.);
#1503=ORIENTED_EDGE('',*,*,#1151,.T.);
#1504=ORIENTED_EDGE('',*,*,#1152,.T.);
#1505=ORIENTED_EDGE('',*,*,#1153,.T.);
#1506=ORIENTED_EDGE('',*,*,#1154,.T.);
#1507=ORIENTED_EDGE('',*,*,#1155,.T.);
#1508=ORIENTED_EDGE('',*,*,#1156,.T.);
#1509=ORIENTED_EDGE('',*,*,#1157,.T.);
#1510=ORIENTED_EDGE('',*,*,#1158,.T.);
#1511=ORIENTED_EDGE('',*,*,#1159,.T.);
#1512=ORIENTED_EDGE('',*,*,#1160,.F.);
#1513=ORIENTED_EDGE('',*,*,#1161,.T.);
#1514=ORIENTED_EDGE('',*,*,#1162,.T.);
#1515=ORIENTED_EDGE('',*,*,#1163,.T.);
#1516=ORIENTED_EDGE('',*,*,#1068,.F.);
#1517=ORIENTED_EDGE('',*,*,#1164,.F.);
#1518=ORIENTED_EDGE('',*,*,#1165,.F.);
#1519=ORIENTED_EDGE('',*,*,#1166,.T.);
#1520=ORIENTED_EDGE('',*,*,#1066,.T.);
#1521=ORIENTED_EDGE('',*,*,#1167,.F.);
#1522=ORIENTED_EDGE('',*,*,#1168,.F.);
#1523=ORIENTED_EDGE('',*,*,#1169,.T.);
#1524=ORIENTED_EDGE('',*,*,#1170,.T.);
#1525=ORIENTED_EDGE('',*,*,#1171,.F.);
#1526=ORIENTED_EDGE('',*,*,#1172,.T.);
#1527=ORIENTED_EDGE('',*,*,#1173,.T.);
#1528=ORIENTED_EDGE('',*,*,#1174,.F.);
#1529=ORIENTED_EDGE('',*,*,#1175,.T.);
#1530=ORIENTED_EDGE('',*,*,#1110,.F.);
#1531=ORIENTED_EDGE('',*,*,#1176,.T.);
#1532=ORIENTED_EDGE('',*,*,#1177,.F.);
#1533=ORIENTED_EDGE('',*,*,#1178,.T.);
#1534=ORIENTED_EDGE('',*,*,#1104,.F.);
#1535=ORIENTED_EDGE('',*,*,#1179,.T.);
#1536=ORIENTED_EDGE('',*,*,#1180,.T.);
#1537=ORIENTED_EDGE('',*,*,#1181,.F.);
#1538=ORIENTED_EDGE('',*,*,#1182,.T.);
#1539=ORIENTED_EDGE('',*,*,#1098,.F.);
#1540=ORIENTED_EDGE('',*,*,#1183,.F.);
#1541=ORIENTED_EDGE('',*,*,#1184,.F.);
#1542=ORIENTED_EDGE('',*,*,#1185,.T.);
#1543=ORIENTED_EDGE('',*,*,#1186,.T.);
#1544=ORIENTED_EDGE('',*,*,#1082,.F.);
#1545=ORIENTED_EDGE('',*,*,#1187,.F.);
#1546=ORIENTED_EDGE('',*,*,#1188,.F.);
#1547=ORIENTED_EDGE('',*,*,#1189,.T.);
#1548=ORIENTED_EDGE('',*,*,#1076,.F.);
#1549=ORIENTED_EDGE('',*,*,#1190,.F.);
#1550=ORIENTED_EDGE('',*,*,#1191,.F.);
#1551=ORIENTED_EDGE('',*,*,#1192,.T.);
#1552=ORIENTED_EDGE('',*,*,#1193,.T.);
#1553=ORIENTED_EDGE('',*,*,#1070,.F.);
#1554=ORIENTED_EDGE('',*,*,#1194,.F.);
#1555=ORIENTED_EDGE('',*,*,#1195,.F.);
#1556=ORIENTED_EDGE('',*,*,#1196,.F.);
#1557=ORIENTED_EDGE('',*,*,#1197,.F.);
#1558=ORIENTED_EDGE('',*,*,#1198,.F.);
#1559=ORIENTED_EDGE('',*,*,#1199,.T.);
#1560=ORIENTED_EDGE('',*,*,#1200,.T.);
#1561=ORIENTED_EDGE('',*,*,#1199,.F.);
#1562=ORIENTED_EDGE('',*,*,#1201,.F.);
#1563=ORIENTED_EDGE('',*,*,#1202,.T.);
#1564=ORIENTED_EDGE('',*,*,#1203,.T.);
#1565=ORIENTED_EDGE('',*,*,#1202,.F.);
#1566=ORIENTED_EDGE('',*,*,#1204,.T.);
#1567=ORIENTED_EDGE('',*,*,#1205,.T.);
#1568=ORIENTED_EDGE('',*,*,#1206,.F.);
#1569=ORIENTED_EDGE('',*,*,#1207,.F.);
#1570=ORIENTED_EDGE('',*,*,#1208,.F.);
#1571=ORIENTED_EDGE('',*,*,#1209,.T.);
#1572=ORIENTED_EDGE('',*,*,#1210,.T.);
#1573=ORIENTED_EDGE('',*,*,#1211,.F.);
#1574=ORIENTED_EDGE('',*,*,#1212,.F.);
#1575=ORIENTED_EDGE('',*,*,#1213,.T.);
#1576=ORIENTED_EDGE('',*,*,#1116,.F.);
#1577=ORIENTED_EDGE('',*,*,#1214,.T.);
#1578=ORIENTED_EDGE('',*,*,#1108,.F.);
#1579=ORIENTED_EDGE('',*,*,#1215,.T.);
#1580=ORIENTED_EDGE('',*,*,#1102,.F.);
#1581=ORIENTED_EDGE('',*,*,#1216,.T.);
#1582=ORIENTED_EDGE('',*,*,#1096,.F.);
#1583=ORIENTED_EDGE('',*,*,#1217,.T.);
#1584=ORIENTED_EDGE('',*,*,#1090,.F.);
#1585=ORIENTED_EDGE('',*,*,#1218,.T.);
#1586=ORIENTED_EDGE('',*,*,#1084,.F.);
#1587=ORIENTED_EDGE('',*,*,#1219,.T.);
#1588=ORIENTED_EDGE('',*,*,#1078,.F.);
#1589=ORIENTED_EDGE('',*,*,#1220,.T.);
#1590=ORIENTED_EDGE('',*,*,#1072,.F.);
#1591=ORIENTED_EDGE('',*,*,#1221,.T.);
#1592=ORIENTED_EDGE('',*,*,#1222,.F.);
#1593=ORIENTED_EDGE('',*,*,#1159,.F.);
#1594=ORIENTED_EDGE('',*,*,#1223,.T.);
#1595=ORIENTED_EDGE('',*,*,#1153,.F.);
#1596=ORIENTED_EDGE('',*,*,#1224,.T.);
#1597=ORIENTED_EDGE('',*,*,#1147,.F.);
#1598=ORIENTED_EDGE('',*,*,#1225,.T.);
#1599=ORIENTED_EDGE('',*,*,#1141,.F.);
#1600=ORIENTED_EDGE('',*,*,#1226,.T.);
#1601=ORIENTED_EDGE('',*,*,#1135,.F.);
#1602=ORIENTED_EDGE('',*,*,#1227,.T.);
#1603=ORIENTED_EDGE('',*,*,#1129,.F.);
#1604=ORIENTED_EDGE('',*,*,#1228,.T.);
#1605=ORIENTED_EDGE('',*,*,#1123,.F.);
#1606=ORIENTED_EDGE('',*,*,#1229,.T.);
#1607=ORIENTED_EDGE('',*,*,#1117,.F.);
#1608=ORIENTED_EDGE('',*,*,#1213,.F.);
#1609=ORIENTED_EDGE('',*,*,#1230,.F.);
#1610=ORIENTED_EDGE('',*,*,#1231,.T.);
#1611=ORIENTED_EDGE('',*,*,#1232,.T.);
#1612=ORIENTED_EDGE('',*,*,#1165,.T.);
#1613=ORIENTED_EDGE('',*,*,#1233,.T.);
#1614=ORIENTED_EDGE('',*,*,#1231,.F.);
#1615=ORIENTED_EDGE('',*,*,#1160,.T.);
#1616=ORIENTED_EDGE('',*,*,#1222,.T.);
#1617=ORIENTED_EDGE('',*,*,#1234,.T.);
#1618=ORIENTED_EDGE('',*,*,#1235,.T.);
#1619=ORIENTED_EDGE('',*,*,#1230,.T.);
#1620=ORIENTED_EDGE('',*,*,#1170,.F.);
#1621=ORIENTED_EDGE('',*,*,#1236,.F.);
#1622=ORIENTED_EDGE('',*,*,#1212,.T.);
#1623=ORIENTED_EDGE('',*,*,#1237,.F.);
#1624=ORIENTED_EDGE('',*,*,#1210,.F.);
#1625=ORIENTED_EDGE('',*,*,#1166,.F.);
#1626=ORIENTED_EDGE('',*,*,#1232,.F.);
#1627=ORIENTED_EDGE('',*,*,#1233,.F.);
#1628=ORIENTED_EDGE('',*,*,#1167,.T.);
#1629=ORIENTED_EDGE('',*,*,#1164,.T.);
#1630=ORIENTED_EDGE('',*,*,#1067,.T.);
#1631=ORIENTED_EDGE('',*,*,#1209,.F.);
#1632=ORIENTED_EDGE('',*,*,#1238,.F.);
#1633=ORIENTED_EDGE('',*,*,#1211,.T.);
#1634=ORIENTED_EDGE('',*,*,#1237,.T.);
#1635=ORIENTED_EDGE('',*,*,#1238,.T.);
#1636=ORIENTED_EDGE('',*,*,#1208,.T.);
#1637=ORIENTED_EDGE('',*,*,#1204,.F.);
#1638=ORIENTED_EDGE('',*,*,#1239,.F.);
#1639=ORIENTED_EDGE('',*,*,#1205,.F.);
#1640=ORIENTED_EDGE('',*,*,#1239,.T.);
#1641=ORIENTED_EDGE('',*,*,#1207,.T.);
#1642=ORIENTED_EDGE('',*,*,#1240,.F.);
#1643=ORIENTED_EDGE('',*,*,#1206,.T.);
#1644=ORIENTED_EDGE('',*,*,#1240,.T.);
#1645=ORIENTED_EDGE('',*,*,#1200,.F.);
#1646=ORIENTED_EDGE('',*,*,#1203,.F.);
#1647=ORIENTED_EDGE('',*,*,#1241,.F.);
#1648=ORIENTED_EDGE('',*,*,#1242,.T.);
#1649=ORIENTED_EDGE('',*,*,#1243,.F.);
#1650=ORIENTED_EDGE('',*,*,#1194,.T.);
#1651=ORIENTED_EDGE('',*,*,#1244,.F.);
#1652=ORIENTED_EDGE('',*,*,#1245,.T.);
#1653=ORIENTED_EDGE('',*,*,#1241,.T.);
#1654=ORIENTED_EDGE('',*,*,#1246,.T.);
#1655=ORIENTED_EDGE('',*,*,#1247,.F.);
#1656=ORIENTED_EDGE('',*,*,#1248,.T.);
#1657=ORIENTED_EDGE('',*,*,#1243,.T.);
#1658=ORIENTED_EDGE('',*,*,#1249,.T.);
#1659=ORIENTED_EDGE('',*,*,#1250,.F.);
#1660=ORIENTED_EDGE('',*,*,#1195,.T.);
#1661=ORIENTED_EDGE('',*,*,#1251,.F.);
#1662=ORIENTED_EDGE('',*,*,#1252,.T.);
#1663=ORIENTED_EDGE('',*,*,#1244,.T.);
#1664=ORIENTED_EDGE('',*,*,#1197,.T.);
#1665=ORIENTED_EDGE('',*,*,#1247,.T.);
#1666=ORIENTED_EDGE('',*,*,#1253,.T.);
#1667=ORIENTED_EDGE('',*,*,#1251,.T.);
#1668=ORIENTED_EDGE('',*,*,#1196,.T.);
#1669=ORIENTED_EDGE('',*,*,#1250,.T.);
#1670=ORIENTED_EDGE('',*,*,#1254,.T.);
#1671=ORIENTED_EDGE('',*,*,#1201,.T.);
#1672=ORIENTED_EDGE('',*,*,#1198,.T.);
#1673=ORIENTED_EDGE('',*,*,#1253,.F.);
#1674=ORIENTED_EDGE('',*,*,#1246,.F.);
#1675=ORIENTED_EDGE('',*,*,#1245,.F.);
#1676=ORIENTED_EDGE('',*,*,#1252,.F.);
#1677=ORIENTED_EDGE('',*,*,#1254,.F.);
#1678=ORIENTED_EDGE('',*,*,#1249,.F.);
#1679=ORIENTED_EDGE('',*,*,#1242,.F.);
#1680=ORIENTED_EDGE('',*,*,#1248,.F.);
#1681=ORIENTED_EDGE('',*,*,#1255,.T.);
#1682=ORIENTED_EDGE('',*,*,#1256,.T.);
#1683=ORIENTED_EDGE('',*,*,#1257,.T.);
#1684=ORIENTED_EDGE('',*,*,#1258,.T.);
#1685=ORIENTED_EDGE('',*,*,#1259,.T.);
#1686=ORIENTED_EDGE('',*,*,#1260,.T.);
#1687=ORIENTED_EDGE('',*,*,#1261,.F.);
#1688=ORIENTED_EDGE('',*,*,#1140,.F.);
#1689=ORIENTED_EDGE('',*,*,#1262,.F.);
#1690=ORIENTED_EDGE('',*,*,#1260,.F.);
#1691=ORIENTED_EDGE('',*,*,#1262,.T.);
#1692=ORIENTED_EDGE('',*,*,#1139,.F.);
#1693=ORIENTED_EDGE('',*,*,#1263,.F.);
#1694=ORIENTED_EDGE('',*,*,#1255,.F.);
#1695=ORIENTED_EDGE('',*,*,#1261,.T.);
#1696=ORIENTED_EDGE('',*,*,#1259,.F.);
#1697=ORIENTED_EDGE('',*,*,#1264,.F.);
#1698=ORIENTED_EDGE('',*,*,#1226,.F.);
#1699=ORIENTED_EDGE('',*,*,#1263,.T.);
#1700=ORIENTED_EDGE('',*,*,#1138,.F.);
#1701=ORIENTED_EDGE('',*,*,#1265,.F.);
#1702=ORIENTED_EDGE('',*,*,#1256,.F.);
#1703=ORIENTED_EDGE('',*,*,#1264,.T.);
#1704=ORIENTED_EDGE('',*,*,#1258,.F.);
#1705=ORIENTED_EDGE('',*,*,#1266,.F.);
#1706=ORIENTED_EDGE('',*,*,#1136,.F.);
#1707=ORIENTED_EDGE('',*,*,#1265,.T.);
#1708=ORIENTED_EDGE('',*,*,#1137,.F.);
#1709=ORIENTED_EDGE('',*,*,#1266,.T.);
#1710=ORIENTED_EDGE('',*,*,#1257,.F.);
#1711=ORIENTED_EDGE('',*,*,#1267,.T.);
#1712=ORIENTED_EDGE('',*,*,#1268,.T.);
#1713=ORIENTED_EDGE('',*,*,#1269,.T.);
#1714=ORIENTED_EDGE('',*,*,#1270,.T.);
#1715=ORIENTED_EDGE('',*,*,#1271,.T.);
#1716=ORIENTED_EDGE('',*,*,#1272,.T.);
#1717=ORIENTED_EDGE('',*,*,#1273,.T.);
#1718=ORIENTED_EDGE('',*,*,#1274,.T.);
#1719=ORIENTED_EDGE('',*,*,#1177,.T.);
#1720=ORIENTED_EDGE('',*,*,#1275,.T.);
#1721=ORIENTED_EDGE('',*,*,#1276,.T.);
#1722=ORIENTED_EDGE('',*,*,#1277,.T.);
#1723=ORIENTED_EDGE('',*,*,#1278,.T.);
#1724=ORIENTED_EDGE('',*,*,#1279,.T.);
#1725=ORIENTED_EDGE('',*,*,#1174,.T.);
#1726=ORIENTED_EDGE('',*,*,#1280,.T.);
#1727=ORIENTED_EDGE('',*,*,#1281,.T.);
#1728=ORIENTED_EDGE('',*,*,#1282,.T.);
#1729=ORIENTED_EDGE('',*,*,#1283,.T.);
#1730=ORIENTED_EDGE('',*,*,#1284,.T.);
#1731=ORIENTED_EDGE('',*,*,#1285,.T.);
#1732=ORIENTED_EDGE('',*,*,#1286,.T.);
#1733=ORIENTED_EDGE('',*,*,#1287,.T.);
#1734=ORIENTED_EDGE('',*,*,#1288,.T.);
#1735=ORIENTED_EDGE('',*,*,#1289,.T.);
#1736=ORIENTED_EDGE('',*,*,#1290,.T.);
#1737=ORIENTED_EDGE('',*,*,#1291,.T.);
#1738=ORIENTED_EDGE('',*,*,#1292,.T.);
#1739=ORIENTED_EDGE('',*,*,#1293,.T.);
#1740=ORIENTED_EDGE('',*,*,#1294,.T.);
#1741=ORIENTED_EDGE('',*,*,#1295,.T.);
#1742=ORIENTED_EDGE('',*,*,#1296,.T.);
#1743=ORIENTED_EDGE('',*,*,#1297,.T.);
#1744=ORIENTED_EDGE('',*,*,#1298,.T.);
#1745=ORIENTED_EDGE('',*,*,#1299,.T.);
#1746=ORIENTED_EDGE('',*,*,#1300,.T.);
#1747=ORIENTED_EDGE('',*,*,#1301,.T.);
#1748=ORIENTED_EDGE('',*,*,#1302,.T.);
#1749=ORIENTED_EDGE('',*,*,#1303,.T.);
#1750=ORIENTED_EDGE('',*,*,#1304,.T.);
#1751=ORIENTED_EDGE('',*,*,#1305,.T.);
#1752=ORIENTED_EDGE('',*,*,#1306,.T.);
#1753=ORIENTED_EDGE('',*,*,#1307,.T.);
#1754=ORIENTED_EDGE('',*,*,#1308,.T.);
#1755=ORIENTED_EDGE('',*,*,#1309,.T.);
#1756=ORIENTED_EDGE('',*,*,#1310,.T.);
#1757=ORIENTED_EDGE('',*,*,#1311,.T.);
#1758=ORIENTED_EDGE('',*,*,#1312,.T.);
#1759=ORIENTED_EDGE('',*,*,#1191,.T.);
#1760=ORIENTED_EDGE('',*,*,#1313,.T.);
#1761=ORIENTED_EDGE('',*,*,#1314,.T.);
#1762=ORIENTED_EDGE('',*,*,#1315,.T.);
#1763=ORIENTED_EDGE('',*,*,#1316,.T.);
#1764=ORIENTED_EDGE('',*,*,#1317,.T.);
#1765=ORIENTED_EDGE('',*,*,#1188,.T.);
#1766=ORIENTED_EDGE('',*,*,#1318,.T.);
#1767=ORIENTED_EDGE('',*,*,#1319,.T.);
#1768=ORIENTED_EDGE('',*,*,#1320,.T.);
#1769=ORIENTED_EDGE('',*,*,#1321,.T.);
#1770=ORIENTED_EDGE('',*,*,#1322,.T.);
#1771=ORIENTED_EDGE('',*,*,#1323,.T.);
#1772=ORIENTED_EDGE('',*,*,#1324,.T.);
#1773=ORIENTED_EDGE('',*,*,#1325,.T.);
#1774=ORIENTED_EDGE('',*,*,#1326,.T.);
#1775=ORIENTED_EDGE('',*,*,#1327,.T.);
#1776=ORIENTED_EDGE('',*,*,#1328,.T.);
#1777=ORIENTED_EDGE('',*,*,#1184,.T.);
#1778=ORIENTED_EDGE('',*,*,#1329,.T.);
#1779=ORIENTED_EDGE('',*,*,#1330,.T.);
#1780=ORIENTED_EDGE('',*,*,#1331,.T.);
#1781=ORIENTED_EDGE('',*,*,#1332,.T.);
#1782=ORIENTED_EDGE('',*,*,#1333,.T.);
#1783=ORIENTED_EDGE('',*,*,#1334,.T.);
#1784=ORIENTED_EDGE('',*,*,#1335,.T.);
#1785=ORIENTED_EDGE('',*,*,#1181,.T.);
#1786=ORIENTED_EDGE('',*,*,#1336,.T.);
#1787=ORIENTED_EDGE('',*,*,#1337,.T.);
#1788=ORIENTED_EDGE('',*,*,#1338,.T.);
#1789=ORIENTED_EDGE('',*,*,#1339,.T.);
#1790=ORIENTED_EDGE('',*,*,#1340,.T.);
#1791=ORIENTED_EDGE('',*,*,#1341,.T.);
#1792=ORIENTED_EDGE('',*,*,#1342,.T.);
#1793=ORIENTED_EDGE('',*,*,#1343,.T.);
#1794=ORIENTED_EDGE('',*,*,#1344,.T.);
#1795=ORIENTED_EDGE('',*,*,#1345,.F.);
#1796=ORIENTED_EDGE('',*,*,#1146,.F.);
#1797=ORIENTED_EDGE('',*,*,#1346,.F.);
#1798=ORIENTED_EDGE('',*,*,#1272,.F.);
#1799=ORIENTED_EDGE('',*,*,#1346,.T.);
#1800=ORIENTED_EDGE('',*,*,#1145,.F.);
#1801=ORIENTED_EDGE('',*,*,#1347,.F.);
#1802=ORIENTED_EDGE('',*,*,#1267,.F.);
#1803=ORIENTED_EDGE('',*,*,#1345,.T.);
#1804=ORIENTED_EDGE('',*,*,#1271,.F.);
#1805=ORIENTED_EDGE('',*,*,#1348,.F.);
#1806=ORIENTED_EDGE('',*,*,#1225,.F.);
#1807=ORIENTED_EDGE('',*,*,#1347,.T.);
#1808=ORIENTED_EDGE('',*,*,#1144,.F.);
#1809=ORIENTED_EDGE('',*,*,#1349,.F.);
#1810=ORIENTED_EDGE('',*,*,#1268,.F.);
#1811=ORIENTED_EDGE('',*,*,#1348,.T.);
#1812=ORIENTED_EDGE('',*,*,#1270,.F.);
#1813=ORIENTED_EDGE('',*,*,#1350,.F.);
#1814=ORIENTED_EDGE('',*,*,#1142,.F.);
#1815=ORIENTED_EDGE('',*,*,#1349,.T.);
#1816=ORIENTED_EDGE('',*,*,#1143,.F.);
#1817=ORIENTED_EDGE('',*,*,#1350,.T.);
#1818=ORIENTED_EDGE('',*,*,#1269,.F.);
#1819=ORIENTED_EDGE('',*,*,#1351,.F.);
#1820=ORIENTED_EDGE('',*,*,#1152,.F.);
#1821=ORIENTED_EDGE('',*,*,#1352,.F.);
#1822=ORIENTED_EDGE('',*,*,#1312,.F.);
#1823=ORIENTED_EDGE('',*,*,#1352,.T.);
#1824=ORIENTED_EDGE('',*,*,#1151,.F.);
#1825=ORIENTED_EDGE('',*,*,#1353,.F.);
#1826=ORIENTED_EDGE('',*,*,#1307,.F.);
#1827=ORIENTED_EDGE('',*,*,#1351,.T.);
#1828=ORIENTED_EDGE('',*,*,#1311,.F.);
#1829=ORIENTED_EDGE('',*,*,#1354,.F.);
#1830=ORIENTED_EDGE('',*,*,#1224,.F.);
#1831=ORIENTED_EDGE('',*,*,#1353,.T.);
#1832=ORIENTED_EDGE('',*,*,#1150,.F.);
#1833=ORIENTED_EDGE('',*,*,#1355,.F.);
#1834=ORIENTED_EDGE('',*,*,#1308,.F.);
#1835=ORIENTED_EDGE('',*,*,#1354,.T.);
#1836=ORIENTED_EDGE('',*,*,#1310,.F.);
#1837=ORIENTED_EDGE('',*,*,#1356,.F.);
#1838=ORIENTED_EDGE('',*,*,#1148,.F.);
#1839=ORIENTED_EDGE('',*,*,#1355,.T.);
#1840=ORIENTED_EDGE('',*,*,#1149,.F.);
#1841=ORIENTED_EDGE('',*,*,#1356,.T.);
#1842=ORIENTED_EDGE('',*,*,#1309,.F.);
#1843=ORIENTED_EDGE('',*,*,#1357,.F.);
#1844=ORIENTED_EDGE('',*,*,#1158,.F.);
#1845=ORIENTED_EDGE('',*,*,#1358,.F.);
#1846=ORIENTED_EDGE('',*,*,#1306,.F.);
#1847=ORIENTED_EDGE('',*,*,#1358,.T.);
#1848=ORIENTED_EDGE('',*,*,#1157,.F.);
#1849=ORIENTED_EDGE('',*,*,#1359,.F.);
#1850=ORIENTED_EDGE('',*,*,#1301,.F.);
#1851=ORIENTED_EDGE('',*,*,#1357,.T.);
#1852=ORIENTED_EDGE('',*,*,#1305,.F.);
#1853=ORIENTED_EDGE('',*,*,#1360,.F.);
#1854=ORIENTED_EDGE('',*,*,#1223,.F.);
#1855=ORIENTED_EDGE('',*,*,#1359,.T.);
#1856=ORIENTED_EDGE('',*,*,#1156,.F.);
#1857=ORIENTED_EDGE('',*,*,#1361,.F.);
#1858=ORIENTED_EDGE('',*,*,#1302,.F.);
#1859=ORIENTED_EDGE('',*,*,#1360,.T.);
#1860=ORIENTED_EDGE('',*,*,#1304,.F.);
#1861=ORIENTED_EDGE('',*,*,#1362,.F.);
#1862=ORIENTED_EDGE('',*,*,#1154,.F.);
#1863=ORIENTED_EDGE('',*,*,#1361,.T.);
#1864=ORIENTED_EDGE('',*,*,#1155,.F.);
#1865=ORIENTED_EDGE('',*,*,#1362,.T.);
#1866=ORIENTED_EDGE('',*,*,#1303,.F.);
#1867=ORIENTED_EDGE('',*,*,#1363,.F.);
#1868=ORIENTED_EDGE('',*,*,#1071,.F.);
#1869=ORIENTED_EDGE('',*,*,#1193,.F.);
#1870=ORIENTED_EDGE('',*,*,#1192,.F.);
#1871=ORIENTED_EDGE('',*,*,#1317,.F.);
#1872=ORIENTED_EDGE('',*,*,#1363,.T.);
#1873=ORIENTED_EDGE('',*,*,#1316,.F.);
#1874=ORIENTED_EDGE('',*,*,#1364,.F.);
#1875=ORIENTED_EDGE('',*,*,#1221,.F.);
#1876=ORIENTED_EDGE('',*,*,#1190,.T.);
#1877=ORIENTED_EDGE('',*,*,#1069,.F.);
#1878=ORIENTED_EDGE('',*,*,#1163,.F.);
#1879=ORIENTED_EDGE('',*,*,#1365,.F.);
#1880=ORIENTED_EDGE('',*,*,#1313,.F.);
#1881=ORIENTED_EDGE('',*,*,#1364,.T.);
#1882=ORIENTED_EDGE('',*,*,#1315,.F.);
#1883=ORIENTED_EDGE('',*,*,#1366,.F.);
#1884=ORIENTED_EDGE('',*,*,#1161,.F.);
#1885=ORIENTED_EDGE('',*,*,#1235,.F.);
#1886=ORIENTED_EDGE('',*,*,#1234,.F.);
#1887=ORIENTED_EDGE('',*,*,#1365,.T.);
#1888=ORIENTED_EDGE('',*,*,#1162,.F.);
#1889=ORIENTED_EDGE('',*,*,#1366,.T.);
#1890=ORIENTED_EDGE('',*,*,#1314,.F.);
#1891=ORIENTED_EDGE('',*,*,#1367,.F.);
#1892=ORIENTED_EDGE('',*,*,#1077,.F.);
#1893=ORIENTED_EDGE('',*,*,#1189,.F.);
#1894=ORIENTED_EDGE('',*,*,#1322,.F.);
#1895=ORIENTED_EDGE('',*,*,#1367,.T.);
#1896=ORIENTED_EDGE('',*,*,#1321,.F.);
#1897=ORIENTED_EDGE('',*,*,#1368,.F.);
#1898=ORIENTED_EDGE('',*,*,#1220,.F.);
#1899=ORIENTED_EDGE('',*,*,#1187,.T.);
#1900=ORIENTED_EDGE('',*,*,#1075,.F.);
#1901=ORIENTED_EDGE('',*,*,#1369,.F.);
#1902=ORIENTED_EDGE('',*,*,#1318,.F.);
#1903=ORIENTED_EDGE('',*,*,#1368,.T.);
#1904=ORIENTED_EDGE('',*,*,#1320,.F.);
#1905=ORIENTED_EDGE('',*,*,#1370,.F.);
#1906=ORIENTED_EDGE('',*,*,#1073,.F.);
#1907=ORIENTED_EDGE('',*,*,#1369,.T.);
#1908=ORIENTED_EDGE('',*,*,#1074,.F.);
#1909=ORIENTED_EDGE('',*,*,#1370,.T.);
#1910=ORIENTED_EDGE('',*,*,#1319,.F.);
#1911=ORIENTED_EDGE('',*,*,#1371,.F.);
#1912=ORIENTED_EDGE('',*,*,#1083,.F.);
#1913=ORIENTED_EDGE('',*,*,#1186,.F.);
#1914=ORIENTED_EDGE('',*,*,#1185,.F.);
#1915=ORIENTED_EDGE('',*,*,#1333,.F.);
#1916=ORIENTED_EDGE('',*,*,#1371,.T.);
#1917=ORIENTED_EDGE('',*,*,#1332,.F.);
#1918=ORIENTED_EDGE('',*,*,#1372,.F.);
#1919=ORIENTED_EDGE('',*,*,#1219,.F.);
#1920=ORIENTED_EDGE('',*,*,#1183,.T.);
#1921=ORIENTED_EDGE('',*,*,#1081,.F.);
#1922=ORIENTED_EDGE('',*,*,#1373,.F.);
#1923=ORIENTED_EDGE('',*,*,#1329,.F.);
#1924=ORIENTED_EDGE('',*,*,#1372,.T.);
#1925=ORIENTED_EDGE('',*,*,#1331,.F.);
#1926=ORIENTED_EDGE('',*,*,#1374,.F.);
#1927=ORIENTED_EDGE('',*,*,#1079,.F.);
#1928=ORIENTED_EDGE('',*,*,#1373,.T.);
#1929=ORIENTED_EDGE('',*,*,#1080,.F.);
#1930=ORIENTED_EDGE('',*,*,#1374,.T.);
#1931=ORIENTED_EDGE('',*,*,#1330,.F.);
#1932=ORIENTED_EDGE('',*,*,#1375,.F.);
#1933=ORIENTED_EDGE('',*,*,#1089,.F.);
#1934=ORIENTED_EDGE('',*,*,#1376,.F.);
#1935=ORIENTED_EDGE('',*,*,#1328,.F.);
#1936=ORIENTED_EDGE('',*,*,#1376,.T.);
#1937=ORIENTED_EDGE('',*,*,#1088,.F.);
#1938=ORIENTED_EDGE('',*,*,#1377,.F.);
#1939=ORIENTED_EDGE('',*,*,#1323,.F.);
#1940=ORIENTED_EDGE('',*,*,#1375,.T.);
#1941=ORIENTED_EDGE('',*,*,#1327,.F.);
#1942=ORIENTED_EDGE('',*,*,#1378,.F.);
#1943=ORIENTED_EDGE('',*,*,#1218,.F.);
#1944=ORIENTED_EDGE('',*,*,#1377,.T.);
#1945=ORIENTED_EDGE('',*,*,#1087,.F.);
#1946=ORIENTED_EDGE('',*,*,#1379,.F.);
#1947=ORIENTED_EDGE('',*,*,#1324,.F.);
#1948=ORIENTED_EDGE('',*,*,#1378,.T.);
#1949=ORIENTED_EDGE('',*,*,#1326,.F.);
#1950=ORIENTED_EDGE('',*,*,#1380,.F.);
#1951=ORIENTED_EDGE('',*,*,#1085,.F.);
#1952=ORIENTED_EDGE('',*,*,#1379,.T.);
#1953=ORIENTED_EDGE('',*,*,#1086,.F.);
#1954=ORIENTED_EDGE('',*,*,#1380,.T.);
#1955=ORIENTED_EDGE('',*,*,#1325,.F.);
#1956=ORIENTED_EDGE('',*,*,#1381,.F.);
#1957=ORIENTED_EDGE('',*,*,#1095,.F.);
#1958=ORIENTED_EDGE('',*,*,#1382,.F.);
#1959=ORIENTED_EDGE('',*,*,#1344,.F.);
#1960=ORIENTED_EDGE('',*,*,#1382,.T.);
#1961=ORIENTED_EDGE('',*,*,#1094,.F.);
#1962=ORIENTED_EDGE('',*,*,#1383,.F.);
#1963=ORIENTED_EDGE('',*,*,#1339,.F.);
#1964=ORIENTED_EDGE('',*,*,#1381,.T.);
#1965=ORIENTED_EDGE('',*,*,#1343,.F.);
#1966=ORIENTED_EDGE('',*,*,#1384,.F.);
#1967=ORIENTED_EDGE('',*,*,#1217,.F.);
#1968=ORIENTED_EDGE('',*,*,#1383,.T.);
#1969=ORIENTED_EDGE('',*,*,#1093,.F.);
#1970=ORIENTED_EDGE('',*,*,#1385,.F.);
#1971=ORIENTED_EDGE('',*,*,#1340,.F.);
#1972=ORIENTED_EDGE('',*,*,#1384,.T.);
#1973=ORIENTED_EDGE('',*,*,#1342,.F.);
#1974=ORIENTED_EDGE('',*,*,#1386,.F.);
#1975=ORIENTED_EDGE('',*,*,#1091,.F.);
#1976=ORIENTED_EDGE('',*,*,#1385,.T.);
#1977=ORIENTED_EDGE('',*,*,#1092,.F.);
#1978=ORIENTED_EDGE('',*,*,#1386,.T.);
#1979=ORIENTED_EDGE('',*,*,#1341,.F.);
#1980=ORIENTED_EDGE('',*,*,#1387,.F.);
#1981=ORIENTED_EDGE('',*,*,#1101,.F.);
#1982=ORIENTED_EDGE('',*,*,#1388,.F.);
#1983=ORIENTED_EDGE('',*,*,#1338,.F.);
#1984=ORIENTED_EDGE('',*,*,#1388,.T.);
#1985=ORIENTED_EDGE('',*,*,#1100,.F.);
#1986=ORIENTED_EDGE('',*,*,#1389,.F.);
#1987=ORIENTED_EDGE('',*,*,#1334,.F.);
#1988=ORIENTED_EDGE('',*,*,#1387,.T.);
#1989=ORIENTED_EDGE('',*,*,#1337,.F.);
#1990=ORIENTED_EDGE('',*,*,#1390,.F.);
#1991=ORIENTED_EDGE('',*,*,#1216,.F.);
#1992=ORIENTED_EDGE('',*,*,#1389,.T.);
#1993=ORIENTED_EDGE('',*,*,#1099,.F.);
#1994=ORIENTED_EDGE('',*,*,#1182,.F.);
#1995=ORIENTED_EDGE('',*,*,#1335,.F.);
#1996=ORIENTED_EDGE('',*,*,#1390,.T.);
#1997=ORIENTED_EDGE('',*,*,#1336,.F.);
#1998=ORIENTED_EDGE('',*,*,#1180,.F.);
#1999=ORIENTED_EDGE('',*,*,#1179,.F.);
#2000=ORIENTED_EDGE('',*,*,#1097,.F.);
#2001=ORIENTED_EDGE('',*,*,#1391,.F.);
#2002=ORIENTED_EDGE('',*,*,#1107,.F.);
#2003=ORIENTED_EDGE('',*,*,#1392,.F.);
#2004=ORIENTED_EDGE('',*,*,#1277,.F.);
#2005=ORIENTED_EDGE('',*,*,#1392,.T.);
#2006=ORIENTED_EDGE('',*,*,#1106,.F.);
#2007=ORIENTED_EDGE('',*,*,#1393,.F.);
#2008=ORIENTED_EDGE('',*,*,#1273,.F.);
#2009=ORIENTED_EDGE('',*,*,#1391,.T.);
#2010=ORIENTED_EDGE('',*,*,#1276,.F.);
#2011=ORIENTED_EDGE('',*,*,#1394,.F.);
#2012=ORIENTED_EDGE('',*,*,#1215,.F.);
#2013=ORIENTED_EDGE('',*,*,#1393,.T.);
#2014=ORIENTED_EDGE('',*,*,#1105,.F.);
#2015=ORIENTED_EDGE('',*,*,#1178,.F.);
#2016=ORIENTED_EDGE('',*,*,#1274,.F.);
#2017=ORIENTED_EDGE('',*,*,#1394,.T.);
#2018=ORIENTED_EDGE('',*,*,#1275,.F.);
#2019=ORIENTED_EDGE('',*,*,#1176,.F.);
#2020=ORIENTED_EDGE('',*,*,#1103,.F.);
#2021=ORIENTED_EDGE('',*,*,#1395,.F.);
#2022=ORIENTED_EDGE('',*,*,#1115,.F.);
#2023=ORIENTED_EDGE('',*,*,#1114,.F.);
#2024=ORIENTED_EDGE('',*,*,#1396,.F.);
#2025=ORIENTED_EDGE('',*,*,#1282,.F.);
#2026=ORIENTED_EDGE('',*,*,#1396,.T.);
#2027=ORIENTED_EDGE('',*,*,#1113,.F.);
#2028=ORIENTED_EDGE('',*,*,#1397,.F.);
#2029=ORIENTED_EDGE('',*,*,#1278,.F.);
#2030=ORIENTED_EDGE('',*,*,#1395,.T.);
#2031=ORIENTED_EDGE('',*,*,#1281,.F.);
#2032=ORIENTED_EDGE('',*,*,#1398,.F.);
#2033=ORIENTED_EDGE('',*,*,#1214,.F.);
#2034=ORIENTED_EDGE('',*,*,#1397,.T.);
#2035=ORIENTED_EDGE('',*,*,#1112,.F.);
#2036=ORIENTED_EDGE('',*,*,#1111,.F.);
#2037=ORIENTED_EDGE('',*,*,#1175,.F.);
#2038=ORIENTED_EDGE('',*,*,#1279,.F.);
#2039=ORIENTED_EDGE('',*,*,#1398,.T.);
#2040=ORIENTED_EDGE('',*,*,#1280,.F.);
#2041=ORIENTED_EDGE('',*,*,#1173,.F.);
#2042=ORIENTED_EDGE('',*,*,#1172,.F.);
#2043=ORIENTED_EDGE('',*,*,#1109,.F.);
#2044=ORIENTED_EDGE('',*,*,#1399,.F.);
#2045=ORIENTED_EDGE('',*,*,#1122,.F.);
#2046=ORIENTED_EDGE('',*,*,#1400,.F.);
#2047=ORIENTED_EDGE('',*,*,#1294,.F.);
#2048=ORIENTED_EDGE('',*,*,#1400,.T.);
#2049=ORIENTED_EDGE('',*,*,#1121,.F.);
#2050=ORIENTED_EDGE('',*,*,#1401,.F.);
#2051=ORIENTED_EDGE('',*,*,#1289,.F.);
#2052=ORIENTED_EDGE('',*,*,#1399,.T.);
#2053=ORIENTED_EDGE('',*,*,#1293,.F.);
#2054=ORIENTED_EDGE('',*,*,#1402,.F.);
#2055=ORIENTED_EDGE('',*,*,#1229,.F.);
#2056=ORIENTED_EDGE('',*,*,#1401,.T.);
#2057=ORIENTED_EDGE('',*,*,#1120,.F.);
#2058=ORIENTED_EDGE('',*,*,#1403,.F.);
#2059=ORIENTED_EDGE('',*,*,#1290,.F.);
#2060=ORIENTED_EDGE('',*,*,#1402,.T.);
#2061=ORIENTED_EDGE('',*,*,#1292,.F.);
#2062=ORIENTED_EDGE('',*,*,#1404,.F.);
#2063=ORIENTED_EDGE('',*,*,#1118,.F.);
#2064=ORIENTED_EDGE('',*,*,#1403,.T.);
#2065=ORIENTED_EDGE('',*,*,#1119,.F.);
#2066=ORIENTED_EDGE('',*,*,#1404,.T.);
#2067=ORIENTED_EDGE('',*,*,#1291,.F.);
#2068=ORIENTED_EDGE('',*,*,#1405,.F.);
#2069=ORIENTED_EDGE('',*,*,#1128,.F.);
#2070=ORIENTED_EDGE('',*,*,#1406,.F.);
#2071=ORIENTED_EDGE('',*,*,#1288,.F.);
#2072=ORIENTED_EDGE('',*,*,#1406,.T.);
#2073=ORIENTED_EDGE('',*,*,#1127,.F.);
#2074=ORIENTED_EDGE('',*,*,#1407,.F.);
#2075=ORIENTED_EDGE('',*,*,#1283,.F.);
#2076=ORIENTED_EDGE('',*,*,#1405,.T.);
#2077=ORIENTED_EDGE('',*,*,#1287,.F.);
#2078=ORIENTED_EDGE('',*,*,#1408,.F.);
#2079=ORIENTED_EDGE('',*,*,#1228,.F.);
#2080=ORIENTED_EDGE('',*,*,#1407,.T.);
#2081=ORIENTED_EDGE('',*,*,#1126,.F.);
#2082=ORIENTED_EDGE('',*,*,#1409,.F.);
#2083=ORIENTED_EDGE('',*,*,#1284,.F.);
#2084=ORIENTED_EDGE('',*,*,#1408,.T.);
#2085=ORIENTED_EDGE('',*,*,#1286,.F.);
#2086=ORIENTED_EDGE('',*,*,#1410,.F.);
#2087=ORIENTED_EDGE('',*,*,#1124,.F.);
#2088=ORIENTED_EDGE('',*,*,#1409,.T.);
#2089=ORIENTED_EDGE('',*,*,#1125,.F.);
#2090=ORIENTED_EDGE('',*,*,#1410,.T.);
#2091=ORIENTED_EDGE('',*,*,#1285,.F.);
#2092=ORIENTED_EDGE('',*,*,#1411,.F.);
#2093=ORIENTED_EDGE('',*,*,#1134,.F.);
#2094=ORIENTED_EDGE('',*,*,#1412,.F.);
#2095=ORIENTED_EDGE('',*,*,#1300,.F.);
#2096=ORIENTED_EDGE('',*,*,#1412,.T.);
#2097=ORIENTED_EDGE('',*,*,#1133,.F.);
#2098=ORIENTED_EDGE('',*,*,#1413,.F.);
#2099=ORIENTED_EDGE('',*,*,#1295,.F.);
#2100=ORIENTED_EDGE('',*,*,#1411,.T.);
#2101=ORIENTED_EDGE('',*,*,#1299,.F.);
#2102=ORIENTED_EDGE('',*,*,#1414,.F.);
#2103=ORIENTED_EDGE('',*,*,#1227,.F.);
#2104=ORIENTED_EDGE('',*,*,#1413,.T.);
#2105=ORIENTED_EDGE('',*,*,#1132,.F.);
#2106=ORIENTED_EDGE('',*,*,#1415,.F.);
#2107=ORIENTED_EDGE('',*,*,#1296,.F.);
#2108=ORIENTED_EDGE('',*,*,#1414,.T.);
#2109=ORIENTED_EDGE('',*,*,#1298,.F.);
#2110=ORIENTED_EDGE('',*,*,#1416,.F.);
#2111=ORIENTED_EDGE('',*,*,#1130,.F.);
#2112=ORIENTED_EDGE('',*,*,#1415,.T.);
#2113=ORIENTED_EDGE('',*,*,#1131,.F.);
#2114=ORIENTED_EDGE('',*,*,#1416,.T.);
#2115=ORIENTED_EDGE('',*,*,#1297,.F.);
#2116=ORIENTED_EDGE('',*,*,#1236,.T.);
#2117=ORIENTED_EDGE('',*,*,#1169,.F.);
#2118=ORIENTED_EDGE('',*,*,#1417,.F.);
#2119=ORIENTED_EDGE('',*,*,#1171,.T.);
#2120=ORIENTED_EDGE('',*,*,#1168,.T.);
#2121=ORIENTED_EDGE('',*,*,#1417,.T.);
#2122=CYLINDRICAL_SURFACE('',#2308,7.5);
#2123=CYLINDRICAL_SURFACE('',#2331,3.0793145668891);
#2124=CYLINDRICAL_SURFACE('',#2334,0.4);
#2125=CYLINDRICAL_SURFACE('',#2337,0.4);
#2126=CYLINDRICAL_SURFACE('',#2339,0.4);
#2127=CYLINDRICAL_SURFACE('',#2342,0.4);
#2128=CYLINDRICAL_SURFACE('',#2345,0.4);
#2129=CYLINDRICAL_SURFACE('',#2347,0.4);
#2130=CYLINDRICAL_SURFACE('',#2350,0.1);
#2131=CYLINDRICAL_SURFACE('',#2353,1.);
#2132=CYLINDRICAL_SURFACE('',#2356,1.);
#2133=CYLINDRICAL_SURFACE('',#2363,10.);
#2134=CYLINDRICAL_SURFACE('',#2367,7.5);
#2135=CYLINDRICAL_SURFACE('',#2383,0.1);
#2136=CYLINDRICAL_SURFACE('',#2384,0.1);
#2137=CYLINDRICAL_SURFACE('',#2388,0.4);
#2138=CYLINDRICAL_SURFACE('',#2391,0.4);
#2139=CYLINDRICAL_SURFACE('',#2408,0.4);
#2140=CYLINDRICAL_SURFACE('',#2411,0.4);
#2141=CYLINDRICAL_SURFACE('',#2414,0.4);
#2142=CYLINDRICAL_SURFACE('',#2417,0.4);
#2143=CYLINDRICAL_SURFACE('',#2420,0.4);
#2144=CYLINDRICAL_SURFACE('',#2423,0.4);
#2145=CYLINDRICAL_SURFACE('',#2427,0.4);
#2146=CYLINDRICAL_SURFACE('',#2431,0.4);
#2147=CYLINDRICAL_SURFACE('',#2435,0.4);
#2148=CYLINDRICAL_SURFACE('',#2438,0.4);
#2149=CYLINDRICAL_SURFACE('',#2441,0.4);
#2150=CYLINDRICAL_SURFACE('',#2444,0.4);
#2151=CYLINDRICAL_SURFACE('',#2447,0.4);
#2152=CYLINDRICAL_SURFACE('',#2450,0.4);
#2153=CYLINDRICAL_SURFACE('',#2454,0.4);
#2154=CYLINDRICAL_SURFACE('',#2458,0.4);
#2155=CYLINDRICAL_SURFACE('',#2462,0.4);
#2156=CYLINDRICAL_SURFACE('',#2465,0.4);
#2157=CYLINDRICAL_SURFACE('',#2468,0.4);
#2158=CYLINDRICAL_SURFACE('',#2471,0.4);
#2159=CYLINDRICAL_SURFACE('',#2474,0.4);
#2160=CYLINDRICAL_SURFACE('',#2477,0.4);
#2161=ADVANCED_FACE('',(#115),#2122,.T.);
#2162=ADVANCED_FACE('',(#116),#53,.T.);
#2163=ADVANCED_FACE('',(#117),#2123,.F.);
#2164=ADVANCED_FACE('',(#118),#2124,.T.);
#2165=ADVANCED_FACE('',(#119),#2125,.T.);
#2166=ADVANCED_FACE('',(#120),#2126,.T.);
#2167=ADVANCED_FACE('',(#121),#2127,.T.);
#2168=ADVANCED_FACE('',(#122),#2128,.T.);
#2169=ADVANCED_FACE('',(#123),#2129,.T.);
#2170=ADVANCED_FACE('',(#124),#2130,.F.);
#2171=ADVANCED_FACE('',(#125),#2131,.F.);
#2172=ADVANCED_FACE('',(#126),#2132,.F.);
#2173=ADVANCED_FACE('',(#127),#49,.T.);
#2174=ADVANCED_FACE('',(#128),#50,.F.);
#2175=ADVANCED_FACE('',(#129),#48,.T.);
#2176=ADVANCED_FACE('',(#130),#2133,.T.);
#2177=ADVANCED_FACE('',(#131),#2134,.T.);
#2178=ADVANCED_FACE('',(#132,#15),#21,.T.);
#2179=ADVANCED_FACE('',(#133,#16),#22,.T.);
#2180=ADVANCED_FACE('',(#134),#54,.T.);
#2181=ADVANCED_FACE('',(#135),#51,.F.);
#2182=ADVANCED_FACE('',(#136,#17),#23,.F.);
#2183=ADVANCED_FACE('',(#137),#52,.T.);
#2184=ADVANCED_FACE('',(#138,#18,#19,#20),#24,.T.);
#2185=ADVANCED_FACE('',(#139),#25,.F.);
#2186=ADVANCED_FACE('',(#140),#26,.F.);
#2187=ADVANCED_FACE('',(#141),#27,.F.);
#2188=ADVANCED_FACE('',(#142),#28,.F.);
#2189=ADVANCED_FACE('',(#143),#29,.T.);
#2190=ADVANCED_FACE('',(#144),#30,.T.);
#2191=ADVANCED_FACE('',(#145),#2135,.F.);
#2192=ADVANCED_FACE('',(#146),#2136,.F.);
#2193=ADVANCED_FACE('',(#147),#31,.F.);
#2194=ADVANCED_FACE('',(#148),#55,.T.);
#2195=ADVANCED_FACE('',(#149),#2137,.T.);
#2196=ADVANCED_FACE('',(#150),#56,.T.);
#2197=ADVANCED_FACE('',(#151),#57,.T.);
#2198=ADVANCED_FACE('',(#152),#58,.T.);
#2199=ADVANCED_FACE('',(#153),#2138,.T.);
#2200=ADVANCED_FACE('',(#154),#32,.F.);
#2201=ADVANCED_FACE('',(#155),#33,.F.);
#2202=ADVANCED_FACE('',(#156),#34,.F.);
#2203=ADVANCED_FACE('',(#157),#35,.F.);
#2204=ADVANCED_FACE('',(#158),#36,.F.);
#2205=ADVANCED_FACE('',(#159),#37,.F.);
#2206=ADVANCED_FACE('',(#160),#38,.F.);
#2207=ADVANCED_FACE('',(#161),#39,.F.);
#2208=ADVANCED_FACE('',(#162),#40,.F.);
#2209=ADVANCED_FACE('',(#163),#41,.F.);
#2210=ADVANCED_FACE('',(#164),#42,.F.);
#2211=ADVANCED_FACE('',(#165),#43,.F.);
#2212=ADVANCED_FACE('',(#166),#44,.F.);
#2213=ADVANCED_FACE('',(#167),#45,.F.);
#2214=ADVANCED_FACE('',(#168),#59,.T.);
#2215=ADVANCED_FACE('',(#169),#2139,.T.);
#2216=ADVANCED_FACE('',(#170),#60,.T.);
#2217=ADVANCED_FACE('',(#171),#61,.T.);
#2218=ADVANCED_FACE('',(#172),#62,.T.);
#2219=ADVANCED_FACE('',(#173),#2140,.T.);
#2220=ADVANCED_FACE('',(#174),#63,.T.);
#2221=ADVANCED_FACE('',(#175),#2141,.T.);
#2222=ADVANCED_FACE('',(#176),#64,.T.);
#2223=ADVANCED_FACE('',(#177),#65,.T.);
#2224=ADVANCED_FACE('',(#178),#66,.T.);
#2225=ADVANCED_FACE('',(#179),#2142,.T.);
#2226=ADVANCED_FACE('',(#180),#67,.T.);
#2227=ADVANCED_FACE('',(#181),#2143,.T.);
#2228=ADVANCED_FACE('',(#182),#68,.T.);
#2229=ADVANCED_FACE('',(#183),#69,.T.);
#2230=ADVANCED_FACE('',(#184),#70,.T.);
#2231=ADVANCED_FACE('',(#185),#2144,.T.);
#2232=ADVANCED_FACE('',(#186),#71,.T.);
#2233=ADVANCED_FACE('',(#187),#72,.T.);
#2234=ADVANCED_FACE('',(#188),#73,.T.);
#2235=ADVANCED_FACE('',(#189),#74,.T.);
#2236=ADVANCED_FACE('',(#190),#2145,.T.);
#2237=ADVANCED_FACE('',(#191),#75,.T.);
#2238=ADVANCED_FACE('',(#192),#76,.T.);
#2239=ADVANCED_FACE('',(#193),#77,.T.);
#2240=ADVANCED_FACE('',(#194),#78,.T.);
#2241=ADVANCED_FACE('',(#195),#2146,.T.);
#2242=ADVANCED_FACE('',(#196),#79,.T.);
#2243=ADVANCED_FACE('',(#197),#80,.T.);
#2244=ADVANCED_FACE('',(#198),#81,.T.);
#2245=ADVANCED_FACE('',(#199),#82,.T.);
#2246=ADVANCED_FACE('',(#200),#2147,.T.);
#2247=ADVANCED_FACE('',(#201),#83,.T.);
#2248=ADVANCED_FACE('',(#202),#2148,.T.);
#2249=ADVANCED_FACE('',(#203),#84,.T.);
#2250=ADVANCED_FACE('',(#204),#85,.T.);
#2251=ADVANCED_FACE('',(#205),#86,.T.);
#2252=ADVANCED_FACE('',(#206),#2149,.T.);
#2253=ADVANCED_FACE('',(#207),#87,.T.);
#2254=ADVANCED_FACE('',(#208),#2150,.T.);
#2255=ADVANCED_FACE('',(#209),#88,.T.);
#2256=ADVANCED_FACE('',(#210),#89,.T.);
#2257=ADVANCED_FACE('',(#211),#90,.T.);
#2258=ADVANCED_FACE('',(#212),#2151,.T.);
#2259=ADVANCED_FACE('',(#213),#91,.T.);
#2260=ADVANCED_FACE('',(#214),#2152,.T.);
#2261=ADVANCED_FACE('',(#215),#92,.T.);
#2262=ADVANCED_FACE('',(#216),#93,.T.);
#2263=ADVANCED_FACE('',(#217),#94,.T.);
#2264=ADVANCED_FACE('',(#218),#95,.T.);
#2265=ADVANCED_FACE('',(#219),#2153,.T.);
#2266=ADVANCED_FACE('',(#220),#96,.T.);
#2267=ADVANCED_FACE('',(#221),#97,.T.);
#2268=ADVANCED_FACE('',(#222),#98,.T.);
#2269=ADVANCED_FACE('',(#223),#99,.T.);
#2270=ADVANCED_FACE('',(#224),#2154,.T.);
#2271=ADVANCED_FACE('',(#225),#100,.T.);
#2272=ADVANCED_FACE('',(#226),#101,.T.);
#2273=ADVANCED_FACE('',(#227),#102,.T.);
#2274=ADVANCED_FACE('',(#228),#103,.T.);
#2275=ADVANCED_FACE('',(#229),#2155,.T.);
#2276=ADVANCED_FACE('',(#230),#104,.T.);
#2277=ADVANCED_FACE('',(#231),#105,.T.);
#2278=ADVANCED_FACE('',(#232),#106,.T.);
#2279=ADVANCED_FACE('',(#233),#2156,.T.);
#2280=ADVANCED_FACE('',(#234),#107,.T.);
#2281=ADVANCED_FACE('',(#235),#2157,.T.);
#2282=ADVANCED_FACE('',(#236),#108,.T.);
#2283=ADVANCED_FACE('',(#237),#109,.T.);
#2284=ADVANCED_FACE('',(#238),#110,.T.);
#2285=ADVANCED_FACE('',(#239),#2158,.T.);
#2286=ADVANCED_FACE('',(#240),#111,.T.);
#2287=ADVANCED_FACE('',(#241),#2159,.T.);
#2288=ADVANCED_FACE('',(#242),#112,.T.);
#2289=ADVANCED_FACE('',(#243),#113,.T.);
#2290=ADVANCED_FACE('',(#244),#114,.T.);
#2291=ADVANCED_FACE('',(#245),#2160,.T.);
#2292=ADVANCED_FACE('',(#246),#46,.F.);
#2293=ADVANCED_FACE('',(#247),#47,.T.);
#2294=CLOSED_SHELL('',(#2161,#2162,#2163,#2164,#2165,#2166,#2167,#2168,
#2169,#2170,#2171,#2172,#2173,#2174,#2175,#2176,#2177,#2178,#2179,#2180,
#2181,#2182,#2183,#2184,#2185,#2186,#2187,#2188,#2189,#2190,#2191,#2192,
#2193,#2194,#2195,#2196,#2197,#2198,#2199,#2200,#2201,#2202,#2203,#2204,
#2205,#2206,#2207,#2208,#2209,#2210,#2211,#2212,#2213,#2214,#2215,#2216,
#2217,#2218,#2219,#2220,#2221,#2222,#2223,#2224,#2225,#2226,#2227,#2228,
#2229,#2230,#2231,#2232,#2233,#2234,#2235,#2236,#2237,#2238,#2239,#2240,
#2241,#2242,#2243,#2244,#2245,#2246,#2247,#2248,#2249,#2250,#2251,#2252,
#2253,#2254,#2255,#2256,#2257,#2258,#2259,#2260,#2261,#2262,#2263,#2264,
#2265,#2266,#2267,#2268,#2269,#2270,#2271,#2272,#2273,#2274,#2275,#2276,
#2277,#2278,#2279,#2280,#2281,#2282,#2283,#2284,#2285,#2286,#2287,#2288,
#2289,#2290,#2291,#2292,#2293));
#2295=DERIVED_UNIT_ELEMENT(#2297,1.);
#2296=DERIVED_UNIT_ELEMENT(#6376,-3.);
#2297=(
MASS_UNIT()
NAMED_UNIT(*)
SI_UNIT(.KILO.,.GRAM.)
);
#2298=DERIVED_UNIT((#2295,#2296));
#2299=MEASURE_REPRESENTATION_ITEM('density measure',
POSITIVE_RATIO_MEASURE(7850.),#2298);
#2300=PROPERTY_DEFINITION_REPRESENTATION(#2305,#2302);
#2301=PROPERTY_DEFINITION_REPRESENTATION(#2306,#2303);
#2302=REPRESENTATION('material name',(#2304),#6373);
#2303=REPRESENTATION('density',(#2299),#6373);
#2304=DESCRIPTIVE_REPRESENTATION_ITEM('Steel','Steel');
#2305=PROPERTY_DEFINITION('material property','material name',#6383);
#2306=PROPERTY_DEFINITION('material property','density of part',#6383);
#2307=AXIS2_PLACEMENT_3D('',#2926,#2480,#2481);
#2308=AXIS2_PLACEMENT_3D('',#2927,#2482,#2483);
#2309=AXIS2_PLACEMENT_3D('',#2930,#2484,#2485);
#2310=AXIS2_PLACEMENT_3D('',#2932,#2486,#2487);
#2311=AXIS2_PLACEMENT_3D('',#2952,#2490,#2491);
#2312=AXIS2_PLACEMENT_3D('',#3001,#2494,#2495);
#2313=AXIS2_PLACEMENT_3D('',#3050,#2498,#2499);
#2314=AXIS2_PLACEMENT_3D('',#3077,#2502,#2503);
#2315=AXIS2_PLACEMENT_3D('',#3104,#2506,#2507);
#2316=AXIS2_PLACEMENT_3D('',#3153,#2510,#2511);
#2317=AXIS2_PLACEMENT_3D('',#3202,#2514,#2515);
#2318=AXIS2_PLACEMENT_3D('',#3227,#2518,#2519);
#2319=AXIS2_PLACEMENT_3D('',#3236,#2520,#2521);
#2320=AXIS2_PLACEMENT_3D('',#3238,#2522,#2523);
#2321=AXIS2_PLACEMENT_3D('',#3287,#2526,#2527);
#2322=AXIS2_PLACEMENT_3D('',#3336,#2530,#2531);
#2323=AXIS2_PLACEMENT_3D('',#3385,#2534,#2535);
#2324=AXIS2_PLACEMENT_3D('',#3434,#2538,#2539);
#2325=AXIS2_PLACEMENT_3D('',#3483,#2542,#2543);
#2326=AXIS2_PLACEMENT_3D('',#3532,#2546,#2547);
#2327=AXIS2_PLACEMENT_3D('',#3581,#2550,#2551);
#2328=AXIS2_PLACEMENT_3D('',#3585,#2553,#2554);
#2329=AXIS2_PLACEMENT_3D('',#3592,#2556,#2557);
#2330=AXIS2_PLACEMENT_3D('',#3615,#2558,#2559);
#2331=AXIS2_PLACEMENT_3D('',#3626,#2560,#2561);
#2332=AXIS2_PLACEMENT_3D('',#3629,#2562,#2563);
#2333=AXIS2_PLACEMENT_3D('',#3633,#2565,#2566);
#2334=AXIS2_PLACEMENT_3D('',#3635,#2568,#2569);
#2335=AXIS2_PLACEMENT_3D('',#3637,#2570,#2571);
#2336=AXIS2_PLACEMENT_3D('',#3639,#2572,#2573);
#2337=AXIS2_PLACEMENT_3D('',#3654,#2575,#2576);
#2338=AXIS2_PLACEMENT_3D('',#3656,#2577,#2578);
#2339=AXIS2_PLACEMENT_3D('',#3673,#2580,#2581);
#2340=AXIS2_PLACEMENT_3D('',#3675,#2582,#2583);
#2341=AXIS2_PLACEMENT_3D('',#3677,#2584,#2585);
#2342=AXIS2_PLACEMENT_3D('',#3692,#2587,#2588);
#2343=AXIS2_PLACEMENT_3D('',#3709,#2590,#2591);
#2344=AXIS2_PLACEMENT_3D('',#3710,#2592,#2593);
#2345=AXIS2_PLACEMENT_3D('',#3711,#2594,#2595);
#2346=AXIS2_PLACEMENT_3D('',#3727,#2597,#2598);
#2347=AXIS2_PLACEMENT_3D('',#3728,#2599,#2600);
#2348=AXIS2_PLACEMENT_3D('',#3745,#2602,#2603);
#2349=AXIS2_PLACEMENT_3D('',#3746,#2604,#2605);
#2350=AXIS2_PLACEMENT_3D('',#3747,#2606,#2607);
#2351=AXIS2_PLACEMENT_3D('',#3750,#2608,#2609);
#2352=AXIS2_PLACEMENT_3D('',#3754,#2611,#2612);
#2353=AXIS2_PLACEMENT_3D('',#3756,#2614,#2615);
#2354=AXIS2_PLACEMENT_3D('',#3758,#2616,#2617);
#2355=AXIS2_PLACEMENT_3D('',#3761,#2619,#2620);
#2356=AXIS2_PLACEMENT_3D('',#3762,#2621,#2622);
#2357=AXIS2_PLACEMENT_3D('',#3764,#2623,#2624);
#2358=AXIS2_PLACEMENT_3D('',#3767,#2626,#2627);
#2359=AXIS2_PLACEMENT_3D('',#3964,#2632,#2633);
#2360=AXIS2_PLACEMENT_3D('',#3966,#2634,#2635);
#2361=AXIS2_PLACEMENT_3D('',#3967,#2636,#2637);
#2362=AXIS2_PLACEMENT_3D('',#4017,#2638,#2639);
#2363=AXIS2_PLACEMENT_3D('',#4060,#2640,#2641);
#2364=AXIS2_PLACEMENT_3D('',#4062,#2642,#2643);
#2365=AXIS2_PLACEMENT_3D('',#4065,#2645,#2646);
#2366=AXIS2_PLACEMENT_3D('',#4066,#2647,#2648);
#2367=AXIS2_PLACEMENT_3D('',#4067,#2649,#2650);
#2368=AXIS2_PLACEMENT_3D('',#4106,#2651,#2652);
#2369=AXIS2_PLACEMENT_3D('',#4107,#2653,#2654);
#2370=AXIS2_PLACEMENT_3D('',#4109,#2656,#2657);
#2371=AXIS2_PLACEMENT_3D('',#4328,#2658,#2659);
#2372=AXIS2_PLACEMENT_3D('',#4369,#2660,#2661);
#2373=AXIS2_PLACEMENT_3D('',#4374,#2663,#2664);
#2374=AXIS2_PLACEMENT_3D('',#4378,#2667,#2668);
#2375=AXIS2_PLACEMENT_3D('',#4379,#2669,#2670);
#2376=AXIS2_PLACEMENT_3D('',#4385,#2674,#2675);
#2377=AXIS2_PLACEMENT_3D('',#4389,#2678,#2679);
#2378=AXIS2_PLACEMENT_3D('',#4393,#2682,#2683);
#2379=AXIS2_PLACEMENT_3D('',#4394,#2684,#2685);
#2380=AXIS2_PLACEMENT_3D('',#4395,#2686,#2687);
#2381=AXIS2_PLACEMENT_3D('',#4396,#2688,#2689);
#2382=AXIS2_PLACEMENT_3D('',#4397,#2690,#2691);
#2383=AXIS2_PLACEMENT_3D('',#4398,#2692,#2693);
#2384=AXIS2_PLACEMENT_3D('',#4399,#2694,#2695);
#2385=AXIS2_PLACEMENT_3D('',#4400,#2696,#2697);
#2386=AXIS2_PLACEMENT_3D('',#4454,#2701,#2702);
#2387=AXIS2_PLACEMENT_3D('',#4455,#2703,#2704);
#2388=AXIS2_PLACEMENT_3D('',#4456,#2705,#2706);
#2389=AXIS2_PLACEMENT_3D('',#4487,#2707,#2708);
#2390=AXIS2_PLACEMENT_3D('',#4536,#2709,#2710);
#2391=AXIS2_PLACEMENT_3D('',#4537,#2711,#2712);
#2392=AXIS2_PLACEMENT_3D('',#4538,#2713,#2714);
#2393=AXIS2_PLACEMENT_3D('',#4574,#2718,#2719);
#2394=AXIS2_PLACEMENT_3D('',#4607,#2722,#2723);
#2395=AXIS2_PLACEMENT_3D('',#4640,#2726,#2727);
#2396=AXIS2_PLACEMENT_3D('',#4676,#2731,#2732);
#2397=AXIS2_PLACEMENT_3D('',#4712,#2736,#2737);
#2398=AXIS2_PLACEMENT_3D('',#4748,#2741,#2742);
#2399=AXIS2_PLACEMENT_3D('',#4784,#2746,#2747);
#2400=AXIS2_PLACEMENT_3D('',#4820,#2751,#2752);
#2401=AXIS2_PLACEMENT_3D('',#4853,#2755,#2756);
#2402=AXIS2_PLACEMENT_3D('',#4886,#2759,#2760);
#2403=AXIS2_PLACEMENT_3D('',#4922,#2764,#2765);
#2404=AXIS2_PLACEMENT_3D('',#4955,#2768,#2769);
#2405=AXIS2_PLACEMENT_3D('',#4988,#2772,#2773);
#2406=AXIS2_PLACEMENT_3D('',#5042,#2777,#2778);
#2407=AXIS2_PLACEMENT_3D('',#5043,#2779,#2780);
#2408=AXIS2_PLACEMENT_3D('',#5044,#2781,#2782);
#2409=AXIS2_PLACEMENT_3D('',#5075,#2783,#2784);
#2410=AXIS2_PLACEMENT_3D('',#5124,#2785,#2786);
#2411=AXIS2_PLACEMENT_3D('',#5125,#2787,#2788);
#2412=AXIS2_PLACEMENT_3D('',#5144,#2789,#2790);
#2413=AXIS2_PLACEMENT_3D('',#5145,#2791,#2792);
#2414=AXIS2_PLACEMENT_3D('',#5146,#2793,#2794);
#2415=AXIS2_PLACEMENT_3D('',#5177,#2795,#2796);
#2416=AXIS2_PLACEMENT_3D('',#5226,#2797,#2798);
#2417=AXIS2_PLACEMENT_3D('',#5227,#2799,#2800);
#2418=AXIS2_PLACEMENT_3D('',#5246,#2801,#2802);
#2419=AXIS2_PLACEMENT_3D('',#5247,#2803,#2804);
#2420=AXIS2_PLACEMENT_3D('',#5248,#2805,#2806);
#2421=AXIS2_PLACEMENT_3D('',#5279,#2807,#2808);
#2422=AXIS2_PLACEMENT_3D('',#5328,#2809,#2810);
#2423=AXIS2_PLACEMENT_3D('',#5329,#2811,#2812);
#2424=AXIS2_PLACEMENT_3D('',#5348,#2813,#2814);
#2425=AXIS2_PLACEMENT_3D('',#5367,#2815,#2816);
#2426=AXIS2_PLACEMENT_3D('',#5416,#2817,#2818);
#2427=AXIS2_PLACEMENT_3D('',#5417,#2819,#2820);
#2428=AXIS2_PLACEMENT_3D('',#5436,#2821,#2822);
#2429=AXIS2_PLACEMENT_3D('',#5455,#2823,#2824);
#2430=AXIS2_PLACEMENT_3D('',#5504,#2825,#2826);
#2431=AXIS2_PLACEMENT_3D('',#5505,#2827,#2828);
#2432=AXIS2_PLACEMENT_3D('',#5524,#2829,#2830);
#2433=AXIS2_PLACEMENT_3D('',#5543,#2831,#2832);
#2434=AXIS2_PLACEMENT_3D('',#5592,#2833,#2834);
#2435=AXIS2_PLACEMENT_3D('',#5593,#2835,#2836);
#2436=AXIS2_PLACEMENT_3D('',#5612,#2837,#2838);
#2437=AXIS2_PLACEMENT_3D('',#5613,#2839,#2840);
#2438=AXIS2_PLACEMENT_3D('',#5614,#2841,#2842);
#2439=AXIS2_PLACEMENT_3D('',#5645,#2843,#2844);
#2440=AXIS2_PLACEMENT_3D('',#5694,#2845,#2846);
#2441=AXIS2_PLACEMENT_3D('',#5695,#2847,#2848);
#2442=AXIS2_PLACEMENT_3D('',#5714,#2849,#2850);
#2443=AXIS2_PLACEMENT_3D('',#5715,#2851,#2852);
#2444=AXIS2_PLACEMENT_3D('',#5716,#2853,#2854);
#2445=AXIS2_PLACEMENT_3D('',#5747,#2855,#2856);
#2446=AXIS2_PLACEMENT_3D('',#5796,#2857,#2858);
#2447=AXIS2_PLACEMENT_3D('',#5797,#2859,#2860);
#2448=AXIS2_PLACEMENT_3D('',#5816,#2861,#2862);
#2449=AXIS2_PLACEMENT_3D('',#5817,#2863,#2864);
#2450=AXIS2_PLACEMENT_3D('',#5818,#2865,#2866);
#2451=AXIS2_PLACEMENT_3D('',#5849,#2867,#2868);
#2452=AXIS2_PLACEMENT_3D('',#5904,#2869,#2870);
#2453=AXIS2_PLACEMENT_3D('',#5905,#2871,#2872);
#2454=AXIS2_PLACEMENT_3D('',#5906,#2873,#2874);
#2455=AXIS2_PLACEMENT_3D('',#5937,#2875,#2876);
#2456=AXIS2_PLACEMENT_3D('',#5992,#2877,#2878);
#2457=AXIS2_PLACEMENT_3D('',#5993,#2879,#2880);
#2458=AXIS2_PLACEMENT_3D('',#5994,#2881,#2882);
#2459=AXIS2_PLACEMENT_3D('',#6025,#2883,#2884);
#2460=AXIS2_PLACEMENT_3D('',#6080,#2885,#2886);
#2461=AXIS2_PLACEMENT_3D('',#6081,#2887,#2888);
#2462=AXIS2_PLACEMENT_3D('',#6082,#2889,#2890);
#2463=AXIS2_PLACEMENT_3D('',#6113,#2891,#2892);
#2464=AXIS2_PLACEMENT_3D('',#6162,#2893,#2894);
#2465=AXIS2_PLACEMENT_3D('',#6163,#2895,#2896);
#2466=AXIS2_PLACEMENT_3D('',#6182,#2897,#2898);
#2467=AXIS2_PLACEMENT_3D('',#6183,#2899,#2900);
#2468=AXIS2_PLACEMENT_3D('',#6184,#2901,#2902);
#2469=AXIS2_PLACEMENT_3D('',#6215,#2903,#2904);
#2470=AXIS2_PLACEMENT_3D('',#6264,#2905,#2906);
#2471=AXIS2_PLACEMENT_3D('',#6265,#2907,#2908);
#2472=AXIS2_PLACEMENT_3D('',#6284,#2909,#2910);
#2473=AXIS2_PLACEMENT_3D('',#6285,#2911,#2912);
#2474=AXIS2_PLACEMENT_3D('',#6286,#2913,#2914);
#2475=AXIS2_PLACEMENT_3D('',#6317,#2915,#2916);
#2476=AXIS2_PLACEMENT_3D('',#6366,#2917,#2918);
#2477=AXIS2_PLACEMENT_3D('',#6367,#2919,#2920);
#2478=AXIS2_PLACEMENT_3D('',#6368,#2921,#2922);
#2479=AXIS2_PLACEMENT_3D('',#6370,#2924,#2925);
#2480=DIRECTION('axis',(0.,0.,1.));
#2481=DIRECTION('refdir',(1.,0.,0.));
#2482=DIRECTION('center_axis',(0.,-1.,0.));
#2483=DIRECTION('ref_axis',(0.,0.,-1.));
#2484=DIRECTION('center_axis',(0.,-1.,0.));
#2485=DIRECTION('ref_axis',(0.,0.,-1.));
#2486=DIRECTION('center_axis',(0.,-1.,0.));
#2487=DIRECTION('ref_axis',(0.,0.,-1.));
#2488=DIRECTION('',(0.,1.,0.));
#2489=DIRECTION('',(0.,1.,0.));
#2490=DIRECTION('center_axis',(0.,-1.,0.));
#2491=DIRECTION('ref_axis',(0.,0.,1.));
#2492=DIRECTION('',(0.,-1.,0.));
#2493=DIRECTION('',(0.,1.,0.));
#2494=DIRECTION('center_axis',(0.,-1.,0.));
#2495=DIRECTION('ref_axis',(0.,0.,1.));
#2496=DIRECTION('',(0.,-1.,0.));
#2497=DIRECTION('',(0.,1.,0.));
#2498=DIRECTION('center_axis',(0.,-1.,0.));
#2499=DIRECTION('ref_axis',(0.,0.,1.));
#2500=DIRECTION('',(0.,-1.,0.));
#2501=DIRECTION('',(0.,1.,0.));
#2502=DIRECTION('center_axis',(0.,-1.,0.));
#2503=DIRECTION('ref_axis',(0.,0.,1.));
#2504=DIRECTION('',(0.,-1.,0.));
#2505=DIRECTION('',(0.,1.,0.));
#2506=DIRECTION('center_axis',(0.,-1.,0.));
#2507=DIRECTION('ref_axis',(1.85037170770859E-15,0.,1.));
#2508=DIRECTION('',(0.,-1.,0.));
#2509=DIRECTION('',(0.,1.,0.));
#2510=DIRECTION('center_axis',(0.,-1.,0.));
#2511=DIRECTION('ref_axis',(0.,0.,1.));
#2512=DIRECTION('',(0.,-1.,0.));
#2513=DIRECTION('',(0.,1.,0.));
#2514=DIRECTION('center_axis',(0.,-1.,0.));
#2515=DIRECTION('ref_axis',(3.70074341541719E-15,0.,1.));
#2516=DIRECTION('',(0.,-1.,0.));
#2517=DIRECTION('',(0.,1.,0.));
#2518=DIRECTION('center_axis',(-4.29346226979194E-5,0.000228496244051407,
0.999999972973042));
#2519=DIRECTION('ref_axis',(0.965295591013577,0.26115976266921,-1.82294233683483E-5));
#2520=DIRECTION('center_axis',(0.,-1.,0.));
#2521=DIRECTION('ref_axis',(0.,0.,1.));
#2522=DIRECTION('center_axis',(0.,-1.,0.));
#2523=DIRECTION('ref_axis',(0.,0.,1.));
#2524=DIRECTION('',(0.,-1.,0.));
#2525=DIRECTION('',(0.,1.,0.));
#2526=DIRECTION('center_axis',(0.,-1.,0.));
#2527=DIRECTION('ref_axis',(0.,0.,1.));
#2528=DIRECTION('',(0.,-1.,0.));
#2529=DIRECTION('',(0.,1.,0.));
#2530=DIRECTION('center_axis',(0.,-1.,0.));
#2531=DIRECTION('ref_axis',(-5.55111512312578E-15,0.,1.));
#2532=DIRECTION('',(0.,-1.,0.));
#2533=DIRECTION('',(0.,1.,0.));
#2534=DIRECTION('center_axis',(0.,-1.,0.));
#2535=DIRECTION('ref_axis',(-2.77555756156289E-15,0.,1.));
#2536=DIRECTION('',(0.,-1.,0.));
#2537=DIRECTION('',(0.,1.,0.));
#2538=DIRECTION('center_axis',(0.,-1.,0.));
#2539=DIRECTION('ref_axis',(8.78926561161582E-15,0.,1.));
#2540=DIRECTION('',(0.,-1.,0.));
#2541=DIRECTION('',(0.,1.,0.));
#2542=DIRECTION('center_axis',(0.,-1.,0.));
#2543=DIRECTION('ref_axis',(-3.70074341541719E-15,0.,1.));
#2544=DIRECTION('',(0.,-1.,0.));
#2545=DIRECTION('',(0.,1.,0.));
#2546=DIRECTION('center_axis',(0.,-1.,0.));
#2547=DIRECTION('ref_axis',(-9.25185853854297E-16,0.,1.));
#2548=DIRECTION('',(0.,-1.,0.));
#2549=DIRECTION('',(0.,1.,0.));
#2550=DIRECTION('center_axis',(0.,-1.,0.));
#2551=DIRECTION('ref_axis',(0.,0.,1.));
#2552=DIRECTION('',(0.,1.,0.));
#2553=DIRECTION('center_axis',(-0.000961464719929752,0.000516809725615128,
-0.999999404246472));
#2554=DIRECTION('ref_axis',(-0.529296216125977,0.848436572800206,0.000947380474993414));
#2555=DIRECTION('',(0.,-1.,0.));
#2556=DIRECTION('center_axis',(0.,-1.,0.));
#2557=DIRECTION('ref_axis',(0.,0.,-1.));
#2558=DIRECTION('center_axis',(0.,-1.,0.));
#2559=DIRECTION('ref_axis',(0.,0.,-1.));
#2560=DIRECTION('center_axis',(0.,-1.,0.));
#2561=DIRECTION('ref_axis',(0.,0.,-1.));
#2562=DIRECTION('center_axis',(0.,-1.,0.));
#2563=DIRECTION('ref_axis',(0.,0.,-1.));
#2564=DIRECTION('',(0.,-1.,0.));
#2565=DIRECTION('center_axis',(0.,-1.,0.));
#2566=DIRECTION('ref_axis',(0.,0.,-1.));
#2567=DIRECTION('',(0.,-1.,0.));
#2568=DIRECTION('center_axis',(0.,-1.,0.));
#2569=DIRECTION('ref_axis',(0.,0.,-1.));
#2570=DIRECTION('center_axis',(-6.79555560638923E-14,-1.,1.46943817794244E-14));
#2571=DIRECTION('ref_axis',(1.,-6.79555560638923E-14,-2.10626766734199E-29));
#2572=DIRECTION('center_axis',(-6.79555560638923E-14,-1.,1.46943817794244E-14));
#2573=DIRECTION('ref_axis',(1.,-6.79555560638923E-14,-2.10626766734199E-29));
#2574=DIRECTION('',(0.,1.,0.));
#2575=DIRECTION('center_axis',(0.,-1.,0.));
#2576=DIRECTION('ref_axis',(0.,0.,-1.));
#2577=DIRECTION('center_axis',(0.,-1.,0.));
#2578=DIRECTION('ref_axis',(-8.67361737988403E-15,0.,1.));
#2579=DIRECTION('',(0.,1.,0.));
#2580=DIRECTION('center_axis',(0.,-1.,0.));
#2581=DIRECTION('ref_axis',(0.,0.,-1.));
#2582=DIRECTION('center_axis',(0.,-1.,0.));
#2583=DIRECTION('ref_axis',(8.67361737988403E-15,0.,1.));
#2584=DIRECTION('center_axis',(0.,-1.,0.));
#2585=DIRECTION('ref_axis',(0.,0.,1.));
#2586=DIRECTION('',(0.,1.,0.));
#2587=DIRECTION('center_axis',(0.,1.,0.));
#2588=DIRECTION('ref_axis',(0.,0.,1.));
#2589=DIRECTION('',(0.,-1.,0.));
#2590=DIRECTION('center_axis',(4.31888608145394E-15,-1.,7.54166005520134E-15));
#2591=DIRECTION('ref_axis',(3.25715706434662E-29,-7.54166005520134E-15,
-1.));
#2592=DIRECTION('center_axis',(4.31888608145394E-15,-1.,7.54166005520134E-15));
#2593=DIRECTION('ref_axis',(3.25715706434662E-29,-7.54166005520134E-15,
-1.));
#2594=DIRECTION('center_axis',(0.,1.,0.));
#2595=DIRECTION('ref_axis',(0.,0.,1.));
#2596=DIRECTION('',(0.,-1.,0.));
#2597=DIRECTION('center_axis',(7.01296825585957E-15,-1.,5.13300005991647E-15));
#2598=DIRECTION('ref_axis',(1.,7.01296825585957E-15,-3.59975664775194E-29));
#2599=DIRECTION('center_axis',(0.,1.,0.));
#2600=DIRECTION('ref_axis',(0.,0.,1.));
#2601=DIRECTION('',(0.,-1.,0.));
#2602=DIRECTION('center_axis',(3.39777780320397E-14,-1.,7.34719088972135E-15));
#2603=DIRECTION('ref_axis',(-1.,-3.39777780320397E-14,-4.33680868994201E-15));
#2604=DIRECTION('center_axis',(3.39777780320397E-14,-1.,7.34719088972135E-15));
#2605=DIRECTION('ref_axis',(-1.,-3.39777780320391E-14,6.93889390390721E-14));
#2606=DIRECTION('center_axis',(0.,-1.,0.));
#2607=DIRECTION('ref_axis',(0.,0.,-1.));
#2608=DIRECTION('center_axis',(0.,-1.,0.));
#2609=DIRECTION('ref_axis',(3.46944695195361E-14,0.,1.));
#2610=DIRECTION('',(0.,1.,0.));
#2611=DIRECTION('center_axis',(0.,1.,0.));
#2612=DIRECTION('ref_axis',(3.46944695195361E-14,0.,-1.));
#2613=DIRECTION('',(0.,-1.,0.));
#2614=DIRECTION('center_axis',(0.,1.,0.));
#2615=DIRECTION('ref_axis',(0.,0.,1.));
#2616=DIRECTION('center_axis',(0.,1.,0.));
#2617=DIRECTION('ref_axis',(0.,0.,1.));
#2618=DIRECTION('',(0.,1.,0.));
#2619=DIRECTION('center_axis',(0.,1.,0.));
#2620=DIRECTION('ref_axis',(0.,0.,1.));
#2621=DIRECTION('center_axis',(0.,1.,0.));
#2622=DIRECTION('ref_axis',(0.,0.,1.));
#2623=DIRECTION('center_axis',(0.,1.,0.));
#2624=DIRECTION('ref_axis',(0.,0.,1.));
#2625=DIRECTION('',(0.,1.,0.));
#2626=DIRECTION('center_axis',(0.,1.,0.));
#2627=DIRECTION('ref_axis',(0.,0.,1.));
#2628=DIRECTION('',(0.,1.,0.));
#2629=DIRECTION('',(0.,1.,0.));
#2630=DIRECTION('',(0.,1.,0.));
#2631=DIRECTION('',(0.,1.,0.));
#2632=DIRECTION('center_axis',(0.,1.,0.));
#2633=DIRECTION('ref_axis',(0.,0.,1.));
#2634=DIRECTION('center_axis',(0.,1.,0.));
#2635=DIRECTION('ref_axis',(0.,0.,1.));
#2636=DIRECTION('center_axis',(-1.,0.,0.));
#2637=DIRECTION('ref_axis',(0.,0.,-1.));
#2638=DIRECTION('center_axis',(0.,-1.,0.));
#2639=DIRECTION('ref_axis',(0.,0.,1.));
#2640=DIRECTION('center_axis',(0.,-1.,0.));
#2641=DIRECTION('ref_axis',(0.,0.,-1.));
#2642=DIRECTION('center_axis',(0.,-1.,0.));
#2643=DIRECTION('ref_axis',(0.,0.,-1.));
#2644=DIRECTION('',(0.,1.,0.));
#2645=DIRECTION('center_axis',(0.,-1.,0.));
#2646=DIRECTION('ref_axis',(0.,0.,-1.));
#2647=DIRECTION('center_axis',(0.,-1.,0.));
#2648=DIRECTION('ref_axis',(0.,0.,-1.));
#2649=DIRECTION('center_axis',(0.,-1.,0.));
#2650=DIRECTION('ref_axis',(0.,0.,-1.));
#2651=DIRECTION('center_axis',(-0.000961464719929752,0.000516809725615128,
-0.999999404246472));
#2652=DIRECTION('ref_axis',(-0.529296216125977,0.848436572800206,0.000947380474993414));
#2653=DIRECTION('center_axis',(0.,-1.,0.));
#2654=DIRECTION('ref_axis',(0.,0.,-1.));
#2655=DIRECTION('',(-0.997906227585835,0.,0.0646773603775575));
#2656=DIRECTION('center_axis',(0.,1.,0.));
#2657=DIRECTION('ref_axis',(0.,0.,1.));
#2658=DIRECTION('center_axis',(0.,-1.,0.));
#2659=DIRECTION('ref_axis',(0.,0.,-1.));
#2660=DIRECTION('center_axis',(0.,1.,0.));
#2661=DIRECTION('ref_axis',(0.,0.,1.));
#2662=DIRECTION('',(1.,0.,0.));
#2663=DIRECTION('center_axis',(0.,-1.,0.));
#2664=DIRECTION('ref_axis',(0.,0.,1.));
#2665=DIRECTION('',(-0.460712643136218,0.,0.887549356630064));
#2666=DIRECTION('',(-0.471286980872649,0.,-0.881979921347387));
#2667=DIRECTION('center_axis',(0.,-1.,0.));
#2668=DIRECTION('ref_axis',(-3.46944695195361E-14,0.,1.));
#2669=DIRECTION('center_axis',(0.,0.,1.));
#2670=DIRECTION('ref_axis',(1.,0.,0.));
#2671=DIRECTION('',(0.,-1.,0.));
#2672=DIRECTION('',(1.,0.,0.));
#2673=DIRECTION('',(0.,1.,0.));
#2674=DIRECTION('center_axis',(-0.887549356630064,0.,-0.460712643136218));
#2675=DIRECTION('ref_axis',(-0.460712643136218,0.,0.887549356630064));
#2676=DIRECTION('',(0.,-1.,0.));
#2677=DIRECTION('',(-0.460712643136218,0.,0.887549356630064));
#2678=DIRECTION('center_axis',(0.881979921347387,0.,-0.471286980872649));
#2679=DIRECTION('ref_axis',(-0.471286980872649,0.,-0.881979921347387));
#2680=DIRECTION('',(-0.471286980872649,0.,-0.881979921347387));
#2681=DIRECTION('',(0.,1.,0.));
#2682=DIRECTION('center_axis',(0.,-1.,0.));
#2683=DIRECTION('ref_axis',(0.,0.,-1.));
#2684=DIRECTION('center_axis',(0.,1.,0.));
#2685=DIRECTION('ref_axis',(0.,0.,-1.));
#2686=DIRECTION('center_axis',(0.,1.,0.));
#2687=DIRECTION('ref_axis',(0.,0.,-1.));
#2688=DIRECTION('center_axis',(0.,1.,0.));
#2689=DIRECTION('ref_axis',(0.,0.,1.));
#2690=DIRECTION('center_axis',(0.,1.,0.));
#2691=DIRECTION('ref_axis',(0.,0.,1.));
#2692=DIRECTION('center_axis',(0.,-1.,0.));
#2693=DIRECTION('ref_axis',(0.,0.,-1.));
#2694=DIRECTION('center_axis',(0.,-1.,0.));
#2695=DIRECTION('ref_axis',(0.,0.,-1.));
#2696=DIRECTION('center_axis',(-1.,0.,0.));
#2697=DIRECTION('ref_axis',(0.,0.,1.));
#2698=DIRECTION('',(0.,-1.,0.));
#2699=DIRECTION('',(0.,0.,-1.));
#2700=DIRECTION('',(0.,1.,0.));
#2701=DIRECTION('center_axis',(0.0303425333013845,0.297980896111885,-0.954089469717181));
#2702=DIRECTION('ref_axis',(-5.63507573936306E-14,-0.954528973673895,-0.298118161836982));
#2703=DIRECTION('center_axis',(9.3882432158488E-16,-1.,-8.63990869546645E-15));
#2704=DIRECTION('ref_axis',(-8.1113564195766E-30,8.63990869546645E-15,-1.));
#2705=DIRECTION('center_axis',(0.,1.,0.));
#2706=DIRECTION('ref_axis',(0.,0.,1.));
#2707=DIRECTION('center_axis',(-0.0303425333013594,-0.297980896111539,-0.95408946971729));
#2708=DIRECTION('ref_axis',(1.73333569719603E-14,-0.954528973674004,0.298118161836634));
#2709=DIRECTION('center_axis',(0.,-1.,0.));
#2710=DIRECTION('ref_axis',(-4.33680868994202E-15,0.,1.));
#2711=DIRECTION('center_axis',(0.,-1.,0.));
#2712=DIRECTION('ref_axis',(0.,0.,-1.));
#2713=DIRECTION('center_axis',(-0.913545457642601,0.,-0.406736643075801));
#2714=DIRECTION('ref_axis',(-0.406736643075801,0.,0.913545457642601));
#2715=DIRECTION('',(0.,-1.,0.));
#2716=DIRECTION('',(0.406736643075801,0.,-0.913545457642601));
#2717=DIRECTION('',(0.,1.,0.));
#2718=DIRECTION('center_axis',(0.499999999999992,0.,0.866025403784443));
#2719=DIRECTION('ref_axis',(0.866025403784443,0.,-0.499999999999992));
#2720=DIRECTION('',(0.,-1.,0.));
#2721=DIRECTION('',(-0.866025403784443,0.,0.499999999999992));
#2722=DIRECTION('center_axis',(0.104528463267644,0.,0.994521895368274));
#2723=DIRECTION('ref_axis',(0.994521895368274,0.,-0.104528463267644));
#2724=DIRECTION('',(0.,-1.,0.));
#2725=DIRECTION('',(-0.994521895368274,0.,0.104528463267644));
#2726=DIRECTION('center_axis',(-0.669130606358867,0.,0.743144825477386));
#2727=DIRECTION('ref_axis',(0.743144825477386,0.,0.669130606358867));
#2728=DIRECTION('',(0.,-1.,0.));
#2729=DIRECTION('',(-0.743144825477386,0.,-0.669130606358867));
#2730=DIRECTION('',(0.,1.,0.));
#2731=DIRECTION('center_axis',(-0.309016994374957,0.,0.95105651629515));
#2732=DIRECTION('ref_axis',(0.95105651629515,0.,0.309016994374957));
#2733=DIRECTION('',(0.,-1.,0.));
#2734=DIRECTION('',(-0.95105651629515,0.,-0.309016994374957));
#2735=DIRECTION('',(0.,1.,0.));
#2736=DIRECTION('center_axis',(-0.913545457642606,0.,0.406736643075789));
#2737=DIRECTION('ref_axis',(0.406736643075789,0.,0.913545457642606));
#2738=DIRECTION('',(0.,-1.,0.));
#2739=DIRECTION('',(-0.406736643075789,0.,-0.913545457642606));
#2740=DIRECTION('',(0.,1.,0.));
#2741=DIRECTION('center_axis',(-0.309016994374945,0.,-0.951056516295154));
#2742=DIRECTION('ref_axis',(-0.951056516295155,0.,0.309016994374945));
#2743=DIRECTION('',(0.,-1.,0.));
#2744=DIRECTION('',(0.951056516295154,0.,-0.309016994374945));
#2745=DIRECTION('',(0.,1.,0.));
#2746=DIRECTION('center_axis',(-0.669130606358857,0.,-0.743144825477395));
#2747=DIRECTION('ref_axis',(-0.743144825477395,0.,0.669130606358857));
#2748=DIRECTION('',(0.,-1.,0.));
#2749=DIRECTION('',(0.743144825477395,0.,-0.669130606358857));
#2750=DIRECTION('',(0.,1.,0.));
#2751=DIRECTION('center_axis',(0.104528463267657,0.,-0.994521895368273));
#2752=DIRECTION('ref_axis',(-0.994521895368273,0.,-0.104528463267657));
#2753=DIRECTION('',(0.994521895368273,0.,0.104528463267657));
#2754=DIRECTION('',(0.,1.,0.));
#2755=DIRECTION('center_axis',(0.500000000000004,0.,-0.866025403784436));
#2756=DIRECTION('ref_axis',(-0.866025403784436,0.,-0.500000000000004));
#2757=DIRECTION('',(0.866025403784436,0.,0.500000000000004));
#2758=DIRECTION('',(0.,1.,0.));
#2759=DIRECTION('center_axis',(0.978147600733807,0.,-0.207911690817753));
#2760=DIRECTION('ref_axis',(-0.207911690817753,0.,-0.978147600733807));
#2761=DIRECTION('',(0.,-1.,0.));
#2762=DIRECTION('',(0.207911690817753,0.,0.978147600733807));
#2763=DIRECTION('',(0.,1.,0.));
#2764=DIRECTION('center_axis',(0.80901699437495,0.,-0.587785252292469));
#2765=DIRECTION('ref_axis',(-0.587785252292469,0.,-0.80901699437495));
#2766=DIRECTION('',(0.587785252292469,0.,0.80901699437495));
#2767=DIRECTION('',(0.,1.,0.));
#2768=DIRECTION('center_axis',(0.809016994374943,0.,0.58778525229248));
#2769=DIRECTION('ref_axis',(0.58778525229248,0.,-0.809016994374943));
#2770=DIRECTION('',(0.,-1.,0.));
#2771=DIRECTION('',(-0.58778525229248,0.,0.809016994374943));
#2772=DIRECTION('center_axis',(0.978147600733804,0.,0.207911690817766));
#2773=DIRECTION('ref_axis',(0.207911690817767,0.,-0.978147600733804));
#2774=DIRECTION('',(0.,-1.,0.));
#2775=DIRECTION('',(-0.207911690817766,0.,0.978147600733804));
#2776=DIRECTION('',(0.,1.,0.));
#2777=DIRECTION('center_axis',(0.415782431577587,0.297980896111882,-0.859262681107349));
#2778=DIRECTION('ref_axis',(0.900155075646079,2.08166817117217E-16,0.435569557922271));
#2779=DIRECTION('center_axis',(4.37182615378371E-15,-1.,-7.51109509019083E-15));
#2780=DIRECTION('ref_axis',(-3.28372019588527E-29,7.51109509019083E-15,
-1.));
#2781=DIRECTION('center_axis',(0.,1.,0.));
#2782=DIRECTION('ref_axis',(0.,0.,1.));
#2783=DIRECTION('center_axis',(0.360343864645153,-0.297980896082295,-0.883945521388387));
#2784=DIRECTION('ref_axis',(0.926012574687008,-5.68989300120393E-16,0.377492664195661));
#2785=DIRECTION('center_axis',(0.,-1.,0.));
#2786=DIRECTION('ref_axis',(-4.33680868994202E-15,0.,1.));
#2787=DIRECTION('center_axis',(0.,-1.,0.));
#2788=DIRECTION('ref_axis',(0.585276439088708,0.,0.810833823818199));
#2789=DIRECTION('center_axis',(0.729329770169216,0.29798089611188,-0.61586156877766));
#2790=DIRECTION('ref_axis',(0.645170480715092,3.60822483003176E-16,0.764038644843216));
#2791=DIRECTION('center_axis',(7.04889952719957E-15,-1.,-5.08354490766449E-15));
#2792=DIRECTION('ref_axis',(1.,7.04889952719957E-15,3.5833397296134E-29));
#2793=DIRECTION('center_axis',(0.,1.,0.));
#2794=DIRECTION('ref_axis',(0.,0.,1.));
#2795=DIRECTION('center_axis',(0.688723534767365,-0.297980896082289,-0.66095936200915));
#2796=DIRECTION('ref_axis',(0.692414482304559,-8.04911692853238E-16,0.721499954743525));
#2797=DIRECTION('center_axis',(0.,-1.,0.));
#2798=DIRECTION('ref_axis',(-4.33680868994202E-15,0.,1.));
#2799=DIRECTION('center_axis',(0.,-1.,0.));
#2800=DIRECTION('ref_axis',(0.204880804802597,0.,0.978786930758395));
#2801=DIRECTION('center_axis',(0.916769365745631,0.297980896111879,-0.265972396279605));
#2802=DIRECTION('ref_axis',(0.309115019663579,-0.951024660362908,-2.79082312815149E-14));
#2803=DIRECTION('center_axis',(8.50715413512079E-15,-1.,-1.77700362804732E-15));
#2804=DIRECTION('ref_axis',(1.,8.50715413512079E-15,1.51172437624674E-29));
#2805=DIRECTION('center_axis',(0.,1.,0.));
#2806=DIRECTION('ref_axis',(0.,0.,1.));
#2807=DIRECTION('center_axis',(0.898016648871402,-0.2979808960823,-0.323687324311236));
#2808=DIRECTION('ref_axis',(0.339091635543564,-3.46944695195361E-16,0.940753348494913));
#2809=DIRECTION('center_axis',(0.,-1.,0.));
#2810=DIRECTION('ref_axis',(-1.73472347597681E-14,0.,1.));
#2811=DIRECTION('center_axis',(0.,-1.,0.));
#2812=DIRECTION('ref_axis',(-0.210940581917564,0.,0.977498885370352));
#2813=DIRECTION('center_axis',(0.94569120939654,0.297980896111454,0.129905819818533));
#2814=DIRECTION('ref_axis',(-0.300527464413677,0.953773161256431,1.52655665885959E-16));
#2815=DIRECTION('center_axis',(0.952034526160671,-0.297980896081517,0.0695531923673022));
#2816=DIRECTION('ref_axis',(-0.298704284896431,-0.954345718377,-1.50712775592865E-14));
#2817=DIRECTION('center_axis',(6.95256978817096E-14,-1.,-2.44519720106073E-16));
#2818=DIRECTION('ref_axis',(1.,6.95256978817096E-14,3.3440233923753E-32));
#2819=DIRECTION('center_axis',(0.,-1.,0.));
#2820=DIRECTION('ref_axis',(-0.590288425689148,0.,0.807192402403186));
#2821=DIRECTION('center_axis',(0.81109445160761,0.297980896111878,0.503322139512769));
#2822=DIRECTION('ref_axis',(-0.527275289069444,-6.66133814775094E-16,0.849694515421122));
#2823=DIRECTION('center_axis',(0.84143698491419,-0.29798089608229,0.450767330214284));
#2824=DIRECTION('ref_axis',(-0.472219391282048,-2.91433543964104E-16,0.881481052829391));
#2825=DIRECTION('center_axis',(0.,-1.,0.));
#2826=DIRECTION('ref_axis',(0.,0.,1.));
#2827=DIRECTION('center_axis',(0.,-1.,0.));
#2828=DIRECTION('ref_axis',(0.,0.,-1.));
#2829=DIRECTION('center_axis',(0.536252094574098,0.297980896111867,0.789709488747135));
#2830=DIRECTION('ref_axis',(-0.827291840098885,-5.55111512312578E-16,0.561772383893869));
#2831=DIRECTION('center_axis',(0.585347344761244,-0.297980896082297,0.75403970157476));
#2832=DIRECTION('ref_axis',(-0.789924524279218,1.02695629777827E-15,0.61320408180495));
#2833=DIRECTION('center_axis',(0.,-1.,0.));
#2834=DIRECTION('ref_axis',(0.,0.,1.));
#2835=DIRECTION('center_axis',(0.,-1.,0.));
#2836=DIRECTION('ref_axis',(0.,0.,-1.));
#2837=DIRECTION('center_axis',(0.168686878691445,0.297980896111454,0.939548893091761));
#2838=DIRECTION('ref_axis',(3.12250225675825E-16,-0.953208669216374,0.302313137211648));
#2839=DIRECTION('center_axis',(4.3901463385824E-15,-1.,4.32314925655523E-14));
#2840=DIRECTION('ref_axis',(8.673617379884E-15,4.32314925655523E-14,1.));
#2841=DIRECTION('center_axis',(0.,1.,0.));
#2842=DIRECTION('ref_axis',(0.,0.,1.));
#2843=DIRECTION('center_axis',(0.22804583098925,-0.297980896111566,0.926931758286968));
#2844=DIRECTION('ref_axis',(-1.72084568816899E-14,0.952017027349446,0.306045061448025));
#2845=DIRECTION('center_axis',(2.17171742643959E-14,-1.,6.60473072713955E-14));
#2846=DIRECTION('ref_axis',(-7.25707994260786E-29,-6.60473072713955E-14,
-1.));
#2847=DIRECTION('center_axis',(0.,-1.,0.));
#2848=DIRECTION('ref_axis',(0.,0.,-1.));
#2849=DIRECTION('center_axis',(-0.22804583098925,0.297980896111444,0.926931758287008));
#2850=DIRECTION('ref_axis',(4.44089209850063E-16,-0.952017027349487,0.306045061447896));
#2851=DIRECTION('center_axis',(-1.08585871322168E-14,-1.,3.30236536357897E-14));
#2852=DIRECTION('ref_axis',(-1.81426998555521E-29,3.30236536357897E-14,
1.));
#2853=DIRECTION('center_axis',(0.,1.,0.));
#2854=DIRECTION('ref_axis',(0.,0.,1.));
#2855=DIRECTION('center_axis',(-0.168686878699371,-0.297980896081515,0.939548893099833));
#2856=DIRECTION('ref_axis',(-8.31973379078476E-15,0.953208669225876,0.302313137181689));
#2857=DIRECTION('center_axis',(-7.02423414169169E-15,-1.,6.9170388104701E-14));
#2858=DIRECTION('ref_axis',(1.53515293490953E-30,-6.9170388104701E-14,-1.));
#2859=DIRECTION('center_axis',(0.,-1.,0.));
#2860=DIRECTION('ref_axis',(0.,0.,-1.));
#2861=DIRECTION('center_axis',(-0.58534734476052,0.297980896111878,0.754039701563632));
#2862=DIRECTION('ref_axis',(-0.789924524275202,4.44089209850063E-16,-0.613204081810124));
#2863=DIRECTION('center_axis',(-5.83793574324343E-15,-1.,6.43800587375911E-15));
#2864=DIRECTION('ref_axis',(-3.75846646056294E-29,-6.43800587375911E-15,
-1.));
#2865=DIRECTION('center_axis',(0.,1.,0.));
#2866=DIRECTION('ref_axis',(0.,0.,1.));
#2867=DIRECTION('center_axis',(-0.536252094584456,-0.297980896082293,0.789709488751261));
#2868=DIRECTION('ref_axis',(-0.827291840095206,-6.38378239159465E-16,-0.561772383899287));
#2869=DIRECTION('center_axis',(-0.841436984909,0.297980896111885,0.450767330204409));
#2870=DIRECTION('ref_axis',(-0.472219391276273,-9.71445146547012E-17,-0.881481052832485));
#2871=DIRECTION('center_axis',(-7.95179257744449E-15,-1.,3.50690863554995E-15));
#2872=DIRECTION('ref_axis',(1.,-7.95179257744449E-15,2.78862100579421E-29));
#2873=DIRECTION('center_axis',(0.,1.,0.));
#2874=DIRECTION('ref_axis',(0.,0.,1.));
#2875=DIRECTION('center_axis',(-0.811094451618754,-0.297980896082293,0.503322139512326));
#2876=DIRECTION('ref_axis',(-0.527275289063878,-1.4432899320127E-15,-0.849694515424575));
#2877=DIRECTION('center_axis',(-0.952034526151818,0.297980896111446,0.0695531923602645));
#2878=DIRECTION('ref_axis',(-0.298704284926288,-0.954345718367655,-1.04083408558608E-16));
#2879=DIRECTION('center_axis',(-3.47628489409482E-14,-1.,-1.22259860042565E-16));
#2880=DIRECTION('ref_axis',(-1.,3.47628489409482E-14,8.36005849164346E-33));
#2881=DIRECTION('center_axis',(0.,1.,0.));
#2882=DIRECTION('ref_axis',(-0.590287946603538,0.,-0.807192752751521));
#2883=DIRECTION('center_axis',(-0.945691209406666,-0.297980896081514,0.129905819813489));
#2884=DIRECTION('ref_axis',(-0.300527464383281,0.953773161266009,-1.65839564303383E-15));
#2885=DIRECTION('center_axis',(-0.898016648860597,0.297980896111877,-0.323687324313985));
#2886=DIRECTION('ref_axis',(0.339091635549723,-8.88178419700125E-16,-0.940753348492693));
#2887=DIRECTION('center_axis',(-7.92692879491623E-15,-1.,-3.56275360544678E-15));
#2888=DIRECTION('ref_axis',(1.,-7.92692879491623E-15,-2.82416941442077E-29));
#2889=DIRECTION('center_axis',(0.,1.,0.));
#2890=DIRECTION('ref_axis',(-0.210940001751533,0.,-0.977499010567818));
#2891=DIRECTION('center_axis',(-0.91676936575276,-0.297980896082285,-0.265972396288187));
#2892=DIRECTION('ref_axis',(-0.309115019633642,0.951024660372639,-1.37806432931598E-14));
#2893=DIRECTION('center_axis',(0.,-1.,0.));
#2894=DIRECTION('ref_axis',(0.,0.,1.));
#2895=DIRECTION('center_axis',(0.,-1.,0.));
#2896=DIRECTION('ref_axis',(0.,0.,-1.));
#2897=DIRECTION('center_axis',(-0.688723534756371,0.29798089611187,-0.660959362007269));
#2898=DIRECTION('ref_axis',(0.692414482309287,3.60822483003176E-16,-0.721499954738988));
#2899=DIRECTION('center_axis',(-5.79250735206643E-15,-1.,-6.47890978090084E-15));
#2900=DIRECTION('ref_axis',(3.75291325392432E-29,6.47890978090084E-15,-1.));
#2901=DIRECTION('center_axis',(0.,1.,0.));
#2902=DIRECTION('ref_axis',(0.204881385733005,0.,-0.978786809157195));
#2903=DIRECTION('center_axis',(-0.729329770172237,-0.297980896082297,-0.615861568788395));
#2904=DIRECTION('ref_axis',(0.645170480720097,-1.08246744900953E-15,-0.76403864483899));
#2905=DIRECTION('center_axis',(0.,-1.,0.));
#2906=DIRECTION('ref_axis',(0.,0.,1.));
#2907=DIRECTION('center_axis',(0.,-1.,0.));
#2908=DIRECTION('ref_axis',(0.,0.,-1.));
#2909=DIRECTION('center_axis',(-0.360343864635883,0.297980896111856,-0.883945521382202));
#2910=DIRECTION('ref_axis',(0.92601257468948,8.32667268468867E-17,-0.377492664189598));
#2911=DIRECTION('center_axis',(-2.65650876476708E-15,-1.,-8.27480359618958E-15));
#2912=DIRECTION('ref_axis',(2.19820882800038E-29,8.27480359618958E-15,-1.));
#2913=DIRECTION('center_axis',(0.,1.,0.));
#2914=DIRECTION('ref_axis',(0.585276439088723,0.,-0.810833823818188));
#2915=DIRECTION('center_axis',(-0.415782431575982,-0.297980896082287,-0.859262681118388));
#2916=DIRECTION('ref_axis',(0.900155075648932,7.49400541621981E-16,-0.435569557916374));
#2917=DIRECTION('center_axis',(0.,-1.,0.));
#2918=DIRECTION('ref_axis',(-8.67361737988403E-15,0.,1.));
#2919=DIRECTION('center_axis',(0.,-1.,0.));
#2920=DIRECTION('ref_axis',(0.,0.,-1.));
#2921=DIRECTION('center_axis',(0.0646773603775575,0.,0.997906227585835));
#2922=DIRECTION('ref_axis',(0.997906227585835,0.,-0.0646773603775575));
#2923=DIRECTION('',(-0.997906227585835,0.,0.0646773603775441));
#2924=DIRECTION('center_axis',(0.,-1.,0.));
#2925=DIRECTION('ref_axis',(0.,0.,-1.));
#2926=CARTESIAN_POINT('',(0.,0.,0.));
#2927=CARTESIAN_POINT('Origin',(-20.1175897327099,41.792893882152,0.));
#2928=CARTESIAN_POINT('',(-27.6175897327099,36.6106592085571,9.18485099360515E-16));
#2929=CARTESIAN_POINT('',(-12.6175897327099,36.6106592085571,0.));
#2930=CARTESIAN_POINT('Origin',(-20.1175897327099,36.6106592085571,0.));
#2931=CARTESIAN_POINT('',(-20.1175897327099,36.6106592085571,7.5));
#2932=CARTESIAN_POINT('Origin',(-20.1175897327099,36.6106592085571,0.));
#2933=CARTESIAN_POINT('',(-20.1175897327099,37.8200547924122,7.5));
#2934=CARTESIAN_POINT('',(-20.1175897327099,41.792893882152,7.5));
#2935=CARTESIAN_POINT('',(-21.7027186273261,37.8211945530106,7.33057749895317));
#2936=CARTESIAN_POINT('Ctrl Pts',(-20.1175897327099,37.8200547924122,7.5));
#2937=CARTESIAN_POINT('Ctrl Pts',(-20.3837891540267,37.8088573327078,7.5));
#2938=CARTESIAN_POINT('Ctrl Pts',(-20.6500765680044,37.8057137210448,7.48581579465618));
#2939=CARTESIAN_POINT('Ctrl Pts',(-21.1798991322085,37.8059932138625,7.42916409032824));
#2940=CARTESIAN_POINT('Ctrl Pts',(-21.4425064496865,37.8093881768649,7.3868445200664));
#2941=CARTESIAN_POINT('Ctrl Pts',(-21.7027184710784,37.8211942158879,7.33057752723469));
#2942=CARTESIAN_POINT('',(-21.7027184710784,40.045000001096,7.33057752723469));
#2943=CARTESIAN_POINT('',(-21.7027184710784,41.792893882152,7.33057752723469));
#2944=CARTESIAN_POINT('',(-21.1382501108166,40.792893882152,7.43022559499798));
#2945=CARTESIAN_POINT('Ctrl Pts',(-21.7027184710784,40.045000001096,7.33057752723469));
#2946=CARTESIAN_POINT('Ctrl Pts',(-21.7027184710784,40.214934638241,7.33057752723469));
#2947=CARTESIAN_POINT('Ctrl Pts',(-21.6449730749309,40.3819523056703,7.34354544507208));
#2948=CARTESIAN_POINT('Ctrl Pts',(-21.4432051433542,40.6464844443664,7.3826352585642));
#2949=CARTESIAN_POINT('Ctrl Pts',(-21.2975145089675,40.7453871825701,7.40834808148815));
#2950=CARTESIAN_POINT('Ctrl Pts',(-21.1382501108166,40.792893882152,7.43022559499798));
#2951=CARTESIAN_POINT('',(-23.6592351673034,40.792893882152,6.61110789623215));
#2952=CARTESIAN_POINT('Origin',(-20.1175897327099,40.792893882152,0.));
#2953=CARTESIAN_POINT('',(-23.1439990063929,40.045000001096,6.86227709351389));
#2954=CARTESIAN_POINT('Ctrl Pts',(-23.6592351673034,40.792893882152,6.61110789623215));
#2955=CARTESIAN_POINT('Ctrl Pts',(-23.6168748442612,40.7786927353819,6.63380080142519));
#2956=CARTESIAN_POINT('Ctrl Pts',(-23.5754800327477,40.7600275049294,6.65541633525979));
#2957=CARTESIAN_POINT('Ctrl Pts',(-23.5357215006254,40.7373041600793,6.67575546615363));
#2958=CARTESIAN_POINT('Ctrl Pts',(-23.49782355817,40.7156442051072,6.69514278180796));
#2959=CARTESIAN_POINT('Ctrl Pts',(-23.4614117561197,40.6902963433239,6.71337048187862));
#2960=CARTESIAN_POINT('Ctrl Pts',(-23.4271077808581,40.6616021109659,6.73024802570286));
#2961=CARTESIAN_POINT('Ctrl Pts',(-23.3949965779514,40.6347420660158,6.74604672629579));
#2962=CARTESIAN_POINT('Ctrl Pts',(-23.3647321140071,40.604949294716,6.76066237711927));
#2963=CARTESIAN_POINT('Ctrl Pts',(-23.3368661506054,40.5725032913976,6.7739215862524));
#2964=CARTESIAN_POINT('Ctrl Pts',(-23.3207624245763,40.5537527626379,6.78158407644392));
#2965=CARTESIAN_POINT('Ctrl Pts',(-23.3054605227308,40.5341161646749,6.78879323671864));
#2966=CARTESIAN_POINT('Ctrl Pts',(-23.2910744233226,40.5136482588862,6.7955126882689));
#2967=CARTESIAN_POINT('Ctrl Pts',(-23.289772984821,40.5117966297625,6.7961205634621));
#2968=CARTESIAN_POINT('Ctrl Pts',(-23.2884792845615,40.509938571933,6.79672431758893));
#2969=CARTESIAN_POINT('Ctrl Pts',(-23.2871934002321,40.5080741333959,6.79732392760593));
#2970=CARTESIAN_POINT('Ctrl Pts',(-23.2588715263969,40.467009480989,6.81053046482229));
#2971=CARTESIAN_POINT('Ctrl Pts',(-23.2343878873982,40.4230540601081,6.82177609315541));
#2972=CARTESIAN_POINT('Ctrl Pts',(-23.2140537758998,40.3769337555213,6.83101915126299));
#2973=CARTESIAN_POINT('Ctrl Pts',(-23.1944625537561,40.3324984167772,6.83992452215597));
#2974=CARTESIAN_POINT('Ctrl Pts',(-23.178723159028,40.2860525293922,6.84697088248016));
#2975=CARTESIAN_POINT('Ctrl Pts',(-23.1671558986232,40.238260192208,6.85210471138397));
#2976=CARTESIAN_POINT('Ctrl Pts',(-23.1562087191374,40.1930298373196,6.85696333343379));
#2977=CARTESIAN_POINT('Ctrl Pts',(-23.1489984603133,40.1465929159251,6.86010886650557));
#2978=CARTESIAN_POINT('Ctrl Pts',(-23.1458341877544,40.0995367665359,6.86148259656022));
#2979=CARTESIAN_POINT('Ctrl Pts',(-23.1446171137374,40.0814375618371,6.86201097429157));
#2980=CARTESIAN_POINT('Ctrl Pts',(-23.1439990063929,40.0632470609891,6.86227709351389));
#2981=CARTESIAN_POINT('Ctrl Pts',(-23.1439990063929,40.045000001096,6.86227709351389));
#2982=CARTESIAN_POINT('',(-23.143999536035,37.821194129461,6.86227685501073));
#2983=CARTESIAN_POINT('',(-23.1439990063929,41.792893882152,6.86227709351389));
#2984=CARTESIAN_POINT('',(-24.5472915178958,37.8211945530106,6.05208577062708));
#2985=CARTESIAN_POINT('Ctrl Pts',(-23.1439995403083,37.8211941900113,6.8622768580459));
#2986=CARTESIAN_POINT('Ctrl Pts',(-23.3915840452793,37.8091945056061,6.75308683414468));
#2987=CARTESIAN_POINT('Ctrl Pts',(-23.6333012816453,37.8058466708781,6.63046993184126));
#2988=CARTESIAN_POINT('Ctrl Pts',(-24.1024145991024,37.8058531817457,6.35960141062431));
#2989=CARTESIAN_POINT('Ctrl Pts',(-24.3289138662876,37.8091932030919,6.21192286258779));
#2990=CARTESIAN_POINT('Ctrl Pts',(-24.5472913866595,37.8211942158879,6.0520858600152));
#2991=CARTESIAN_POINT('',(-24.5472913866595,40.045000001096,6.0520858600152));
#2992=CARTESIAN_POINT('',(-24.5472913866595,41.792893882152,6.0520858600152));
#2993=CARTESIAN_POINT('',(-24.0721544007307,40.792893882152,6.37270886565841));
#2994=CARTESIAN_POINT('Ctrl Pts',(-24.5472913866595,40.045000001096,6.0520858600152));
#2995=CARTESIAN_POINT('Ctrl Pts',(-24.5472913866595,40.21502642049,6.0520858600152));
#2996=CARTESIAN_POINT('Ctrl Pts',(-24.4998009823593,40.3819386837316,6.08742719298243));
#2997=CARTESIAN_POINT('Ctrl Pts',(-24.3314911112001,40.6463546947313,6.20512533626633));
#2998=CARTESIAN_POINT('Ctrl Pts',(-24.2089625117291,40.7453137194303,6.28781301783958));
#2999=CARTESIAN_POINT('Ctrl Pts',(-24.0721544007307,40.792893882152,6.37270886565841));
#3000=CARTESIAN_POINT('',(-26.0420236647888,40.792893882152,4.59903061355672));
#3001=CARTESIAN_POINT('Origin',(-20.1175897327099,40.792893882152,0.));
#3002=CARTESIAN_POINT('',(-25.6734917265223,40.045000001096,5.03805051931318));
#3003=CARTESIAN_POINT('Ctrl Pts',(-26.0420236647888,40.792893882152,4.59903061355672));
#3004=CARTESIAN_POINT('Ctrl Pts',(-26.0125556201618,40.7786927353778,4.63699110961992));
#3005=CARTESIAN_POINT('Ctrl Pts',(-25.9835314077965,40.7600275049193,4.67357466905378));
#3006=CARTESIAN_POINT('Ctrl Pts',(-25.9554828511899,40.7373041600613,4.70832664159121));
#3007=CARTESIAN_POINT('Ctrl Pts',(-25.9287468896869,40.7156442050818,4.7414523176444));
#3008=CARTESIAN_POINT('Ctrl Pts',(-25.9028969268513,40.6902963432892,4.77291416438808));
#3009=CARTESIAN_POINT('Ctrl Pts',(-25.8784234015856,40.6616021109206,4.8022852516322));
#3010=CARTESIAN_POINT('Ctrl Pts',(-25.8555142684691,40.6347420659589,4.82977888567749));
#3011=CARTESIAN_POINT('Ctrl Pts',(-25.8338110256522,40.6049492946457,4.85544061357219));
#3012=CARTESIAN_POINT('Ctrl Pts',(-25.813747207573,40.5725032913126,4.87888761226125));
#3013=CARTESIAN_POINT('Ctrl Pts',(-25.8021523373652,40.5537527625785,4.89243762081338));
#3014=CARTESIAN_POINT('Ctrl Pts',(-25.791105584108,40.5341161646439,4.90524736060457));
#3015=CARTESIAN_POINT('Ctrl Pts',(-25.7806962755231,40.5136482588861,4.91723723880833));
#3016=CARTESIAN_POINT('Ctrl Pts',(-25.779754597407,40.5117966297624,4.91832190315721));
#3017=CARTESIAN_POINT('Ctrl Pts',(-25.7788183123382,40.5099385719329,4.91939965529803));
#3018=CARTESIAN_POINT('Ctrl Pts',(-25.7778874819155,40.5080741333958,4.92047044258093));
#3019=CARTESIAN_POINT('Ctrl Pts',(-25.7573857453349,40.4670094809879,4.94405475855609));
#3020=CARTESIAN_POINT('Ctrl Pts',(-25.7395928372582,40.423054060106,4.9642865443752));
#3021=CARTESIAN_POINT('Ctrl Pts',(-25.7247761924898,40.3769337555182,4.98100112637517));
#3022=CARTESIAN_POINT('Ctrl Pts',(-25.7105008611521,40.3324984167705,4.99710505543272));
#3023=CARTESIAN_POINT('Ctrl Pts',(-25.6989882215358,40.2860525293816,5.00994401447615));
#3024=CARTESIAN_POINT('Ctrl Pts',(-25.69050911967,40.2382601921933,5.01933882921822));
#3025=CARTESIAN_POINT('Ctrl Pts',(-25.6824845531983,40.1930298372957,5.02823002035848));
#3026=CARTESIAN_POINT('Ctrl Pts',(-25.6771770575636,40.1465929158914,5.0340362842777));
#3027=CARTESIAN_POINT('Ctrl Pts',(-25.674845097093,40.0995367664925,5.036578274726));
#3028=CARTESIAN_POINT('Ctrl Pts',(-25.6739481552392,40.081437561808,5.03755600040091));
#3029=CARTESIAN_POINT('Ctrl Pts',(-25.6734917265223,40.0632470609745,5.03805051931318));
#3030=CARTESIAN_POINT('Ctrl Pts',(-25.6734917265223,40.045000001096,5.03805051931318));
#3031=CARTESIAN_POINT('',(-25.6734921133664,37.8211941294609,5.03805008600485));
#3032=CARTESIAN_POINT('',(-25.6734917265223,41.792893882152,5.03805051931318));
#3033=CARTESIAN_POINT('',(-26.6259287272295,37.8211945530106,3.7271334310864));
#3034=CARTESIAN_POINT('Ctrl Pts',(-25.6734921185048,37.8211941900113,5.03805008703951));
#3035=CARTESIAN_POINT('Ctrl Pts',(-25.8552602346247,37.8091945056061,4.8375983462552));
#3036=CARTESIAN_POINT('Ctrl Pts',(-26.0262071307136,37.8058466708781,4.62726697483264));
#3037=CARTESIAN_POINT('Ctrl Pts',(-26.3445913179615,37.8058531817457,4.18901069169186));
#3038=CARTESIAN_POINT('Ctrl Pts',(-26.4914424177753,37.8091932030919,3.96197407334778));
#3039=CARTESIAN_POINT('Ctrl Pts',(-26.6259286436966,37.8211942158879,3.72713356612511));
#3040=CARTESIAN_POINT('',(-26.6259286436966,40.045000001096,3.72713356612511));
#3041=CARTESIAN_POINT('',(-26.6259286436966,41.792893882152,3.72713356612511));
#3042=CARTESIAN_POINT('',(-26.3222785334515,40.792893882152,4.21329287920402));
#3043=CARTESIAN_POINT('Ctrl Pts',(-26.6259286436966,40.045000001096,3.72713356612511));
#3044=CARTESIAN_POINT('Ctrl Pts',(-26.6259286436966,40.21502642049,3.7271335661251));
#3045=CARTESIAN_POINT('Ctrl Pts',(-26.5969186156994,40.3819386837316,3.77873556794775));
#3046=CARTESIAN_POINT('Ctrl Pts',(-26.491032045121,40.6463546947313,3.95471596410956));
#3047=CARTESIAN_POINT('Ctrl Pts',(-26.4127287096698,40.7453137194303,4.0800917912434));
#3048=CARTESIAN_POINT('Ctrl Pts',(-26.3222785334515,40.792893882152,4.21329287920402));
#3049=CARTESIAN_POINT('',(-27.4004237136195,40.792893882152,1.79173915693912));
#3050=CARTESIAN_POINT('Origin',(-20.1175897327099,40.792893882152,0.));
#3051=CARTESIAN_POINT('',(-27.2423185181364,40.045000001096,2.34269924107112));
#3052=CARTESIAN_POINT('Ctrl Pts',(-27.4004237136195,40.792893882152,1.79173915693912));
#3053=CARTESIAN_POINT('Ctrl Pts',(-27.3618345400025,40.7451597700863,1.94859153348324));
#3054=CARTESIAN_POINT('Ctrl Pts',(-27.3213742481777,40.6473353970531,2.08955026880052));
#3055=CARTESIAN_POINT('Ctrl Pts',(-27.2609131888077,40.3802997785616,2.28771975396928));
#3056=CARTESIAN_POINT('Ctrl Pts',(-27.2423185181364,40.2152014254436,2.34269924107112));
#3057=CARTESIAN_POINT('Ctrl Pts',(-27.2423185181364,40.045000001096,2.34269924107112));
#3058=CARTESIAN_POINT('',(-27.2423186952938,37.821194129461,2.34269868788056));
#3059=CARTESIAN_POINT('',(-27.2423185181364,41.792893882152,2.34269924107112));
#3060=CARTESIAN_POINT('',(-27.5792149980055,37.8211945530106,0.757725861366504));
#3061=CARTESIAN_POINT('Ctrl Pts',(-27.2423187004087,37.8211941900112,2.34269868673583));
#3062=CARTESIAN_POINT('Ctrl Pts',(-27.326841069089,37.8091945056061,2.08564515609692));
#3063=CARTESIAN_POINT('Ctrl Pts',(-27.3974593535632,37.8058466708781,1.82396752047469));
#3064=CARTESIAN_POINT('Ctrl Pts',(-27.5100628921972,37.8058531817457,1.29410196819846));
#3065=CARTESIAN_POINT('Ctrl Pts',(-27.5518739353813,37.8091932030919,1.02696397342144));
#3066=CARTESIAN_POINT('Ctrl Pts',(-27.5792149766213,37.8211942158879,0.757726018706511));
#3067=CARTESIAN_POINT('',(-27.5792149766213,40.045000001096,0.757726018706512));
#3068=CARTESIAN_POINT('',(-27.5792149766213,41.792893882152,0.757726018706512));
#3069=CARTESIAN_POINT('',(-27.4995556046959,40.792893882152,1.3253602773714));
#3070=CARTESIAN_POINT('Ctrl Pts',(-27.5792149766213,40.045000001096,0.757726018706512));
#3071=CARTESIAN_POINT('Ctrl Pts',(-27.5792149766213,40.214934638241,0.757726018706505));
#3072=CARTESIAN_POINT('Ctrl Pts',(-27.5737038906268,40.3819523056703,0.816652460992076));
#3073=CARTESIAN_POINT('Ctrl Pts',(-27.5485307926922,40.6464844443664,1.02062458377345));
#3074=CARTESIAN_POINT('Ctrl Pts',(-27.5279642585396,40.7453871825701,1.16713031022694));
#3075=CARTESIAN_POINT('Ctrl Pts',(-27.4995556046959,40.792893882152,1.3253602773714));
#3076=CARTESIAN_POINT('',(-27.4995556046916,40.792893882152,-1.32536027739563));
#3077=CARTESIAN_POINT('Origin',(-20.1175897327099,40.792893882152,0.));
#3078=CARTESIAN_POINT('',(-27.5792149766212,40.045000001096,-0.757726018706613));
#3079=CARTESIAN_POINT('Ctrl Pts',(-27.4995556046916,40.792893882152,-1.32536027739563));
#3080=CARTESIAN_POINT('Ctrl Pts',(-27.5281002495155,40.7451597700961,-1.16637287033962));
#3081=CARTESIAN_POINT('Ctrl Pts',(-27.5484710165202,40.647335397064,-1.02114397469575));
#3082=CARTESIAN_POINT('Ctrl Pts',(-27.5738398815274,40.3802997785689,-0.815515413342523));
#3083=CARTESIAN_POINT('Ctrl Pts',(-27.5792149766213,40.2152014254475,-0.75772601870661));
#3084=CARTESIAN_POINT('Ctrl Pts',(-27.5792149766212,40.045000001096,-0.757726018706613));
#3085=CARTESIAN_POINT('',(-27.5792149134597,37.8211941294609,-0.757726596127725));
#3086=CARTESIAN_POINT('',(-27.5792149766213,41.792893882152,-0.757726018706613));
#3087=CARTESIAN_POINT('',(-27.2423184736759,37.8211945530106,-2.34269939350622));
#3088=CARTESIAN_POINT('Ctrl Pts',(-27.5792149176668,37.8211941900112,-0.757726599253924));
#3089=CARTESIAN_POINT('Ctrl Pts',(-27.551876853501,37.8091945056061,-1.02693502904195));
#3090=CARTESIAN_POINT('Ctrl Pts',(-27.5099559834279,37.8058466708781,-1.29471248839807));
#3091=CARTESIAN_POINT('Ctrl Pts',(-27.3973086986472,37.8058531817457,-1.82456874214375));
#3092=CARTESIAN_POINT('Ctrl Pts',(-27.3268501759937,37.8091932030919,-2.08561752718428));
#3093=CARTESIAN_POINT('Ctrl Pts',(-27.2423185181364,37.8211942158879,-2.34269924107122));
#3094=CARTESIAN_POINT('',(-27.2423185181364,40.045000001096,-2.34269924107122));
#3095=CARTESIAN_POINT('',(-27.2423185181364,41.792893882152,-2.34269924107122));
#3096=CARTESIAN_POINT('',(-27.4004237136195,40.792893882152,-1.79173915693913));
#3097=CARTESIAN_POINT('Ctrl Pts',(-27.2423185181364,40.045000001096,-2.34269924107122));
#3098=CARTESIAN_POINT('Ctrl Pts',(-27.2423185181364,40.214934638241,-2.34269924107122));
#3099=CARTESIAN_POINT('Ctrl Pts',(-27.2612514338831,40.3819523056703,-2.2866256967691));
#3100=CARTESIAN_POINT('Ctrl Pts',(-27.3212176011112,40.6464844443664,-2.0900490691667));
#3101=CARTESIAN_POINT('Ctrl Pts',(-27.3620183846258,40.7453871825701,-1.94784426518556));
#3102=CARTESIAN_POINT('Ctrl Pts',(-27.4004237136195,40.792893882152,-1.79173915693913));
#3103=CARTESIAN_POINT('',(-26.3222785334379,40.792893882152,-4.21329287922413));
#3104=CARTESIAN_POINT('Origin',(-20.1175897327099,40.792893882152,0.));
#3105=CARTESIAN_POINT('',(-26.6259286436966,40.045000001096,-3.72713356612519));
#3106=CARTESIAN_POINT('Ctrl Pts',(-26.3222785334379,40.792893882152,-4.21329287922413));
#3107=CARTESIAN_POINT('Ctrl Pts',(-26.3492749839962,40.7786927353795,-4.17353666496599));
#3108=CARTESIAN_POINT('Ctrl Pts',(-26.3750990417126,40.7600275049239,-4.13462805709092));
#3109=CARTESIAN_POINT('Ctrl Pts',(-26.3994826509865,40.7373041600699,-4.09721334445989));
#3110=CARTESIAN_POINT('Ctrl Pts',(-26.4227251745855,40.7156442050943,-4.06154953720684));
#3111=CARTESIAN_POINT('Ctrl Pts',(-26.4446590911232,40.6902963433066,-4.02724251629163));
#3112=CARTESIAN_POINT('Ctrl Pts',(-26.4650299198162,40.6616021109438,-3.99489064551246));
#3113=CARTESIAN_POINT('Ctrl Pts',(-26.4840986081699,40.6347420659883,-3.96460676502618));
#3114=CARTESIAN_POINT('Ctrl Pts',(-26.5017976908383,40.6049492946823,-3.93603584449925));
#3115=CARTESIAN_POINT('Ctrl Pts',(-26.5178970509694,40.5725032913571,-3.90970849851354));
#3116=CARTESIAN_POINT('Ctrl Pts',(-26.5272008629651,40.5537527626097,-3.89449393871712));
#3117=CARTESIAN_POINT('Ctrl Pts',(-26.5359700149838,40.5341161646602,-3.88002942474691));
#3118=CARTESIAN_POINT('Ctrl Pts',(-26.5441564135331,40.5136482588862,-3.8664245078509));
#3119=CARTESIAN_POINT('Ctrl Pts',(-26.544896996089,40.5117966297625,-3.86519373902539));
#3120=CARTESIAN_POINT('Ctrl Pts',(-26.5456326712876,40.5099385719331,-3.86397023528229));
#3121=CARTESIAN_POINT('Ctrl Pts',(-26.5463634080911,40.508074133396,-3.86275407147546));
#3122=CARTESIAN_POINT('Ctrl Pts',(-26.562458040465,40.4670094809854,-3.83596780686651));
#3123=CARTESIAN_POINT('Ctrl Pts',(-26.5762013012302,40.4230540601005,-3.8127937800505));
#3124=CARTESIAN_POINT('Ctrl Pts',(-26.5875192183257,40.3769337555095,-3.79353722360134));
#3125=CARTESIAN_POINT('Ctrl Pts',(-26.5984236450102,40.3324984167603,-3.77498418895535));
#3126=CARTESIAN_POINT('Ctrl Pts',(-26.6070766193792,40.2860525293699,-3.76006756149419));
#3127=CARTESIAN_POINT('Ctrl Pts',(-26.6133914325852,40.23826019218,-3.74910029899851));
#3128=CARTESIAN_POINT('Ctrl Pts',(-26.619367730444,40.1930298372834,-3.73872095360358));
#3129=CARTESIAN_POINT('Ctrl Pts',(-26.6232497092305,40.1465929158801,-3.73187899107086));
#3130=CARTESIAN_POINT('Ctrl Pts',(-26.6249466703947,40.0995367664824,-3.72887564662213));
#3131=CARTESIAN_POINT('Ctrl Pts',(-26.625599372493,40.0814375618012,-3.7277204703784));
#3132=CARTESIAN_POINT('Ctrl Pts',(-26.6259286436966,40.0632470609711,-3.7271335661252));
#3133=CARTESIAN_POINT('Ctrl Pts',(-26.6259286436966,40.045000001096,-3.7271335661252));
#3134=CARTESIAN_POINT('',(-26.6259283511373,37.8211941294609,-3.7271340679355));
#3135=CARTESIAN_POINT('',(-26.6259286436966,41.792893882152,-3.72713356612519));
#3136=CARTESIAN_POINT('',(-25.6734916239046,37.8211945530106,-5.03805064048587));
#3137=CARTESIAN_POINT('Ctrl Pts',(-26.6259283537091,37.8211941900113,-3.72713407250262));
#3138=CARTESIAN_POINT('Ctrl Pts',(-26.4914568563501,37.8091945056061,-3.96194881824761));
#3139=CARTESIAN_POINT('Ctrl Pts',(-26.3442453310045,37.8058466708781,-4.18952494593309));
#3140=CARTESIAN_POINT('Ctrl Pts',(-26.025824961716,37.8058531817457,-4.62775494128265));
#3141=CARTESIAN_POINT('Ctrl Pts',(-25.8552797918873,37.8091932030919,-4.83757681009941));
#3142=CARTESIAN_POINT('Ctrl Pts',(-25.6734917265222,37.8211942158879,-5.03805051931326));
#3143=CARTESIAN_POINT('',(-25.6734917265222,40.045000001096,-5.03805051931326));
#3144=CARTESIAN_POINT('',(-25.6734917265222,41.792893882152,-5.03805051931326));
#3145=CARTESIAN_POINT('',(-26.0420236647739,40.792893882152,-4.59903061357593));
#3146=CARTESIAN_POINT('Ctrl Pts',(-25.6734917265222,40.045000001096,-5.03805051931326));
#3147=CARTESIAN_POINT('Ctrl Pts',(-25.6734917265222,40.21502642049,-5.03805051931326));
#3148=CARTESIAN_POINT('Ctrl Pts',(-25.7136035549511,40.3819386837316,-4.99451444764167));
#3149=CARTESIAN_POINT('Ctrl Pts',(-25.8482501076762,40.6463546947313,-4.83942940161412));
#3150=CARTESIAN_POINT('Ctrl Pts',(-25.943292543687,40.7453137194303,-4.72621524291743));
#3151=CARTESIAN_POINT('Ctrl Pts',(-26.0420236647739,40.792893882152,-4.59903061357593));
#3152=CARTESIAN_POINT('',(-24.0721544007101,40.792893882152,-6.37270886567124));
#3153=CARTESIAN_POINT('Origin',(-20.1175897327099,40.792893882152,0.));
#3154=CARTESIAN_POINT('',(-24.5472913866594,40.045000001096,-6.05208586001527));
#3155=CARTESIAN_POINT('Ctrl Pts',(-24.0721544007101,40.792893882152,-6.37270886567123));
#3156=CARTESIAN_POINT('Ctrl Pts',(-24.1129871946149,40.7786927353808,-6.34737020240019));
#3157=CARTESIAN_POINT('Ctrl Pts',(-24.1524042017896,40.7600275049274,-6.32232901096133));
#3158=CARTESIAN_POINT('Ctrl Pts',(-24.1898976718966,40.7373041600764,-6.29806667757261));
#3159=CARTESIAN_POINT('Ctrl Pts',(-24.225636550993,40.7156442051035,-6.27493975448164));
#3160=CARTESIAN_POINT('Ctrl Pts',(-24.2596281033328,40.6902963433192,-6.25252005894322));
#3161=CARTESIAN_POINT('Ctrl Pts',(-24.2913964726695,40.6616021109603,-6.23125071682747));
#3162=CARTESIAN_POINT('Ctrl Pts',(-24.3211341501844,40.6347420660088,-6.21134094965984));
#3163=CARTESIAN_POINT('Ctrl Pts',(-24.3489239070636,40.6049492947073,-6.19243898046313));
#3164=CARTESIAN_POINT('Ctrl Pts',(-24.3743397007085,40.5725032913869,-6.17493595282236));
#3165=CARTESIAN_POINT('Ctrl Pts',(-24.3890274748822,40.5537527626304,-6.16482096208336));
#3166=CARTESIAN_POINT('Ctrl Pts',(-24.4029217417401,40.534116164671,-6.15517370649814));
#3167=CARTESIAN_POINT('Ctrl Pts',(-24.4159340071838,40.5136482588861,-6.14607470472612));
#3168=CARTESIAN_POINT('Ctrl Pts',(-24.4171111617942,40.5117966297624,-6.14525156351888));
#3169=CARTESIAN_POINT('Ctrl Pts',(-24.4182808783355,40.509938571933,-6.14443306329263));
#3170=CARTESIAN_POINT('Ctrl Pts',(-24.4194430980073,40.5080741333959,-6.14361925980557));
#3171=CARTESIAN_POINT('Ctrl Pts',(-24.4450412316455,40.4670094809965,-6.125695066193));
#3172=CARTESIAN_POINT('Ctrl Pts',(-24.4670220509594,40.4230540601244,-6.11011442701211));
#3173=CARTESIAN_POINT('Ctrl Pts',(-24.4851938298365,40.3769337555471,-6.09712609894633));
#3174=CARTESIAN_POINT('Ctrl Pts',(-24.5027017183311,40.3324984168091,-6.08461228832577));
#3175=CARTESIAN_POINT('Ctrl Pts',(-24.5166737427402,40.2860525294307,-6.07450475281307));
#3176=CARTESIAN_POINT('Ctrl Pts',(-24.5269033991932,40.2382601922531,-6.0670541259014));
#3177=CARTESIAN_POINT('Ctrl Pts',(-24.5365846790604,40.1930298373675,-6.06000290139061));
#3178=CARTESIAN_POINT('Ctrl Pts',(-24.5429139200232,40.1465929159756,-6.0553314006154));
#3179=CARTESIAN_POINT('Ctrl Pts',(-24.5456857414305,40.099536766589,-6.05327792522037));
#3180=CARTESIAN_POINT('Ctrl Pts',(-24.5467518669792,40.0814375618726,-6.05248809706743));
#3181=CARTESIAN_POINT('Ctrl Pts',(-24.5472913866594,40.0632470610069,-6.05208586001526));
#3182=CARTESIAN_POINT('Ctrl Pts',(-24.5472913866594,40.045000001096,-6.05208586001526));
#3183=CARTESIAN_POINT('',(-24.5472909152886,37.821194129461,-6.05208619944721));
#3184=CARTESIAN_POINT('',(-24.5472913866594,41.792893882152,-6.05208586001526));
#3185=CARTESIAN_POINT('',(-23.1439988633617,37.8211945530106,-6.8622771624723));
#3186=CARTESIAN_POINT('Ctrl Pts',(-24.5472909157805,37.8211941900113,-6.05208620466555));
#3187=CARTESIAN_POINT('Ctrl Pts',(-24.3289373287567,37.8091945056061,-6.21190566360319));
#3188=CARTESIAN_POINT('Ctrl Pts',(-24.1018893582456,37.8058466708781,-6.35993047967701));
#3189=CARTESIAN_POINT('Ctrl Pts',(-23.6327536790576,37.8058531817457,-6.63076026923999));
#3190=CARTESIAN_POINT('Ctrl Pts',(-23.3916106712714,37.8091932030919,-6.75307511454272));
#3191=CARTESIAN_POINT('Ctrl Pts',(-23.1439990063928,37.8211942158879,-6.86227709351394));
#3192=CARTESIAN_POINT('',(-23.1439990063928,40.045000001096,-6.86227709351394));
#3193=CARTESIAN_POINT('',(-23.1439990063928,41.792893882152,-6.86227709351394));
#3194=CARTESIAN_POINT('',(-23.659235167282,40.792893882152,-6.61110789624364));
#3195=CARTESIAN_POINT('Ctrl Pts',(-23.1439990063928,40.045000001096,-6.86227709351394));
#3196=CARTESIAN_POINT('Ctrl Pts',(-23.1439990063928,40.21502642049,-6.86227709351393));
#3197=CARTESIAN_POINT('Ctrl Pts',(-23.1983507006962,40.3819386837316,-6.83881986343755));
#3198=CARTESIAN_POINT('Ctrl Pts',(-23.3844352183379,40.6463546947313,-6.75190831094791));
#3199=CARTESIAN_POINT('Ctrl Pts',(-23.5173091508959,40.7453137194303,-6.68713927190253));
#3200=CARTESIAN_POINT('Ctrl Pts',(-23.659235167282,40.792893882152,-6.61110789624364));
#3201=CARTESIAN_POINT('',(-21.1382501107922,40.792893882152,-7.43022559500133));
#3202=CARTESIAN_POINT('Origin',(-20.1175897327099,40.792893882152,0.));
#3203=CARTESIAN_POINT('',(-21.7027184710783,40.045000001096,-7.33057752723472));
#3204=CARTESIAN_POINT('Ctrl Pts',(-21.1382501107922,40.792893882152,-7.43022559500133));
#3205=CARTESIAN_POINT('Ctrl Pts',(-21.2982769006307,40.7451597700961,-7.40824335479455));
#3206=CARTESIAN_POINT('Ctrl Pts',(-21.4426927013801,40.647335397064,-7.38273890866804));
#3207=CARTESIAN_POINT('Ctrl Pts',(-21.6460964950067,40.3802997785689,-7.34332341305709));
#3208=CARTESIAN_POINT('Ctrl Pts',(-21.7027184710783,40.2152014254475,-7.33057752723472));
#3209=CARTESIAN_POINT('Ctrl Pts',(-21.7027184710783,40.045000001096,-7.33057752723472));
#3210=CARTESIAN_POINT('',(-21.7027179024002,37.8211941294609,-7.33057764559743));
#3211=CARTESIAN_POINT('',(-21.7027184710783,41.792893882152,-7.33057752723472));
#3212=CARTESIAN_POINT('',(-20.1175897326936,37.8200547924129,-7.5));
#3213=CARTESIAN_POINT('Ctrl Pts',(-21.7027179007271,37.8211941900112,-7.33057765056469));
#3214=CARTESIAN_POINT('Ctrl Pts',(-21.4425342661209,37.8093894514015,-7.38683848397115));
#3215=CARTESIAN_POINT('Ctrl Pts',(-21.1792972565023,37.8059864945733,-7.42925054778753));
#3216=CARTESIAN_POINT('Ctrl Pts',(-20.6494465838444,37.8057198054047,-7.48586100335294));
#3217=CARTESIAN_POINT('Ctrl Pts',(-20.3837783249052,37.8088577882255,-7.50000000000058));
#3218=CARTESIAN_POINT('Ctrl Pts',(-20.1175897326936,37.8200547924129,-7.5));
#3219=CARTESIAN_POINT('',(-20.0912124700652,37.8211945530106,-7.49995362123638));
#3220=CARTESIAN_POINT('Ctrl Pts',(-20.1175897326936,37.8200547924129,-7.5));
#3221=CARTESIAN_POINT('Ctrl Pts',(-20.1087979585991,37.8204246111588,-7.49999999999998));
#3222=CARTESIAN_POINT('Ctrl Pts',(-20.1000055881343,37.8208042814996,-7.49998454098074));
#3223=CARTESIAN_POINT('Ctrl Pts',(-20.0912126287785,37.8211942158879,-7.49995361641578));
#3224=CARTESIAN_POINT('',(-20.0912126287785,40.045000001096,-7.49995361641578));
#3225=CARTESIAN_POINT('',(-20.0912126287785,41.792893882152,-7.49995361641578));
#3226=CARTESIAN_POINT('',(-20.1175897325685,40.2430386691994,-7.49999999999987));
#3227=CARTESIAN_POINT('Origin',(-20.8512669845891,40.0445430184832,-7.49998614464485));
#3228=CARTESIAN_POINT('',(-20.6640639993141,40.792893882152,-7.48006456362105));
#3229=CARTESIAN_POINT('Ctrl Pts',(-20.1175897327099,40.2430386697224,-7.5));
#3230=CARTESIAN_POINT('Ctrl Pts',(-20.1527438528107,40.3728052223293,-7.5));
#3231=CARTESIAN_POINT('Ctrl Pts',(-20.222982767237,40.4929676703501,-7.49987471564234));
#3232=CARTESIAN_POINT('Ctrl Pts',(-20.4150430274018,40.6846003731496,-7.4947148030819));
#3233=CARTESIAN_POINT('Ctrl Pts',(-20.5353975022503,40.7547698975003,-7.48946460676525));
#3234=CARTESIAN_POINT('Ctrl Pts',(-20.6640639993141,40.792893882152,-7.48006456362105));
#3235=CARTESIAN_POINT('',(-20.1175897327099,40.792893882152,-7.5));
#3236=CARTESIAN_POINT('Origin',(-20.1175897327099,40.792893882152,0.));
#3237=CARTESIAN_POINT('',(-18.0278643690967,40.792893882152,-7.20298881747511));
#3238=CARTESIAN_POINT('Origin',(-20.1175897327099,40.792893882152,0.));
#3239=CARTESIAN_POINT('',(-18.5840623961907,40.045000001096,-7.34154574378914));
#3240=CARTESIAN_POINT('Ctrl Pts',(-18.0278643690967,40.792893882152,-7.20298881747511));
#3241=CARTESIAN_POINT('Ctrl Pts',(-18.074017137741,40.7786927353801,-7.21637862185786));
#3242=CARTESIAN_POINT('Ctrl Pts',(-18.1190014954992,40.7600275049246,-7.22891533916546));
#3243=CARTESIAN_POINT('Ctrl Pts',(-18.1621199514024,40.7373041600704,-7.2405437476136));
#3244=CARTESIAN_POINT('Ctrl Pts',(-18.2032205824707,40.7156442050947,-7.25162797861229));
#3245=CARTESIAN_POINT('Ctrl Pts',(-18.2426264512302,40.6902963433068,-7.26188692037424));
#3246=CARTESIAN_POINT('Ctrl Pts',(-18.2796898410047,40.6616021109435,-7.27126345187448));
#3247=CARTESIAN_POINT('Ctrl Pts',(-18.3143840716413,40.6347420659879,-7.28004061846447));
#3248=CARTESIAN_POINT('Ctrl Pts',(-18.347025949114,40.6049492946818,-7.28804454638084));
#3249=CARTESIAN_POINT('Ctrl Pts',(-18.3770397189493,40.5725032913565,-7.29522035041524));
#3250=CARTESIAN_POINT('Ctrl Pts',(-18.3943846612052,40.5537527626093,-7.2993672439011));
#3251=CARTESIAN_POINT('Ctrl Pts',(-18.4108510484714,40.53411616466,-7.30323742243864));
#3252=CARTESIAN_POINT('Ctrl Pts',(-18.4263198296132,40.5136482588862,-7.30681899959593));
#3253=CARTESIAN_POINT('Ctrl Pts',(-18.4277192129203,40.5117966297626,-7.30714300697834));
#3254=CARTESIAN_POINT('Ctrl Pts',(-18.4291101702666,40.5099385719331,-7.30746459222056));
#3255=CARTESIAN_POINT('Ctrl Pts',(-18.4304926208706,40.508074133396,-7.30778374893495));
#3256=CARTESIAN_POINT('Ctrl Pts',(-18.4609413872978,40.467009480983,-7.31481324295196));
#3257=CARTESIAN_POINT('Ctrl Pts',(-18.4872280976459,40.4230540600952,-7.32072269254387));
#3258=CARTESIAN_POINT('Ctrl Pts',(-18.5090395998625,40.3769337555011,-7.32553606815272));
#3259=CARTESIAN_POINT('Ctrl Pts',(-18.5300542375193,40.3324984167498,-7.33017359120463));
#3260=CARTESIAN_POINT('Ctrl Pts',(-18.5469147093993,40.2860525293572,-7.33379356747935));
#3261=CARTESIAN_POINT('Ctrl Pts',(-18.5592965804583,40.2382601921651,-7.33641024123507));
#3262=CARTESIAN_POINT('Ctrl Pts',(-18.5710147021321,40.1930298372674,-7.3388866441393));
#3263=CARTESIAN_POINT('Ctrl Pts',(-18.5787213925991,40.1465929158632,-7.34046434266268));
#3264=CARTESIAN_POINT('Ctrl Pts',(-18.5821021327452,40.0995367664646,-7.34115016416099));
#3265=CARTESIAN_POINT('Ctrl Pts',(-18.5834024666791,40.0814375617893,-7.34141395165375));
#3266=CARTESIAN_POINT('Ctrl Pts',(-18.5840623961907,40.0632470609651,-7.34154574378914));
#3267=CARTESIAN_POINT('Ctrl Pts',(-18.5840623961907,40.045000001096,-7.34154574378914));
#3268=CARTESIAN_POINT('',(-18.584061828535,37.8211941294609,-7.34154562061663));
#3269=CARTESIAN_POINT('',(-18.5840623961907,41.792893882152,-7.34154574378914));
#3270=CARTESIAN_POINT('',(-17.0429869451099,37.8211945530106,-6.84081996394903));
#3271=CARTESIAN_POINT('Ctrl Pts',(-18.5840618249861,37.8211941900113,-7.34154562447393));
#3272=CARTESIAN_POINT('Ctrl Pts',(-18.3191857529802,37.8091945056061,-7.28621737761968));
#3273=CARTESIAN_POINT('Ctrl Pts',(-18.0572571306921,37.8058466708781,-7.21653578813483));
#3274=CARTESIAN_POINT('Ctrl Pts',(-17.5420783325136,37.8058531817457,-7.04912053700979));
#3275=CARTESIAN_POINT('Ctrl Pts',(-17.2898245211285,37.8091932030919,-6.95176096517748));
#3276=CARTESIAN_POINT('Ctrl Pts',(-17.0429870920625,37.8211942158879,-6.84082002409974));
#3277=CARTESIAN_POINT('',(-17.0429870920625,40.045000001096,-6.84082002409974));
#3278=CARTESIAN_POINT('',(-17.0429870920625,41.792893882152,-6.84082002409974));
#3279=CARTESIAN_POINT('',(-17.574402466087,40.792893882152,-7.05565011369519));
#3280=CARTESIAN_POINT('Ctrl Pts',(-17.0429870920625,40.045000001096,-6.84082002409974));
#3281=CARTESIAN_POINT('Ctrl Pts',(-17.0429870920625,40.21502642049,-6.84082002409974));
#3282=CARTESIAN_POINT('Ctrl Pts',(-17.0967875933796,40.3819386837316,-6.86551525389269));
#3283=CARTESIAN_POINT('Ctrl Pts',(-17.2858903100101,40.6463546947313,-6.94564782046262));
#3284=CARTESIAN_POINT('Ctrl Pts',(-17.4229331012896,40.7453137194303,-7.00105344951419));
#3285=CARTESIAN_POINT('Ctrl Pts',(-17.574402466087,40.792893882152,-7.05565011369519));
#3286=CARTESIAN_POINT('',(-15.2788111273281,40.792893882152,-5.73028983630843));
#3287=CARTESIAN_POINT('Origin',(-20.1175897327099,40.792893882152,0.));
#3288=CARTESIAN_POINT('',(-15.7305671294458,40.045000001096,-6.08309400539316));
#3289=CARTESIAN_POINT('Ctrl Pts',(-15.2788111273281,40.792893882152,-5.73028983630843));
#3290=CARTESIAN_POINT('Ctrl Pts',(-15.3155276553904,40.778692735381,-5.76129405346439));
#3291=CARTESIAN_POINT('Ctrl Pts',(-15.3515237687683,40.7600275049278,-5.79104370127659));
#3292=CARTESIAN_POINT('Ctrl Pts',(-15.386184738479,40.7373041600771,-5.8192046369998));
#3293=CARTESIAN_POINT('Ctrl Pts',(-15.419223670387,40.7156442051044,-5.84604771858667));
#3294=CARTESIAN_POINT('Ctrl Pts',(-15.4510500352601,40.6902963433204,-5.87144753900815));
#3295=CARTESIAN_POINT('Ctrl Pts',(-15.4810953476851,40.6616021109618,-5.89508846550491));
#3296=CARTESIAN_POINT('Ctrl Pts',(-15.5092201092129,40.6347420660106,-5.91721822107585));
#3297=CARTESIAN_POINT('Ctrl Pts',(-15.5357844573332,40.6049492947095,-5.93780682073297));
#3298=CARTESIAN_POINT('Ctrl Pts',(-15.5602847379876,40.5725032913896,-5.95656994390172));
#3299=CARTESIAN_POINT('Ctrl Pts',(-15.5744434376721,40.5537527626323,-5.96741314320372));
#3300=CARTESIAN_POINT('Ctrl Pts',(-15.5879120875449,40.534116164672,-5.97764621031368));
#3301=CARTESIAN_POINT('Ctrl Pts',(-15.60058676363,40.5136482588861,-5.98720986397672));
#3302=CARTESIAN_POINT('Ctrl Pts',(-15.6017333782186,40.5117966297624,-5.98807503991785));
#3303=CARTESIAN_POINT('Ctrl Pts',(-15.6028732804822,40.509938571933,-5.98893457597683));
#3304=CARTESIAN_POINT('Ctrl Pts',(-15.6040063992214,40.5080741333959,-5.98978843346145));
#3305=CARTESIAN_POINT('Ctrl Pts',(-15.6289635786688,40.4670094810058,-6.00859482482213));
#3306=CARTESIAN_POINT('Ctrl Pts',(-15.650574093804,40.4230540601443,-6.02468514397099));
#3307=CARTESIAN_POINT('Ctrl Pts',(-15.6685421163354,40.3769337555784,-6.03795391858215));
#3308=CARTESIAN_POINT('Ctrl Pts',(-15.6858536925491,40.3324984168481,-6.0507379298746));
#3309=CARTESIAN_POINT('Ctrl Pts',(-15.6997841230504,40.2860525294779,-6.0609027144902));
#3310=CARTESIAN_POINT('Ctrl Pts',(-15.7100312280171,40.2382601923086,-6.06832932558576));
#3311=CARTESIAN_POINT('Ctrl Pts',(-15.7197290210443,40.193029837427,-6.07535782168608));
#3312=CARTESIAN_POINT('Ctrl Pts',(-15.726127725319,40.146592916039,-6.07993371442009));
#3313=CARTESIAN_POINT('Ctrl Pts',(-15.728937236398,40.0995367666561,-6.0819353144392));
#3314=CARTESIAN_POINT('Ctrl Pts',(-15.7300178585249,40.0814375619176,-6.08270518976953));
#3315=CARTESIAN_POINT('Ctrl Pts',(-15.7305671294458,40.0632470610295,-6.08309400539315));
#3316=CARTESIAN_POINT('Ctrl Pts',(-15.7305671294458,40.045000001096,-6.08309400539315));
#3317=CARTESIAN_POINT('',(-15.7305666609653,37.8211941294609,-6.08309366198307));
#3318=CARTESIAN_POINT('',(-15.7305671294458,41.792893882152,-6.08309400539315));
#3319=CARTESIAN_POINT('',(-14.5263881740201,37.8211945530106,-4.99884638799653));
#3320=CARTESIAN_POINT('Ctrl Pts',(-15.7305666561543,37.8211941900113,-6.08309366406345));
#3321=CARTESIAN_POINT('Ctrl Pts',(-15.5110943491279,37.8091945056061,-5.92481399111162));
#3322=CARTESIAN_POINT('Ctrl Pts',(-15.3001527018012,37.8058466708781,-5.75462072300147));
#3323=CARTESIAN_POINT('Ctrl Pts',(-14.8976073680937,37.8058531817457,-5.39213718584114));
#3324=CARTESIAN_POINT('Ctrl Pts',(-14.7067617499483,37.8091932030919,-5.20059392278989));
#3325=CARTESIAN_POINT('Ctrl Pts',(-14.5263882838025,37.8211942158879,-4.99884650271793));
#3326=CARTESIAN_POINT('',(-14.5263882838025,40.045000001096,-4.99884650271793));
#3327=CARTESIAN_POINT('',(-14.5263882838025,41.792893882152,-4.99884650271793));
#3328=CARTESIAN_POINT('',(-14.9244811153903,40.792893882152,-5.41124966054241));
#3329=CARTESIAN_POINT('Ctrl Pts',(-14.5263882838025,40.045000001096,-4.99884650271793));
#3330=CARTESIAN_POINT('Ctrl Pts',(-14.5263882838025,40.21502642049,-4.99884650271793));
#3331=CARTESIAN_POINT('Ctrl Pts',(-14.5654930325337,40.3819386837316,-5.04328935302224));
#3332=CARTESIAN_POINT('Ctrl Pts',(-14.7056541092116,40.6463546947313,-5.19340909938025));
#3333=CARTESIAN_POINT('Ctrl Pts',(-14.8083134291197,40.7453137194303,-5.29976498501091));
#3334=CARTESIAN_POINT('Ctrl Pts',(-14.9244811153903,40.792893882152,-5.41124966054241));
#3335=CARTESIAN_POINT('',(-13.3664266653537,40.792893882152,-3.26677168439514));
#3336=CARTESIAN_POINT('Origin',(-20.1175897327099,40.792893882152,0.));
#3337=CARTESIAN_POINT('',(-13.6356279256545,40.045000001096,-3.77282005029056));
#3338=CARTESIAN_POINT('Ctrl Pts',(-13.3664266653537,40.792893882152,-3.26677168439514));
#3339=CARTESIAN_POINT('Ctrl Pts',(-13.3873583315805,40.7786927353796,-3.31002940351991));
#3340=CARTESIAN_POINT('Ctrl Pts',(-13.4081421455681,40.760027504924,-3.35184799746874));
#3341=CARTESIAN_POINT('Ctrl Pts',(-13.428352432545,40.73730416007,-3.39167217885148));
#3342=CARTESIAN_POINT('Ctrl Pts',(-13.4476169338223,40.7156442050943,-3.42963269836281));
#3343=CARTESIAN_POINT('Ctrl Pts',(-13.4663607271941,40.6902963433066,-3.46578153774661));
#3344=CARTESIAN_POINT('Ctrl Pts',(-13.4841928548023,40.6616021109436,-3.49959912828048));
#3345=CARTESIAN_POINT('Ctrl Pts',(-13.5008851204519,40.634742065988,-3.53125503705487));
#3346=CARTESIAN_POINT('Ctrl Pts',(-13.5167787221035,40.6049492946818,-3.56086835253293));
#3347=CARTESIAN_POINT('Ctrl Pts',(-13.5315291924759,40.5725032913562,-3.58797448038405));
#3348=CARTESIAN_POINT('Ctrl Pts',(-13.540053481769,40.5537527626091,-3.60363909782237));
#3349=CARTESIAN_POINT('Ctrl Pts',(-13.5481955423111,40.5341161646599,-3.61846566322507));
#3350=CARTESIAN_POINT('Ctrl Pts',(-13.5558845466847,40.5136482588862,-3.63235775078203));
#3351=CARTESIAN_POINT('Ctrl Pts',(-13.5565801324758,40.5117966297625,-3.6336144985018));
#3352=CARTESIAN_POINT('Ctrl Pts',(-13.5572718801996,40.5099385719331,-3.63486336378428));
#3353=CARTESIAN_POINT('Ctrl Pts',(-13.5579597405498,40.508074133396,-3.63610428232299));
#3354=CARTESIAN_POINT('Ctrl Pts',(-13.5731100099837,40.4670094809936,-3.66343577512239));
#3355=CARTESIAN_POINT('Ctrl Pts',(-13.5863076755295,40.4230540601182,-3.68692480147995));
#3356=CARTESIAN_POINT('Ctrl Pts',(-13.5973253840547,40.3769337555372,-3.70635468342495));
#3357=CARTESIAN_POINT('Ctrl Pts',(-13.6079405700327,40.3324984167947,-3.72507471126949));
#3358=CARTESIAN_POINT('Ctrl Pts',(-13.6165322611684,40.2860525294113,-3.74002672062208));
#3359=CARTESIAN_POINT('Ctrl Pts',(-13.6228727824973,40.2382601922286,-3.75097914052774));
#3360=CARTESIAN_POINT('Ctrl Pts',(-13.6288734103557,40.1930298373348,-3.76134443899358));
#3361=CARTESIAN_POINT('Ctrl Pts',(-13.632857734329,40.1465929159344,-3.76812731250853));
#3362=CARTESIAN_POINT('Ctrl Pts',(-13.6346102263375,40.0995367665392,-3.77109859621329));
#3363=CARTESIAN_POINT('Ctrl Pts',(-13.6352842872627,40.0814375618393,-3.77224144093572));
#3364=CARTESIAN_POINT('Ctrl Pts',(-13.6356279256545,40.0632470609902,-3.77282005029056));
#3365=CARTESIAN_POINT('Ctrl Pts',(-13.6356279256545,40.045000001096,-3.77282005029056));
#3366=CARTESIAN_POINT('',(-13.6356280008363,37.821194553011,-3.77282019015056));
#3367=CARTESIAN_POINT('',(-13.6356279256545,41.792893882152,-3.77282005029056));
#3368=CARTESIAN_POINT('',(-12.976559182363,37.821194129461,-2.29252755959244));
#3369=CARTESIAN_POINT('Ctrl Pts',(-13.6356279256545,37.8211942158886,-3.77282005029056));
#3370=CARTESIAN_POINT('Ctrl Pts',(-13.4994931935227,37.8091932030925,-3.53893130857227));
#3371=CARTESIAN_POINT('Ctrl Pts',(-13.3762992643543,37.8058531817457,-3.29823621638781));
#3372=CARTESIAN_POINT('Ctrl Pts',(-13.1559502834102,37.8058466708781,-2.80337928049745));
#3373=CARTESIAN_POINT('Ctrl Pts',(-13.0592714205899,37.8091945056061,-2.55016924007513));
#3374=CARTESIAN_POINT('Ctrl Pts',(-12.9765591788978,37.8211941900113,-2.29252756352504));
#3375=CARTESIAN_POINT('',(-12.9765590005291,40.045000001096,-2.2925270079214));
#3376=CARTESIAN_POINT('',(-12.9765590005291,41.792893882152,-2.2925270079214));
#3377=CARTESIAN_POINT('',(-13.1724954225388,40.792893882152,-2.83119498142199));
#3378=CARTESIAN_POINT('Ctrl Pts',(-12.9765590005291,40.045000001096,-2.2925270079214));
#3379=CARTESIAN_POINT('Ctrl Pts',(-12.9765590005291,40.21502642049,-2.2925270079214));
#3380=CARTESIAN_POINT('Ctrl Pts',(-12.9942064303632,40.3819386837316,-2.34903290616884));
#3381=CARTESIAN_POINT('Ctrl Pts',(-13.0611907436076,40.6463546947313,-2.54318276437455));
#3382=CARTESIAN_POINT('Ctrl Pts',(-13.1117158631016,40.7453137194303,-2.68209900774587));
#3383=CARTESIAN_POINT('Ctrl Pts',(-13.1724954225388,40.792893882152,-2.83119498142199));
#3384=CARTESIAN_POINT('',(-12.621379630117,40.792893882152,-0.2383990305849));
#3385=CARTESIAN_POINT('Origin',(-20.1175897327099,40.792893882152,0.));
#3386=CARTESIAN_POINT('',(-12.6614788050773,40.045000001096,-0.810191233498685));
#3387=CARTESIAN_POINT('Ctrl Pts',(-12.621379630117,40.792893882152,-0.238399030584978));
#3388=CARTESIAN_POINT('Ctrl Pts',(-12.6229071592545,40.7786927353868,-0.286430599020246));
#3389=CARTESIAN_POINT('Ctrl Pts',(-12.6248849635928,40.7600275049449,-0.333087324266439));
#3390=CARTESIAN_POINT('Ctrl Pts',(-12.6271500256075,40.7373041601101,-0.377688788524542));
#3391=CARTESIAN_POINT('Ctrl Pts',(-12.6293090889663,40.715644205148,-0.420203027255412));
#3392=CARTESIAN_POINT('Ctrl Pts',(-12.6317293386766,40.6902963433774,-0.460850422851847));
#3393=CARTESIAN_POINT('Ctrl Pts',(-12.6342649446011,40.6616021110345,-0.498997308781678));
#3394=CARTESIAN_POINT('Ctrl Pts',(-12.6366384699937,40.6347420660917,-0.534705776541303));
#3395=CARTESIAN_POINT('Ctrl Pts',(-12.6391131770596,40.6049492947997,-0.568223396561678));
#3396=CARTESIAN_POINT('Ctrl Pts',(-12.6415633468168,40.5725032914895,-0.598985633337092));
#3397=CARTESIAN_POINT('Ctrl Pts',(-12.6429792986718,40.5537527626993,-0.616763114304339));
#3398=CARTESIAN_POINT('Ctrl Pts',(-12.6443869336593,40.5341161647025,-0.633619530197775));
#3399=CARTESIAN_POINT('Ctrl Pts',(-12.6457607676238,40.5136482588772,-0.649437983549609));
#3400=CARTESIAN_POINT('Ctrl Pts',(-12.645885051515,40.5117966297533,-0.650868999950216));
#3401=CARTESIAN_POINT('Ctrl Pts',(-12.6460090352333,40.5099385719236,-0.652291254303446));
#3402=CARTESIAN_POINT('Ctrl Pts',(-12.6461326998909,40.5080741333862,-0.653704667807663));
#3403=CARTESIAN_POINT('Ctrl Pts',(-12.6488564400818,40.4670094809988,-0.684835398624134));
#3404=CARTESIAN_POINT('Ctrl Pts',(-12.6513592597619,40.4230540601404,-0.71166166612893));
#3405=CARTESIAN_POINT('Ctrl Pts',(-12.6535215923805,40.3769337555779,-0.733893052296678));
#3406=CARTESIAN_POINT('Ctrl Pts',(-12.6556049260285,40.3324984168517,-0.755312233806623));
#3407=CARTESIAN_POINT('Ctrl Pts',(-12.6573722963473,40.2860525294857,-0.772466129642507));
#3408=CARTESIAN_POINT('Ctrl Pts',(-12.6587099003006,40.2382601923209,-0.78505058545987));
#3409=CARTESIAN_POINT('Ctrl Pts',(-12.6599757999212,40.1930298374454,-0.796960432023185));
#3410=CARTESIAN_POINT('Ctrl Pts',(-12.6608568177853,40.1465929160636,-0.804777465874802));
#3411=CARTESIAN_POINT('Ctrl Pts',(-12.6612492689404,40.099536766687,-0.80820467133121));
#3412=CARTESIAN_POINT('Ctrl Pts',(-12.6614002174116,40.0814375619383,-0.809522877221262));
#3413=CARTESIAN_POINT('Ctrl Pts',(-12.6614788050773,40.0632470610399,-0.810191233498685));
#3414=CARTESIAN_POINT('Ctrl Pts',(-12.6614788050773,40.045000001096,-0.810191233498685));
#3415=CARTESIAN_POINT('',(-12.6614787468061,37.8211941294609,-0.810190655563576));
#3416=CARTESIAN_POINT('',(-12.6614788050773,41.792893882152,-0.810191233498685));
#3417=CARTESIAN_POINT('',(-12.6614788168732,37.8211945530106,0.810191391846471));
#3418=CARTESIAN_POINT('Ctrl Pts',(-12.6614787420409,37.8211941900113,-0.810190653380401));
#3419=CARTESIAN_POINT('Ctrl Pts',(-12.6322478240937,37.8091945056061,-0.541181170541546));
#3420=CARTESIAN_POINT('Ctrl Pts',(-12.6175785582388,37.8058466708781,-0.270539452164312));
#3421=CARTESIAN_POINT('Ctrl Pts',(-12.6176009199697,37.8058531817457,0.271158858615628));
#3422=CARTESIAN_POINT('Ctrl Pts',(-12.6322446605707,37.8091932030919,0.541152251954888));
#3423=CARTESIAN_POINT('Ctrl Pts',(-12.6614788050773,37.8211942158879,0.810191233498685));
#3424=CARTESIAN_POINT('',(-12.6614788050773,40.045000001096,0.810191233498685));
#3425=CARTESIAN_POINT('',(-12.6614788050773,41.792893882152,0.810191233498685));
#3426=CARTESIAN_POINT('',(-12.621379630117,40.792893882152,0.238399030585175));
#3427=CARTESIAN_POINT('Ctrl Pts',(-12.6614788050773,40.045000001096,0.810191233498685));
#3428=CARTESIAN_POINT('Ctrl Pts',(-12.6614788050773,40.21502642049,0.810191233498685));
#3429=CARTESIAN_POINT('Ctrl Pts',(-12.6546175150742,40.3819386837316,0.751392670455061));
#3430=CARTESIAN_POINT('Ctrl Pts',(-12.6368428685917,40.6463546947313,0.546782974681531));
#3431=CARTESIAN_POINT('Ctrl Pts',(-12.6264975355048,40.7453137194303,0.399326254062905));
#3432=CARTESIAN_POINT('Ctrl Pts',(-12.621379630117,40.792893882152,0.238399030585175));
#3433=CARTESIAN_POINT('',(-13.172495422548,40.792893882152,2.83119498144449));
#3434=CARTESIAN_POINT('Origin',(-20.1175897327099,40.792893882152,0.));
#3435=CARTESIAN_POINT('',(-12.9765590005291,40.045000001096,2.29252700792149));
#3436=CARTESIAN_POINT('Ctrl Pts',(-13.172495422548,40.792893882152,2.83119498144449));
#3437=CARTESIAN_POINT('Ctrl Pts',(-13.1543546909351,40.7786927353812,2.78669465817718));
#3438=CARTESIAN_POINT('Ctrl Pts',(-13.1371845052912,40.7600275049284,2.74326717323773));
#3439=CARTESIAN_POINT('Ctrl Pts',(-13.121112692549,40.737304160078,2.7016004244177));
#3440=CARTESIAN_POINT('Ctrl Pts',(-13.1057929963241,40.7156442051058,2.66188356454393));
#3441=CARTESIAN_POINT('Ctrl Pts',(-13.0914712192146,40.6902963433223,2.62376591667751));
#3442=CARTESIAN_POINT('Ctrl Pts',(-13.0782718741594,40.6616021109642,2.58788567846175));
#3443=CARTESIAN_POINT('Ctrl Pts',(-13.0659162551946,40.6347420660136,2.55429897018914));
#3444=CARTESIAN_POINT('Ctrl Pts',(-13.0545441683431,40.6049492947131,2.52267254662405));
#3445=CARTESIAN_POINT('Ctrl Pts',(-13.0442703808766,40.5725032913939,2.49357327113023));
#3446=CARTESIAN_POINT('Ctrl Pts',(-13.0383331643432,40.5537527626354,2.47675681467387));
#3447=CARTESIAN_POINT('Ctrl Pts',(-13.0327629808881,40.5341161646736,2.46078517580375));
#3448=CARTESIAN_POINT('Ctrl Pts',(-13.0275840960604,40.5136482588861,2.44577551100977));
#3449=CARTESIAN_POINT('Ctrl Pts',(-13.0271155882377,40.5117966297624,2.44441766166465));
#3450=CARTESIAN_POINT('Ctrl Pts',(-13.0266503700392,40.509938571933,2.44306793893942));
#3451=CARTESIAN_POINT('Ctrl Pts',(-13.0261884562615,40.5080741333959,2.44172642250531));
#3452=CARTESIAN_POINT('Ctrl Pts',(-13.0160147077902,40.4670094810032,2.41217923982825));
#3453=CARTESIAN_POINT('Ctrl Pts',(-13.007389921348,40.4230540601386,2.38665423652513));
#3454=CARTESIAN_POINT('Ctrl Pts',(-13.000322991108,40.3769337555694,2.36546535476154));
#3455=CARTESIAN_POINT('Ctrl Pts',(-12.9935142451133,40.332498416837,2.34505059065013));
#3456=CARTESIAN_POINT('Ctrl Pts',(-12.9881517002318,40.2860525294644,2.32866087275669));
#3457=CARTESIAN_POINT('Ctrl Pts',(-12.9842551029334,40.2382601922927,2.31662034776626));
#3458=CARTESIAN_POINT('Ctrl Pts',(-12.980567388771,40.1930298374101,2.30522527377493));
#3459=CARTESIAN_POINT('Ctrl Pts',(-12.9781927645316,40.1465929160211,2.29772571576022));
#3460=CARTESIAN_POINT('Ctrl Pts',(-12.97715731646,40.0995367666373,2.29443518352022));
#3461=CARTESIAN_POINT('Ctrl Pts',(-12.9767590521124,40.081437561905,2.29316954624497));
#3462=CARTESIAN_POINT('Ctrl Pts',(-12.9765590005291,40.0632470610232,2.29252700792149));
#3463=CARTESIAN_POINT('Ctrl Pts',(-12.9765590005291,40.045000001096,2.29252700792149));
#3464=CARTESIAN_POINT('',(-12.9765591823631,37.8211941294609,2.29252755959254));
#3465=CARTESIAN_POINT('',(-12.9765590005291,41.792893882152,2.29252700792149));
#3466=CARTESIAN_POINT('',(-13.6356280008364,37.8211945530106,3.77282019015073));
#3467=CARTESIAN_POINT('Ctrl Pts',(-12.9765591788978,37.8211941900113,2.29252756352514));
#3468=CARTESIAN_POINT('Ctrl Pts',(-13.0592714205899,37.8091945056061,2.55016924007523));
#3469=CARTESIAN_POINT('Ctrl Pts',(-13.1559502834102,37.8058466708781,2.80337928049754));
#3470=CARTESIAN_POINT('Ctrl Pts',(-13.3762992643543,37.8058531817457,3.29823621638789));
#3471=CARTESIAN_POINT('Ctrl Pts',(-13.4994931935227,37.8091932030919,3.53893130857236));
#3472=CARTESIAN_POINT('Ctrl Pts',(-13.6356279256545,37.8211942158879,3.77282005029065));
#3473=CARTESIAN_POINT('',(-13.6356279256545,40.045000001096,3.77282005029065));
#3474=CARTESIAN_POINT('',(-13.6356279256545,41.792893882152,3.77282005029065));
#3475=CARTESIAN_POINT('',(-13.3664266653643,40.792893882152,3.26677168441703));
#3476=CARTESIAN_POINT('Ctrl Pts',(-13.6356279256545,40.045000001096,3.77282005029065));
#3477=CARTESIAN_POINT('Ctrl Pts',(-13.6356279256545,40.21502642049,3.77282005029065));
#3478=CARTESIAN_POINT('Ctrl Pts',(-13.6054442951886,40.3819386837316,3.72189562816927));
#3479=CARTESIAN_POINT('Ctrl Pts',(-13.5059840868336,40.6463546947313,3.54220497004788));
#3480=CARTESIAN_POINT('Ctrl Pts',(-13.4365571032408,40.7453137194303,3.41170437877915));
#3481=CARTESIAN_POINT('Ctrl Pts',(-13.3664266653643,40.792893882152,3.26677168441703));
#3482=CARTESIAN_POINT('',(-14.9244811154078,40.792893882152,5.41124966055925));
#3483=CARTESIAN_POINT('Origin',(-20.1175897327099,40.792893882152,0.));
#3484=CARTESIAN_POINT('',(-14.5263882838025,40.045000001096,4.998846502718));
#3485=CARTESIAN_POINT('Ctrl Pts',(-14.9244811154078,40.792893882152,5.41124966055925));
#3486=CARTESIAN_POINT('Ctrl Pts',(-14.889808820344,40.7786927353815,5.37797509265496));
#3487=CARTESIAN_POINT('Ctrl Pts',(-14.8564595258016,40.7600275049292,5.34528585472241));
#3488=CARTESIAN_POINT('Ctrl Pts',(-14.8248298007328,40.7373041600797,5.31375838076691));
#3489=CARTESIAN_POINT('Ctrl Pts',(-14.7946802595763,40.7156442051083,5.28370630565364));
#3490=CARTESIAN_POINT('Ctrl Pts',(-14.7660928210181,40.6902963433259,5.25470929313432));
#3491=CARTESIAN_POINT('Ctrl Pts',(-14.7394408116549,40.6616021109691,5.22729972179232));
#3492=CARTESIAN_POINT('Ctrl Pts',(-14.7144924470991,40.6347420660198,5.20164221999426));
#3493=CARTESIAN_POINT('Ctrl Pts',(-14.6912399034591,40.6049492947209,5.1773754888362));
#3494=CARTESIAN_POINT('Ctrl Pts',(-14.6700185899563,40.5725032914034,5.15497070371431));
#3495=CARTESIAN_POINT('Ctrl Pts',(-14.6577548037114,40.553752762642,5.14202298982457));
#3496=CARTESIAN_POINT('Ctrl Pts',(-14.6461699371373,40.534116164677,5.1296977694013));
#3497=CARTESIAN_POINT('Ctrl Pts',(-14.6353338097534,40.5136482588861,5.11809220053578));
#3498=CARTESIAN_POINT('Ctrl Pts',(-14.6343535194757,40.5117966297625,5.11704230273344));
#3499=CARTESIAN_POINT('Ctrl Pts',(-14.6333795398133,40.509938571933,5.11599849095707));
#3500=CARTESIAN_POINT('Ctrl Pts',(-14.6324119166888,40.5080741333959,5.11496083197167));
#3501=CARTESIAN_POINT('Ctrl Pts',(-14.6110998130856,40.4670094809923,5.09210617374558));
#3502=CARTESIAN_POINT('Ctrl Pts',(-14.5928387244461,40.4230540601152,5.07229593960203));
#3503=CARTESIAN_POINT('Ctrl Pts',(-14.5777644677846,40.3769337555326,5.05581331239443));
#3504=CARTESIAN_POINT('Ctrl Pts',(-14.5632409361842,40.3324984167915,5.03993286386007));
#3505=CARTESIAN_POINT('Ctrl Pts',(-14.5516757088296,40.2860525294098,5.02714125503007));
#3506=CARTESIAN_POINT('Ctrl Pts',(-14.5432186673532,40.2382601922289,5.01772657702341));
#3507=CARTESIAN_POINT('Ctrl Pts',(-14.5352149786903,40.1930298373423,5.00881658742043));
#3508=CARTESIAN_POINT('Ctrl Pts',(-14.5299953064539,40.1465929159494,5.00293124695624));
#3509=CARTESIAN_POINT('Ctrl Pts',(-14.5277109975372,40.0995367665619,5.00034635085122));
#3510=CARTESIAN_POINT('Ctrl Pts',(-14.5268323838972,40.0814375618545,4.99935212237395));
#3511=CARTESIAN_POINT('Ctrl Pts',(-14.5263882838025,40.0632470609978,4.998846502718));
#3512=CARTESIAN_POINT('Ctrl Pts',(-14.5263882838025,40.045000001096,4.99884650271801));
#3513=CARTESIAN_POINT('',(-14.5263886743009,37.8211941294609,4.99884693273606));
#3514=CARTESIAN_POINT('',(-14.5263882838025,41.792893882152,4.998846502718));
#3515=CARTESIAN_POINT('',(-15.7305672550143,37.8211945530107,6.08309410258253));
#3516=CARTESIAN_POINT('Ctrl Pts',(-14.5263886727348,37.8211941900112,4.99884693773809));
#3517=CARTESIAN_POINT('Ctrl Pts',(-14.7067423760604,37.8091945056061,5.20057222152275));
#3518=CARTESIAN_POINT('Ctrl Pts',(-14.8980527138745,37.8058466708781,5.39256826766013));
#3519=CARTESIAN_POINT('Ctrl Pts',(-15.3006279734189,37.8058531817457,5.75501856881132));
#3520=CARTESIAN_POINT('Ctrl Pts',(-15.5110707416198,37.8091932030919,5.92479699175604));
#3521=CARTESIAN_POINT('Ctrl Pts',(-15.7305671294459,37.8211942158879,6.08309400539321));
#3522=CARTESIAN_POINT('',(-15.7305671294459,40.045000001096,6.08309400539321));
#3523=CARTESIAN_POINT('',(-15.7305671294459,41.792893882152,6.08309400539322));
#3524=CARTESIAN_POINT('',(-15.2788111273467,40.792893882152,5.73028983632412));
#3525=CARTESIAN_POINT('Ctrl Pts',(-15.7305671294459,40.045000001096,6.08309400539321));
#3526=CARTESIAN_POINT('Ctrl Pts',(-15.7305671294459,40.21502642049,6.08309400539321));
#3527=CARTESIAN_POINT('Ctrl Pts',(-15.6822801824344,40.3819386837316,6.04884901941271));
#3528=CARTESIAN_POINT('Ctrl Pts',(-15.5183319857991,40.6463546947313,5.92514754617103));
#3529=CARTESIAN_POINT('Ctrl Pts',(-15.401827907888,40.7453137194303,5.83416782204322));
#3530=CARTESIAN_POINT('Ctrl Pts',(-15.2788111273467,40.792893882152,5.73028983632412));
#3531=CARTESIAN_POINT('',(-17.5744024661098,40.792893882152,7.05565011370344));
#3532=CARTESIAN_POINT('Origin',(-20.1175897327099,40.792893882152,0.));
#3533=CARTESIAN_POINT('',(-17.0429870920626,40.045000001096,6.84082002409978));
#3534=CARTESIAN_POINT('Ctrl Pts',(-17.5744024661098,40.792893882152,7.05565011370344));
#3535=CARTESIAN_POINT('Ctrl Pts',(-17.5291937623924,40.7786927353797,7.03935477623901));
#3536=CARTESIAN_POINT('Ctrl Pts',(-17.4854317549399,40.7600275049242,7.02305605152064));
#3537=CARTESIAN_POINT('Ctrl Pts',(-17.4437131843499,40.7373041600703,7.00711923909132));
#3538=CARTESIAN_POINT('Ctrl Pts',(-17.4039469278223,40.7156442050947,6.99192822553709));
#3539=CARTESIAN_POINT('Ctrl Pts',(-17.3660368556462,40.6902963433072,6.97706569525628));
#3540=CARTESIAN_POINT('Ctrl Pts',(-17.3305405565161,40.6616021109444,6.96286615467889));
#3541=CARTESIAN_POINT('Ctrl Pts',(-17.2973132452456,40.634742065989,6.94957427450478));
#3542=CARTESIAN_POINT('Ctrl Pts',(-17.2662008208521,40.6049492946831,6.93686317402519));
#3543=CARTESIAN_POINT('Ctrl Pts',(-17.2377013392052,40.572503291358,6.92502687016241));
#3544=CARTESIAN_POINT('Ctrl Pts',(-17.2212315033194,40.5537527626103,6.91818667620626));
#3545=CARTESIAN_POINT('Ctrl Pts',(-17.2056350823165,40.5341161646605,6.91163901682059));
#3546=CARTESIAN_POINT('Ctrl Pts',(-17.191015377257,40.5136482588862,6.9054442521812));
#3547=CARTESIAN_POINT('Ctrl Pts',(-17.189692805619,40.5117966297625,6.90488384278968));
#3548=CARTESIAN_POINT('Ctrl Pts',(-17.1883784744246,40.5099385719331,6.90432642650106));
#3549=CARTESIAN_POINT('Ctrl Pts',(-17.1870724527822,40.508074133396,6.90377204562977));
#3550=CARTESIAN_POINT('Ctrl Pts',(-17.1583070503783,40.467009480994,6.8915616898983));
#3551=CARTESIAN_POINT('Ctrl Pts',(-17.1335671676668,40.4230540601189,6.88089159437414));
#3552=CARTESIAN_POINT('Ctrl Pts',(-17.1130920605073,40.3769337555384,6.87196521771021));
#3553=CARTESIAN_POINT('Ctrl Pts',(-17.0933649938565,40.3324984167962,6.86336495857465));
#3554=CARTESIAN_POINT('Ctrl Pts',(-17.0775968169043,40.2860525294131,6.85638324418238));
#3555=CARTESIAN_POINT('Ctrl Pts',(-17.0660416305499,40.2382601922307,6.85122229651449));
#3556=CARTESIAN_POINT('Ctrl Pts',(-17.0551058778649,40.1930298373372,6.84633800944324));
#3557=CARTESIAN_POINT('Ctrl Pts',(-17.0479436863786,40.146592915937,6.84308451535863));
#3558=CARTESIAN_POINT('Ctrl Pts',(-17.0448054943802,40.0995367665421,6.84165220740423));
#3559=CARTESIAN_POINT('Ctrl Pts',(-17.0435984517279,40.0814375618413,6.84110129885784));
#3560=CARTESIAN_POINT('Ctrl Pts',(-17.0429870920626,40.0632470609912,6.84082002409977));
#3561=CARTESIAN_POINT('Ctrl Pts',(-17.0429870920626,40.045000001096,6.84082002409977));
#3562=CARTESIAN_POINT('',(-17.0429876237047,37.8211941294609,6.84082025811081));
#3563=CARTESIAN_POINT('',(-17.0429870920626,41.792893882152,6.84082002409978));
#3564=CARTESIAN_POINT('',(-18.5840625504337,37.8211945530106,7.34154578150277));
#3565=CARTESIAN_POINT('Ctrl Pts',(-17.0429876243085,37.8211941900113,6.84082026331739));
#3566=CARTESIAN_POINT('Ctrl Pts',(-17.2897979955007,37.8091945056061,6.95174902015358));
#3567=CARTESIAN_POINT('Ctrl Pts',(-17.5426605129006,37.8058466708781,7.04933321139954));
#3568=CARTESIAN_POINT('Ctrl Pts',(-18.0578531313888,37.8058531817457,7.21670592798491));
#3569=CARTESIAN_POINT('Ctrl Pts',(-18.3191572721876,37.8091932030919,7.28621144997419));
#3570=CARTESIAN_POINT('Ctrl Pts',(-18.5840623961908,37.8211942158879,7.34154574378916));
#3571=CARTESIAN_POINT('',(-18.5840623961908,40.045000001096,7.34154574378916));
#3572=CARTESIAN_POINT('',(-18.5840623961908,41.792893882152,7.34154574378916));
#3573=CARTESIAN_POINT('',(-18.02786436912,40.792893882152,7.20298881748189));
#3574=CARTESIAN_POINT('Ctrl Pts',(-18.5840623961908,40.045000001096,7.34154574378916));
#3575=CARTESIAN_POINT('Ctrl Pts',(-18.5840623961908,40.21502642049,7.34154574378916));
#3576=CARTESIAN_POINT('Ctrl Pts',(-18.5260213844451,40.3819386837316,7.3299014631315));
#3577=CARTESIAN_POINT('Ctrl Pts',(-18.3259333321504,40.6463546947313,7.28357828328561));
#3578=CARTESIAN_POINT('Ctrl Pts',(-18.1824967733982,40.7453137194303,7.24785064712527));
#3579=CARTESIAN_POINT('Ctrl Pts',(-18.02786436912,40.792893882152,7.20298881748189));
#3580=CARTESIAN_POINT('',(-20.1175897327099,40.792893882152,7.5));
#3581=CARTESIAN_POINT('Origin',(-20.1175897327099,40.792893882152,0.));
#3582=CARTESIAN_POINT('',(-20.1175897155944,40.2424528343628,7.50008102267466));
#3583=CARTESIAN_POINT('',(-20.1175897327099,41.792893882152,7.5));
#3584=CARTESIAN_POINT('',(-20.0912126287787,40.045000001096,7.49995361641578));
#3585=CARTESIAN_POINT('Origin',(-20.8056381202797,40.0766686202063,7.5006568783902));
#3586=CARTESIAN_POINT('',(-20.0912132096388,37.8211941294609,7.49995361395716));
#3587=CARTESIAN_POINT('',(-20.0912126287787,41.792893882152,7.49995361641579));
#3588=CARTESIAN_POINT('Ctrl Pts',(-20.0912132123081,37.8211941900113,7.49995361846802));
#3589=CARTESIAN_POINT('Ctrl Pts',(-20.1000053159704,37.8208042940226,7.49998453933946));
#3590=CARTESIAN_POINT('Ctrl Pts',(-20.1087974938854,37.8204246307066,7.5));
#3591=CARTESIAN_POINT('Ctrl Pts',(-20.1175897327099,37.8200547924122,7.5));
#3592=CARTESIAN_POINT('Origin',(-20.1175897327099,36.6106592085571,0.));
#3593=CARTESIAN_POINT('Ctrl Pts',(-30.1175897327099,22.2897574724293,1.22464679914735E-15));
#3594=CARTESIAN_POINT('Ctrl Pts',(-30.1175897327099,22.2897574724293,-20.));
#3595=CARTESIAN_POINT('Ctrl Pts',(-10.1175897327099,22.2897574724293,-20.));
#3596=CARTESIAN_POINT('Ctrl Pts',(-10.1175897327099,22.2897574724293,-2.44929359829471E-15));
#3597=CARTESIAN_POINT('Ctrl Pts',(-30.0990093215113,24.610302779052,1.22237135503723E-15));
#3598=CARTESIAN_POINT('Ctrl Pts',(-30.0990093215113,24.610302779052,-19.9628391776027));
#3599=CARTESIAN_POINT('Ctrl Pts',(-10.1361701439086,24.610302779052,-19.9628391776027));
#3600=CARTESIAN_POINT('Ctrl Pts',(-10.1361701439086,24.610302779052,-2.44474271007445E-15));
#3601=CARTESIAN_POINT('Ctrl Pts',(-29.3359285800393,29.0415544065649,1.12892091628376E-15));
#3602=CARTESIAN_POINT('Ctrl Pts',(-29.3359285800393,29.0415544065649,-18.4366776946587));
#3603=CARTESIAN_POINT('Ctrl Pts',(-10.8992508853805,29.0415544065649,-18.4366776946587));
#3604=CARTESIAN_POINT('Ctrl Pts',(-10.8992508853805,29.0415544065649,-2.25784183256752E-15));
#3605=CARTESIAN_POINT('Ctrl Pts',(-27.5104376313425,34.5409293260556,9.05362751564369E-16));
#3606=CARTESIAN_POINT('Ctrl Pts',(-27.5104376313425,34.5409293260556,-14.7856957972653));
#3607=CARTESIAN_POINT('Ctrl Pts',(-12.7247418340773,34.5409293260556,-14.7856957972653));
#3608=CARTESIAN_POINT('Ctrl Pts',(-12.7247418340773,34.5409293260556,-1.81072550312874E-15));
#3609=CARTESIAN_POINT('Ctrl Pts',(-27.6175897327099,36.6106592085571,9.18485099360515E-16));
#3610=CARTESIAN_POINT('Ctrl Pts',(-27.6175897327099,36.6106592085571,-15.));
#3611=CARTESIAN_POINT('Ctrl Pts',(-12.6175897327099,36.6106592085571,-15.));
#3612=CARTESIAN_POINT('Ctrl Pts',(-12.6175897327099,36.6106592085571,-1.83697019872103E-15));
#3613=CARTESIAN_POINT('',(-30.1175897327099,22.2897574724293,1.22464679914735E-15));
#3614=CARTESIAN_POINT('',(-10.1175897327099,22.2897574724293,0.));
#3615=CARTESIAN_POINT('Origin',(-20.1175897327099,22.2897574724293,0.));
#3616=CARTESIAN_POINT('Ctrl Pts',(-30.1175897327099,22.2897574724293,1.22464679914735E-15));
#3617=CARTESIAN_POINT('Ctrl Pts',(-30.0990093215113,24.610302779052,1.22237135503723E-15));
#3618=CARTESIAN_POINT('Ctrl Pts',(-29.3359285800393,29.0415544065649,1.12892091628376E-15));
#3619=CARTESIAN_POINT('Ctrl Pts',(-27.5104376313425,34.5409293260556,9.05362751564369E-16));
#3620=CARTESIAN_POINT('Ctrl Pts',(-27.6175897327099,36.6106592085571,9.18485099360515E-16));
#3621=CARTESIAN_POINT('Ctrl Pts',(-10.1175897327099,22.2897574724293,0.));
#3622=CARTESIAN_POINT('Ctrl Pts',(-10.1361701439086,24.610302779052,0.));
#3623=CARTESIAN_POINT('Ctrl Pts',(-10.8992508853805,29.0415544065649,0.));
#3624=CARTESIAN_POINT('Ctrl Pts',(-12.7247418340773,34.5409293260556,0.));
#3625=CARTESIAN_POINT('Ctrl Pts',(-12.6175897327099,36.6106592085571,0.));
#3626=CARTESIAN_POINT('Origin',(-20.1175897327099,29.792893882152,6.93889390390723E-15));
#3627=CARTESIAN_POINT('',(-22.6396005031091,29.792893882152,1.76681631072549));
#3628=CARTESIAN_POINT('',(-17.3886114091025,29.792893882152,1.4264836175492));
#3629=CARTESIAN_POINT('Origin',(-20.1175897327099,29.792893882152,6.93889390390723E-15));
#3630=CARTESIAN_POINT('',(-22.6396005031091,18.792893882152,1.76681631072549));
#3631=CARTESIAN_POINT('',(-22.6396005031091,29.792893882152,1.76681631072549));
#3632=CARTESIAN_POINT('',(-17.3886114091025,18.792893882152,1.42648361754919));
#3633=CARTESIAN_POINT('Origin',(-20.1175897327099,18.792893882152,6.93889390390723E-15));
#3634=CARTESIAN_POINT('',(-17.3886114091025,29.792893882152,1.4264836175492));
#3635=CARTESIAN_POINT('Origin',(-21.6181782716986,41.792893882152,-6.93961339244886));
#3636=CARTESIAN_POINT('',(-21.6181782716986,40.0450000010961,-7.33961339244956));
#3637=CARTESIAN_POINT('Origin',(-21.6181782717012,40.0450000010961,-6.93961339244956));
#3638=CARTESIAN_POINT('',(-21.2698420541137,40.045000001096,-7.13623963565819));
#3639=CARTESIAN_POINT('Origin',(-21.6181782717012,40.0450000010961,-6.93961339244956));
#3640=CARTESIAN_POINT('',(-21.2698420541137,38.1881752502673,-7.13623963565819));
#3641=CARTESIAN_POINT('',(-21.2698420541137,38.1881752502673,-7.13623963565819));
#3642=CARTESIAN_POINT('Ctrl Pts',(-21.2698420541137,38.1881752502673,-7.13623963565819));
#3643=CARTESIAN_POINT('Ctrl Pts',(-21.2925472820338,38.1737279073394,-7.17646342818959));
#3644=CARTESIAN_POINT('Ctrl Pts',(-21.3209633816,38.1528939895505,-7.21057551473183));
#3645=CARTESIAN_POINT('Ctrl Pts',(-21.387857173944,38.1006225331849,-7.2700981297573));
#3646=CARTESIAN_POINT('Ctrl Pts',(-21.4271574081823,38.0681483769778,-7.29372062265217));
#3647=CARTESIAN_POINT('Ctrl Pts',(-21.5065689489428,38.000265786826,-7.32605728262795));
#3648=CARTESIAN_POINT('Ctrl Pts',(-21.5470619031708,37.9645783034746,-7.33528838758325));
#3649=CARTESIAN_POINT('Ctrl Pts',(-21.6370793620124,37.8831851405882,-7.34229375138922));
#3650=CARTESIAN_POINT('Ctrl Pts',(-21.6766312952497,37.8460109149948,-7.33608498596532));
#3651=CARTESIAN_POINT('Ctrl Pts',(-21.7012455154802,37.8225899483832,-7.33089348748106));
#3652=CARTESIAN_POINT('Ctrl Pts',(-21.702199976736,37.8216860919793,-7.33068962856487));
#3653=CARTESIAN_POINT('Ctrl Pts',(-21.7027173348421,37.8211940686737,-7.33057775911248));
#3654=CARTESIAN_POINT('Origin',(-24.3110406317821,41.792893882152,-5.72930794748112));
#3655=CARTESIAN_POINT('',(-24.0727947605786,40.045000001096,-6.05061606262055));
#3656=CARTESIAN_POINT('Origin',(-24.3110406317821,40.045000001096,-5.72930794748112));
#3657=CARTESIAN_POINT('',(-24.0727947605786,38.1881752502673,-6.05061606262055));
#3658=CARTESIAN_POINT('',(-24.0727947605786,38.1881752502673,-6.05061606262055));
#3659=CARTESIAN_POINT('Ctrl Pts',(-24.0727947605786,38.1881752502673,-6.05061606262055));
#3660=CARTESIAN_POINT('Ctrl Pts',(-24.0922088896953,38.1806156328595,-6.06501139186102));
#3661=CARTESIAN_POINT('Ctrl Pts',(-24.1124102109034,38.1712856135943,-6.07726435253077));
#3662=CARTESIAN_POINT('Ctrl Pts',(-24.155501595012,38.1489048752713,-6.09868601252673));
#3663=CARTESIAN_POINT('Ctrl Pts',(-24.178401627423,38.1356191643585,-6.10742232496672));
#3664=CARTESIAN_POINT('Ctrl Pts',(-24.2510908991467,38.0898484536737,-6.12817487894096));
#3665=CARTESIAN_POINT('Ctrl Pts',(-24.3008564181747,38.0531389063509,-6.13193961781115));
#3666=CARTESIAN_POINT('Ctrl Pts',(-24.3854204731152,37.9835800432941,-6.12414982129522));
#3667=CARTESIAN_POINT('Ctrl Pts',(-24.4216181116639,37.9510711762817,-6.11542692383065));
#3668=CARTESIAN_POINT('Ctrl Pts',(-24.4974399399026,37.8772942320986,-6.08607640024808));
#3669=CARTESIAN_POINT('Ctrl Pts',(-24.5275251376293,37.8439125179335,-6.06640589873439));
#3670=CARTESIAN_POINT('Ctrl Pts',(-24.5460743813941,37.8225898396272,-6.05297354028223));
#3671=CARTESIAN_POINT('Ctrl Pts',(-24.5468635721316,37.8216857948906,-6.05239897155751));
#3672=CARTESIAN_POINT('Ctrl Pts',(-24.5472904429692,37.8211940686737,-6.05208653399503));
#3673=CARTESIAN_POINT('Origin',(-26.2788172351106,41.792893882152,-3.52835310926518));
#3674=CARTESIAN_POINT('',(-26.2788172351106,40.045000001096,-3.92835310926518));
#3675=CARTESIAN_POINT('Origin',(-26.2788172351106,40.045000001096,-3.52835310926518));
#3676=CARTESIAN_POINT('',(-26.1918565858153,40.045000001096,-3.91878600423453));
#3677=CARTESIAN_POINT('Origin',(-26.2788172351106,40.045000001096,-3.52835310926518));
#3678=CARTESIAN_POINT('',(-26.1918565858153,38.1881752502673,-3.91878600423453));
#3679=CARTESIAN_POINT('',(-26.1918565858153,38.1881752502673,-3.91878600423453));
#3680=CARTESIAN_POINT('Ctrl Pts',(-26.1918565858153,38.1881752502673,-3.91878600423453));
#3681=CARTESIAN_POINT('Ctrl Pts',(-26.2163399229907,38.1803296205038,-3.92423914848829));
#3682=CARTESIAN_POINT('Ctrl Pts',(-26.2406568723868,38.1705780471443,-3.92723896034404));
#3683=CARTESIAN_POINT('Ctrl Pts',(-26.2905333295449,38.1471013846199,-3.92903344691245));
#3684=CARTESIAN_POINT('Ctrl Pts',(-26.3159091040664,38.1331177112446,-3.92738859718957));
#3685=CARTESIAN_POINT('Ctrl Pts',(-26.3932710618267,38.0849783644014,-3.91537117871108));
#3686=CARTESIAN_POINT('Ctrl Pts',(-26.4415650978846,38.046375019985,-3.89697811495364));
#3687=CARTESIAN_POINT('Ctrl Pts',(-26.5614441086603,37.9305567674075,-3.82562239633043));
#3688=CARTESIAN_POINT('Ctrl Pts',(-26.6045719440466,37.8608557125602,-3.76400098773354));
#3689=CARTESIAN_POINT('Ctrl Pts',(-26.625177906085,37.8225898397583,-3.72843950316044));
#3690=CARTESIAN_POINT('Ctrl Pts',(-26.6256651696858,37.8216857947592,-3.72759361547464));
#3691=CARTESIAN_POINT('Ctrl Pts',(-26.6259280557249,37.8211940686737,-3.72713456566972));
#3692=CARTESIAN_POINT('Origin',(-26.2788172351106,41.792893882152,3.5283531092651));
#3693=CARTESIAN_POINT('',(-26.1918565858154,38.1881752502673,3.91878600423444));
#3694=CARTESIAN_POINT('Ctrl Pts',(-26.62592889366,37.8211948930471,3.72713316210829));
#3695=CARTESIAN_POINT('Ctrl Pts',(-26.6257127335925,37.8215992692873,3.72751061667088));
#3696=CARTESIAN_POINT('Ctrl Pts',(-26.6251352950423,37.8226787760845,3.72851302243922));
#3697=CARTESIAN_POINT('Ctrl Pts',(-26.6131405414757,37.8448859850603,3.74921439707943));
#3698=CARTESIAN_POINT('Ctrl Pts',(-26.5900912855756,37.8848174724774,3.78542812925074));
#3699=CARTESIAN_POINT('Ctrl Pts',(-26.5188579297085,37.9718243705736,3.8511079056563));
#3700=CARTESIAN_POINT('Ctrl Pts',(-26.4824361738137,38.0091660591399,3.87555760097867));
#3701=CARTESIAN_POINT('Ctrl Pts',(-26.4036802325809,38.0760294636966,3.91060859520505));
#3702=CARTESIAN_POINT('Ctrl Pts',(-26.3616321751254,38.1062610051149,3.92230018255543));
#3703=CARTESIAN_POINT('Ctrl Pts',(-26.2767544095713,38.1550146945361,3.93033804389278));
#3704=CARTESIAN_POINT('Ctrl Pts',(-26.2346226881703,38.1744722380735,3.92831124679605));
#3705=CARTESIAN_POINT('Ctrl Pts',(-26.1918565858154,38.1881752502673,3.91878600423445));
#3706=CARTESIAN_POINT('',(-26.1918565858154,40.045000001096,3.91878600423444));
#3707=CARTESIAN_POINT('',(-26.1918565858154,38.1881752502673,3.91878600423444));
#3708=CARTESIAN_POINT('',(-26.2788172351106,40.045000001096,3.92835310926507));
#3709=CARTESIAN_POINT('Origin',(-26.2788172351107,40.045000001096,3.52835310926507));
#3710=CARTESIAN_POINT('Origin',(-26.2788172351107,40.045000001096,3.52835310926507));
#3711=CARTESIAN_POINT('Origin',(-24.3110406317822,41.792893882152,5.72930794748106));
#3712=CARTESIAN_POINT('',(-24.0727947605787,38.1881752502673,6.0506160626205));
#3713=CARTESIAN_POINT('Ctrl Pts',(-24.5472917793409,37.821194893047,6.05208559259677));
#3714=CARTESIAN_POINT('Ctrl Pts',(-24.5469407825421,37.8215992694591,6.05234249438692));
#3715=CARTESIAN_POINT('Ctrl Pts',(-24.5460055513185,37.8226787759123,6.05302337198869));
#3716=CARTESIAN_POINT('Ctrl Pts',(-24.5233153062939,37.8486821429889,6.0694551404006));
#3717=CARTESIAN_POINT('Ctrl Pts',(-24.4799351889712,37.8968495769241,6.09776295769512));
#3718=CARTESIAN_POINT('Ctrl Pts',(-24.3684085272868,37.9989228711286,6.12834133708605));
#3719=CARTESIAN_POINT('Ctrl Pts',(-24.3157969578575,38.0420879037611,6.13297002535288));
#3720=CARTESIAN_POINT('Ctrl Pts',(-24.2284023305487,38.1043529390424,6.12211881282588));
#3721=CARTESIAN_POINT('Ctrl Pts',(-24.1942761193597,38.1264907474937,6.1136118908692));
#3722=CARTESIAN_POINT('Ctrl Pts',(-24.1305114938095,38.1626507881392,6.08772333520009));
#3723=CARTESIAN_POINT('Ctrl Pts',(-24.1008524103839,38.1772509816621,6.07142045226027));
#3724=CARTESIAN_POINT('Ctrl Pts',(-24.0727947605787,38.1881752502673,6.0506160626205));
#3725=CARTESIAN_POINT('',(-24.0727947605787,40.045000001096,6.0506160626205));
#3726=CARTESIAN_POINT('',(-24.0727947605787,38.1881752502673,6.0506160626205));
#3727=CARTESIAN_POINT('Origin',(-24.3110406317822,40.045000001096,5.72930794748104));
#3728=CARTESIAN_POINT('Origin',(-21.6181782716987,41.792893882152,6.93961339244884));
#3729=CARTESIAN_POINT('',(-21.2698420541138,38.1881752502673,7.13623963565818));
#3730=CARTESIAN_POINT('Ctrl Pts',(-21.7027189385795,37.821194893047,7.3305774426537));
#3731=CARTESIAN_POINT('Ctrl Pts',(-21.7022933402072,37.8215997026701,7.33066946935271));
#3732=CARTESIAN_POINT('Ctrl Pts',(-21.7011624654745,37.8226787909391,7.33091099462177));
#3733=CARTESIAN_POINT('Ctrl Pts',(-21.6780357434641,37.8446171247023,7.33578925867443));
#3734=CARTESIAN_POINT('Ctrl Pts',(-21.6363221597513,37.8839664116563,7.34280740124919));
#3735=CARTESIAN_POINT('Ctrl Pts',(-21.5411605982979,37.9698508457043,7.33434134689581));
#3736=CARTESIAN_POINT('Ctrl Pts',(-21.4991759080362,38.0067450912399,7.32404754359735));
#3737=CARTESIAN_POINT('Ctrl Pts',(-21.4202379285018,38.0738956447947,7.28972158541282));
#3738=CARTESIAN_POINT('Ctrl Pts',(-21.3827380822721,38.104736835395,7.26623038681146));
#3739=CARTESIAN_POINT('Ctrl Pts',(-21.3188497212046,38.1544424224756,7.20801921411738));
#3740=CARTESIAN_POINT('Ctrl Pts',(-21.2916968143957,38.1742703672408,7.17495676928471));
#3741=CARTESIAN_POINT('Ctrl Pts',(-21.2698420541138,38.1881752502673,7.13623963565822));
#3742=CARTESIAN_POINT('',(-21.2698420541138,40.045000001096,7.13623963565818));
#3743=CARTESIAN_POINT('',(-21.2698420541138,38.1881752502673,7.13623963565818));
#3744=CARTESIAN_POINT('',(-21.6181782716987,40.045000001096,7.33961339244883));
#3745=CARTESIAN_POINT('Origin',(-21.6181782716988,40.045000001096,6.93961339244883));
#3746=CARTESIAN_POINT('Origin',(-21.6181782716988,40.045000001096,6.93961339244883));
#3747=CARTESIAN_POINT('Origin',(-20.2350494469193,41.592893882152,-0.323244584574646));
#3748=CARTESIAN_POINT('',(-20.3238043825823,41.792893882152,-0.369315848888266));
#3749=CARTESIAN_POINT('',(-20.1468514547846,41.792893882152,-0.370373282661912));
#3750=CARTESIAN_POINT('Origin',(-20.2350494469193,41.792893882152,-0.323244584574646));
#3751=CARTESIAN_POINT('',(-20.3238043825823,41.592893882152,-0.369315848888266));
#3752=CARTESIAN_POINT('',(-20.3238043825823,41.792893882152,-0.369315848888266));
#3753=CARTESIAN_POINT('',(-20.1468514547846,41.592893882152,-0.370373282661912));
#3754=CARTESIAN_POINT('Origin',(-20.2350494469193,41.592893882152,-0.323244584574646));
#3755=CARTESIAN_POINT('',(-20.1468514547846,41.592893882152,-0.37037328266191));
#3756=CARTESIAN_POINT('Origin',(-22.6348543966979,41.592893882152,-0.769896679879206));
#3757=CARTESIAN_POINT('',(-22.6348543966979,41.592893882152,-1.76989667987921));
#3758=CARTESIAN_POINT('Origin',(-22.6348543966979,41.592893882152,-0.769896679879206));
#3759=CARTESIAN_POINT('',(-22.6348543966979,41.792893882152,-1.76989667987921));
#3760=CARTESIAN_POINT('',(-22.6348543966979,41.592893882152,-1.76989667987921));
#3761=CARTESIAN_POINT('Origin',(-22.6348543966979,41.792893882152,-0.769896679879206));
#3762=CARTESIAN_POINT('Origin',(-17.7630790713548,41.592893882152,-0.769896679879206));
#3763=CARTESIAN_POINT('',(-17.7630790713548,41.592893882152,-1.76989667987921));
#3764=CARTESIAN_POINT('Origin',(-17.7630790713548,41.592893882152,-0.769896679879206));
#3765=CARTESIAN_POINT('',(-17.7630790713548,41.792893882152,-1.76989667987921));
#3766=CARTESIAN_POINT('',(-17.7630790713548,41.592893882152,-1.76989667987921));
#3767=CARTESIAN_POINT('Origin',(-17.7630790713548,41.792893882152,-0.769896679879206));
#3768=CARTESIAN_POINT('Ctrl Pts',(-23.3548857463525,41.292893882152,1.86556026956731));
#3769=CARTESIAN_POINT('Ctrl Pts',(-23.3548857463525,41.892893882152,1.86556026956731));
#3770=CARTESIAN_POINT('Ctrl Pts',(-23.2565180584421,41.292893882152,1.9662653482783));
#3771=CARTESIAN_POINT('Ctrl Pts',(-23.2565180584421,41.892893882152,1.9662653482783));
#3772=CARTESIAN_POINT('Ctrl Pts',(-23.0754042094545,41.292893882152,2.21315957021982));
#3773=CARTESIAN_POINT('Ctrl Pts',(-23.0754042094545,41.892893882152,2.21315957021982));
#3774=CARTESIAN_POINT('Ctrl Pts',(-23.1318864580092,41.292893882152,2.70196702018377));
#3775=CARTESIAN_POINT('Ctrl Pts',(-23.1318864580092,41.892893882152,2.70196702018377));
#3776=CARTESIAN_POINT('Ctrl Pts',(-22.6467180996758,41.292893882152,3.25991528926777));
#3777=CARTESIAN_POINT('Ctrl Pts',(-22.6467180996758,41.892893882152,3.25991528926777));
#3778=CARTESIAN_POINT('Ctrl Pts',(-21.7275799978335,41.292893882152,2.9716076826884));
#3779=CARTESIAN_POINT('Ctrl Pts',(-21.7275799978335,41.892893882152,2.9716076826884));
#3780=CARTESIAN_POINT('Ctrl Pts',(-21.72787971448,41.292893882152,2.39095972785028));
#3781=CARTESIAN_POINT('Ctrl Pts',(-21.72787971448,41.892893882152,2.39095972785028));
#3782=CARTESIAN_POINT('Ctrl Pts',(-21.7461259820391,41.292893882152,2.02243677238057));
#3783=CARTESIAN_POINT('Ctrl Pts',(-21.7461259820391,41.892893882152,2.02243677238057));
#3784=CARTESIAN_POINT('Ctrl Pts',(-21.4013989534985,41.292893882152,1.61895770809472));
#3785=CARTESIAN_POINT('Ctrl Pts',(-21.4013989534985,41.892893882152,1.61895770809472));
#3786=CARTESIAN_POINT('Ctrl Pts',(-20.9224732466461,41.292893882152,2.01073846835164));
#3787=CARTESIAN_POINT('Ctrl Pts',(-20.9224732466461,41.892893882152,2.01073846835164));
#3788=CARTESIAN_POINT('Ctrl Pts',(-21.070469664682,41.292893882152,2.43641093598288));
#3789=CARTESIAN_POINT('Ctrl Pts',(-21.070469664682,41.892893882152,2.43641093598288));
#3790=CARTESIAN_POINT('Ctrl Pts',(-20.8860077462648,41.292893882152,2.90587158671256));
#3791=CARTESIAN_POINT('Ctrl Pts',(-20.8860077462648,41.892893882152,2.90587158671256));
#3792=CARTESIAN_POINT('Ctrl Pts',(-20.2511049200277,41.292893882152,3.21671940226218));
#3793=CARTESIAN_POINT('Ctrl Pts',(-20.2511049200277,41.892893882152,3.21671940226218));
#3794=CARTESIAN_POINT('Ctrl Pts',(-19.5966225180405,41.292893882152,2.70765325902686));
#3795=CARTESIAN_POINT('Ctrl Pts',(-19.5966225180405,41.892893882152,2.70765325902686));
#3796=CARTESIAN_POINT('Ctrl Pts',(-19.6550397891103,41.292893882152,2.21141987481917));
#3797=CARTESIAN_POINT('Ctrl Pts',(-19.6550397891103,41.892893882152,2.21141987481917));
#3798=CARTESIAN_POINT('Ctrl Pts',(-19.5694954799922,41.292893882152,1.81209131865174));
#3799=CARTESIAN_POINT('Ctrl Pts',(-19.5694954799922,41.892893882152,1.81209131865174));
#3800=CARTESIAN_POINT('Ctrl Pts',(-19.091061939012,41.292893882152,1.77268962662246));
#3801=CARTESIAN_POINT('Ctrl Pts',(-19.091061939012,41.892893882152,1.77268962662246));
#3802=CARTESIAN_POINT('Ctrl Pts',(-18.8556531291256,41.292893882152,2.11325838213264));
#3803=CARTESIAN_POINT('Ctrl Pts',(-18.8556531291256,41.892893882152,2.11325838213264));
#3804=CARTESIAN_POINT('Ctrl Pts',(-18.9797722750402,41.292893882152,2.52688798392929));
#3805=CARTESIAN_POINT('Ctrl Pts',(-18.9797722750402,41.892893882152,2.52688798392929));
#3806=CARTESIAN_POINT('Ctrl Pts',(-18.6629148541591,41.292893882152,3.02701903280349));
#3807=CARTESIAN_POINT('Ctrl Pts',(-18.6629148541591,41.892893882152,3.02701903280349));
#3808=CARTESIAN_POINT('Ctrl Pts',(-18.0445590902113,41.292893882152,3.11363427002183));
#3809=CARTESIAN_POINT('Ctrl Pts',(-18.0445590902113,41.892893882152,3.11363427002183));
#3810=CARTESIAN_POINT('Ctrl Pts',(-17.505146876248,41.292893882152,2.78759068102301));
#3811=CARTESIAN_POINT('Ctrl Pts',(-17.505146876248,41.892893882152,2.78759068102301));
#3812=CARTESIAN_POINT('Ctrl Pts',(-17.5231179243798,41.292893882152,2.28895958510988));
#3813=CARTESIAN_POINT('Ctrl Pts',(-17.5231179243798,41.892893882152,2.28895958510988));
#3814=CARTESIAN_POINT('Ctrl Pts',(-17.4820085564459,41.292893882152,1.7247938499025));
#3815=CARTESIAN_POINT('Ctrl Pts',(-17.4820085564459,41.892893882152,1.7247938499025));
#3816=CARTESIAN_POINT('Ctrl Pts',(-16.4172306237835,41.292893882152,1.54037464932618));
#3817=CARTESIAN_POINT('Ctrl Pts',(-16.4172306237835,41.892893882152,1.54037464932618));
#3818=CARTESIAN_POINT('Ctrl Pts',(-15.7900263812146,41.292893882152,0.235511701956154));
#3819=CARTESIAN_POINT('Ctrl Pts',(-15.7900263812146,41.892893882152,0.235511701956154));
#3820=CARTESIAN_POINT('Ctrl Pts',(-15.8462975949806,41.292893882152,-0.893056349315271));
#3821=CARTESIAN_POINT('Ctrl Pts',(-15.8462975949806,41.892893882152,-0.893056349315271));
#3822=CARTESIAN_POINT('Ctrl Pts',(-16.0160143061344,41.292893882152,-1.4495712973136));
#3823=CARTESIAN_POINT('Ctrl Pts',(-16.0160143061344,41.892893882152,-1.4495712973136));
#3824=CARTESIAN_POINT('Ctrl Pts',(-16.0382483062379,41.292893882152,-1.51558489380559));
#3825=CARTESIAN_POINT('Ctrl Pts',(-16.0382483062379,41.892893882152,-1.51558489380559));
#3826=CARTESIAN_POINT('',(-23.3548857463525,41.292893882152,1.86556026956731));
#3827=CARTESIAN_POINT('',(-16.0382483062375,41.292893882152,-1.51558489380451));
#3828=CARTESIAN_POINT('Ctrl Pts',(-23.3548857463525,41.292893882152,1.86556026956731));
#3829=CARTESIAN_POINT('Ctrl Pts',(-23.2565180584421,41.292893882152,1.9662653482783));
#3830=CARTESIAN_POINT('Ctrl Pts',(-23.0754042094545,41.292893882152,2.21315957021982));
#3831=CARTESIAN_POINT('Ctrl Pts',(-23.1318864580092,41.292893882152,2.70196702018377));
#3832=CARTESIAN_POINT('Ctrl Pts',(-22.6467180996758,41.292893882152,3.25991528926777));
#3833=CARTESIAN_POINT('Ctrl Pts',(-21.7275799978335,41.292893882152,2.9716076826884));
#3834=CARTESIAN_POINT('Ctrl Pts',(-21.72787971448,41.292893882152,2.39095972785028));
#3835=CARTESIAN_POINT('Ctrl Pts',(-21.7461259820391,41.292893882152,2.02243677238057));
#3836=CARTESIAN_POINT('Ctrl Pts',(-21.4013989534985,41.292893882152,1.61895770809472));
#3837=CARTESIAN_POINT('Ctrl Pts',(-20.9224732466461,41.292893882152,2.01073846835164));
#3838=CARTESIAN_POINT('Ctrl Pts',(-21.070469664682,41.292893882152,2.43641093598288));
#3839=CARTESIAN_POINT('Ctrl Pts',(-20.8860077462648,41.292893882152,2.90587158671256));
#3840=CARTESIAN_POINT('Ctrl Pts',(-20.2511049200277,41.292893882152,3.21671940226218));
#3841=CARTESIAN_POINT('Ctrl Pts',(-19.5966225180405,41.292893882152,2.70765325902686));
#3842=CARTESIAN_POINT('Ctrl Pts',(-19.6550397891103,41.292893882152,2.21141987481917));
#3843=CARTESIAN_POINT('Ctrl Pts',(-19.5694954799922,41.292893882152,1.81209131865174));
#3844=CARTESIAN_POINT('Ctrl Pts',(-19.091061939012,41.292893882152,1.77268962662246));
#3845=CARTESIAN_POINT('Ctrl Pts',(-18.8556531291256,41.292893882152,2.11325838213264));
#3846=CARTESIAN_POINT('Ctrl Pts',(-18.9797722750402,41.292893882152,2.52688798392929));
#3847=CARTESIAN_POINT('Ctrl Pts',(-18.6629148541591,41.292893882152,3.02701903280349));
#3848=CARTESIAN_POINT('Ctrl Pts',(-18.0445590902113,41.292893882152,3.11363427002183));
#3849=CARTESIAN_POINT('Ctrl Pts',(-17.505146876248,41.292893882152,2.78759068102301));
#3850=CARTESIAN_POINT('Ctrl Pts',(-17.5231179243798,41.292893882152,2.28895958510988));
#3851=CARTESIAN_POINT('Ctrl Pts',(-17.4820085564459,41.292893882152,1.7247938499025));
#3852=CARTESIAN_POINT('Ctrl Pts',(-16.4172306237835,41.292893882152,1.54037464932618));
#3853=CARTESIAN_POINT('Ctrl Pts',(-15.7900263812146,41.292893882152,0.235511701956154));
#3854=CARTESIAN_POINT('Ctrl Pts',(-15.8462975949806,41.292893882152,-0.893056349315271));
#3855=CARTESIAN_POINT('Ctrl Pts',(-16.0160143061344,41.292893882152,-1.4495712973136));
#3856=CARTESIAN_POINT('Ctrl Pts',(-16.0382483062379,41.292893882152,-1.51558489380559));
#3857=CARTESIAN_POINT('',(-16.0382483062375,41.792893882152,-1.51558489380451));
#3858=CARTESIAN_POINT('',(-16.0382483062371,41.292893882152,-1.51558489380343));
#3859=CARTESIAN_POINT('',(-23.3548857463525,41.792893882152,1.86556026956731));
#3860=CARTESIAN_POINT('Ctrl Pts',(-23.3548857463525,41.792893882152,1.86556026956731));
#3861=CARTESIAN_POINT('Ctrl Pts',(-23.2565180584421,41.792893882152,1.9662653482783));
#3862=CARTESIAN_POINT('Ctrl Pts',(-23.0754042094545,41.792893882152,2.21315957021982));
#3863=CARTESIAN_POINT('Ctrl Pts',(-23.1318864580092,41.792893882152,2.70196702018377));
#3864=CARTESIAN_POINT('Ctrl Pts',(-22.6467180996758,41.792893882152,3.25991528926777));
#3865=CARTESIAN_POINT('Ctrl Pts',(-21.7275799978335,41.792893882152,2.9716076826884));
#3866=CARTESIAN_POINT('Ctrl Pts',(-21.72787971448,41.792893882152,2.39095972785028));
#3867=CARTESIAN_POINT('Ctrl Pts',(-21.7461259820391,41.792893882152,2.02243677238057));
#3868=CARTESIAN_POINT('Ctrl Pts',(-21.4013989534985,41.792893882152,1.61895770809472));
#3869=CARTESIAN_POINT('Ctrl Pts',(-20.9224732466461,41.792893882152,2.01073846835164));
#3870=CARTESIAN_POINT('Ctrl Pts',(-21.070469664682,41.792893882152,2.43641093598288));
#3871=CARTESIAN_POINT('Ctrl Pts',(-20.8860077462648,41.792893882152,2.90587158671256));
#3872=CARTESIAN_POINT('Ctrl Pts',(-20.2511049200277,41.792893882152,3.21671940226218));
#3873=CARTESIAN_POINT('Ctrl Pts',(-19.5966225180405,41.792893882152,2.70765325902686));
#3874=CARTESIAN_POINT('Ctrl Pts',(-19.6550397891103,41.792893882152,2.21141987481917));
#3875=CARTESIAN_POINT('Ctrl Pts',(-19.5694954799922,41.792893882152,1.81209131865174));
#3876=CARTESIAN_POINT('Ctrl Pts',(-19.091061939012,41.792893882152,1.77268962662246));
#3877=CARTESIAN_POINT('Ctrl Pts',(-18.8556531291256,41.792893882152,2.11325838213264));
#3878=CARTESIAN_POINT('Ctrl Pts',(-18.9797722750402,41.792893882152,2.52688798392929));
#3879=CARTESIAN_POINT('Ctrl Pts',(-18.6629148541591,41.792893882152,3.02701903280349));
#3880=CARTESIAN_POINT('Ctrl Pts',(-18.0445590902113,41.792893882152,3.11363427002183));
#3881=CARTESIAN_POINT('Ctrl Pts',(-17.505146876248,41.792893882152,2.78759068102301));
#3882=CARTESIAN_POINT('Ctrl Pts',(-17.5231179243798,41.792893882152,2.28895958510988));
#3883=CARTESIAN_POINT('Ctrl Pts',(-17.4820085564459,41.792893882152,1.7247938499025));
#3884=CARTESIAN_POINT('Ctrl Pts',(-16.4172306237835,41.792893882152,1.54037464932618));
#3885=CARTESIAN_POINT('Ctrl Pts',(-15.7900263812146,41.792893882152,0.235511701956154));
#3886=CARTESIAN_POINT('Ctrl Pts',(-15.8462975949806,41.792893882152,-0.893056349315271));
#3887=CARTESIAN_POINT('Ctrl Pts',(-16.0160143061344,41.792893882152,-1.4495712973136));
#3888=CARTESIAN_POINT('Ctrl Pts',(-16.0382483062379,41.792893882152,-1.51558489380559));
#3889=CARTESIAN_POINT('',(-23.3548857463525,41.292893882152,1.86556026956731));
#3890=CARTESIAN_POINT('Ctrl Pts',(-15.8487102275281,41.292893882152,-1.57942310116613));
#3891=CARTESIAN_POINT('Ctrl Pts',(-15.8487102275281,41.892893882152,-1.57942310116613));
#3892=CARTESIAN_POINT('Ctrl Pts',(-15.9520351522172,41.292893882152,-1.88608627600509));
#3893=CARTESIAN_POINT('Ctrl Pts',(-15.9520351522172,41.892893882152,-1.88608627600509));
#3894=CARTESIAN_POINT('Ctrl Pts',(-16.2378640487632,41.292893882152,-2.47778162791036));
#3895=CARTESIAN_POINT('Ctrl Pts',(-16.2378640487632,41.892893882152,-2.47778162791036));
#3896=CARTESIAN_POINT('Ctrl Pts',(-17.0888542060187,41.292893882152,-3.48541275621488));
#3897=CARTESIAN_POINT('Ctrl Pts',(-17.0888542060187,41.892893882152,-3.48541275621488));
#3898=CARTESIAN_POINT('Ctrl Pts',(-18.5908009311652,41.292893882152,-4.17955689102453));
#3899=CARTESIAN_POINT('Ctrl Pts',(-18.5908009311652,41.892893882152,-4.17955689102453));
#3900=CARTESIAN_POINT('Ctrl Pts',(-20.4797171697581,41.292893882152,-4.3941482568928));
#3901=CARTESIAN_POINT('Ctrl Pts',(-20.4797171697581,41.892893882152,-4.3941482568928));
#3902=CARTESIAN_POINT('Ctrl Pts',(-22.3811464468515,41.292893882152,-4.07514510787527));
#3903=CARTESIAN_POINT('Ctrl Pts',(-22.3811464468515,41.892893882152,-4.07514510787527));
#3904=CARTESIAN_POINT('Ctrl Pts',(-23.8258158052205,41.292893882152,-3.25998729112571));
#3905=CARTESIAN_POINT('Ctrl Pts',(-23.8258158052205,41.892893882152,-3.25998729112571));
#3906=CARTESIAN_POINT('Ctrl Pts',(-24.577720020942,41.292893882152,-2.21770327956002));
#3907=CARTESIAN_POINT('Ctrl Pts',(-24.577720020942,41.892893882152,-2.21770327956002));
#3908=CARTESIAN_POINT('Ctrl Pts',(-24.9291767385914,41.292893882152,-1.29808984162098));
#3909=CARTESIAN_POINT('Ctrl Pts',(-24.9291767385914,41.892893882152,-1.29808984162098));
#3910=CARTESIAN_POINT('Ctrl Pts',(-25.0767004928864,41.292893882152,-0.252979749428586));
#3911=CARTESIAN_POINT('Ctrl Pts',(-25.0767004928864,41.892893882152,-0.252979749428586));
#3912=CARTESIAN_POINT('Ctrl Pts',(-24.9607276854753,41.292893882152,0.61149599346581));
#3913=CARTESIAN_POINT('Ctrl Pts',(-24.9607276854753,41.892893882152,0.61149599346581));
#3914=CARTESIAN_POINT('Ctrl Pts',(-24.6129868414796,41.292893882152,1.19356559653327));
#3915=CARTESIAN_POINT('Ctrl Pts',(-24.6129868414796,41.892893882152,1.19356559653327));
#3916=CARTESIAN_POINT('Ctrl Pts',(-24.2185033934107,41.292893882152,1.50107782200259));
#3917=CARTESIAN_POINT('Ctrl Pts',(-24.2185033934107,41.892893882152,1.50107782200259));
#3918=CARTESIAN_POINT('Ctrl Pts',(-23.8199725315556,41.292893882152,1.73866229042288));
#3919=CARTESIAN_POINT('Ctrl Pts',(-23.8199725315556,41.892893882152,1.73866229042288));
#3920=CARTESIAN_POINT('Ctrl Pts',(-23.5916526049169,41.292893882152,1.90809549650639));
#3921=CARTESIAN_POINT('Ctrl Pts',(-23.5916526049169,41.892893882152,1.90809549650639));
#3922=CARTESIAN_POINT('Ctrl Pts',(-23.4979577241252,41.292893882152,2.00531150990597));
#3923=CARTESIAN_POINT('Ctrl Pts',(-23.4979577241252,41.892893882152,2.00531150990597));
#3924=CARTESIAN_POINT('',(-15.8487102275281,41.292893882152,-1.57942310116624));
#3925=CARTESIAN_POINT('',(-23.4979577241252,41.292893882152,2.00531150990597));
#3926=CARTESIAN_POINT('Ctrl Pts',(-15.8487102275281,41.292893882152,-1.57942310116613));
#3927=CARTESIAN_POINT('Ctrl Pts',(-15.9520351522172,41.292893882152,-1.88608627600509));
#3928=CARTESIAN_POINT('Ctrl Pts',(-16.2378640487632,41.292893882152,-2.47778162791036));
#3929=CARTESIAN_POINT('Ctrl Pts',(-17.0888542060187,41.292893882152,-3.48541275621488));
#3930=CARTESIAN_POINT('Ctrl Pts',(-18.5908009311652,41.292893882152,-4.17955689102453));
#3931=CARTESIAN_POINT('Ctrl Pts',(-20.4797171697581,41.292893882152,-4.3941482568928));
#3932=CARTESIAN_POINT('Ctrl Pts',(-22.3811464468515,41.292893882152,-4.07514510787527));
#3933=CARTESIAN_POINT('Ctrl Pts',(-23.8258158052205,41.292893882152,-3.25998729112571));
#3934=CARTESIAN_POINT('Ctrl Pts',(-24.577720020942,41.292893882152,-2.21770327956002));
#3935=CARTESIAN_POINT('Ctrl Pts',(-24.9291767385914,41.292893882152,-1.29808984162098));
#3936=CARTESIAN_POINT('Ctrl Pts',(-25.0767004928864,41.292893882152,-0.252979749428586));
#3937=CARTESIAN_POINT('Ctrl Pts',(-24.9607276854753,41.292893882152,0.61149599346581));
#3938=CARTESIAN_POINT('Ctrl Pts',(-24.6129868414796,41.292893882152,1.19356559653327));
#3939=CARTESIAN_POINT('Ctrl Pts',(-24.2185033934107,41.292893882152,1.50107782200259));
#3940=CARTESIAN_POINT('Ctrl Pts',(-23.8199725315556,41.292893882152,1.73866229042288));
#3941=CARTESIAN_POINT('Ctrl Pts',(-23.5916526049169,41.292893882152,1.90809549650639));
#3942=CARTESIAN_POINT('Ctrl Pts',(-23.4979577241252,41.292893882152,2.00531150990597));
#3943=CARTESIAN_POINT('',(-15.8487102275281,41.792893882152,-1.57942310116624));
#3944=CARTESIAN_POINT('',(-15.8487102275281,41.292893882152,-1.57942310116613));
#3945=CARTESIAN_POINT('',(-23.4979577241252,41.792893882152,2.00531150990597));
#3946=CARTESIAN_POINT('Ctrl Pts',(-15.8487102275281,41.792893882152,-1.57942310116613));
#3947=CARTESIAN_POINT('Ctrl Pts',(-15.9520351522172,41.792893882152,-1.88608627600509));
#3948=CARTESIAN_POINT('Ctrl Pts',(-16.2378640487632,41.792893882152,-2.47778162791036));
#3949=CARTESIAN_POINT('Ctrl Pts',(-17.0888542060187,41.792893882152,-3.48541275621488));
#3950=CARTESIAN_POINT('Ctrl Pts',(-18.5908009311652,41.792893882152,-4.17955689102453));
#3951=CARTESIAN_POINT('Ctrl Pts',(-20.4797171697581,41.792893882152,-4.3941482568928));
#3952=CARTESIAN_POINT('Ctrl Pts',(-22.3811464468515,41.792893882152,-4.07514510787527));
#3953=CARTESIAN_POINT('Ctrl Pts',(-23.8258158052205,41.792893882152,-3.25998729112571));
#3954=CARTESIAN_POINT('Ctrl Pts',(-24.577720020942,41.792893882152,-2.21770327956002));
#3955=CARTESIAN_POINT('Ctrl Pts',(-24.9291767385914,41.792893882152,-1.29808984162098));
#3956=CARTESIAN_POINT('Ctrl Pts',(-25.0767004928864,41.792893882152,-0.252979749428586));
#3957=CARTESIAN_POINT('Ctrl Pts',(-24.9607276854753,41.792893882152,0.61149599346581));
#3958=CARTESIAN_POINT('Ctrl Pts',(-24.6129868414796,41.792893882152,1.19356559653327));
#3959=CARTESIAN_POINT('Ctrl Pts',(-24.2185033934107,41.792893882152,1.50107782200259));
#3960=CARTESIAN_POINT('Ctrl Pts',(-23.8199725315556,41.792893882152,1.73866229042288));
#3961=CARTESIAN_POINT('Ctrl Pts',(-23.5916526049169,41.792893882152,1.90809549650639));
#3962=CARTESIAN_POINT('Ctrl Pts',(-23.4979577241252,41.792893882152,2.00531150990597));
#3963=CARTESIAN_POINT('',(-23.4979577241252,41.292893882152,2.00531150990597));
#3964=CARTESIAN_POINT('Origin',(-20.1175897327099,40.792893882152,0.));
#3965=CARTESIAN_POINT('',(-20.1175897327099,41.792893882152,-6.5));
#3966=CARTESIAN_POINT('Origin',(-20.1175897327099,41.792893882152,0.));
#3967=CARTESIAN_POINT('Origin',(-20.1175897327099,40.792893882152,-6.5));
#3968=CARTESIAN_POINT('Ctrl Pts',(-20.6640639993141,40.792893882152,-7.48006456362105));
#3969=CARTESIAN_POINT('Ctrl Pts',(-20.7383100648509,40.8295591618682,-7.47464033714982));
#3970=CARTESIAN_POINT('Ctrl Pts',(-20.8188543212853,40.8497907284897,-7.46597814488557));
#3971=CARTESIAN_POINT('Ctrl Pts',(-20.9840542033244,40.8497679293668,-7.44861466889527));
#3972=CARTESIAN_POINT('Ctrl Pts',(-21.0644835055373,40.8295667355589,-7.44035861858772));
#3973=CARTESIAN_POINT('Ctrl Pts',(-21.1382501107922,40.792893882152,-7.43022559500133));
#3974=CARTESIAN_POINT('Ctrl Pts',(-23.659235167282,40.792893882152,-6.61110789624364));
#3975=CARTESIAN_POINT('Ctrl Pts',(-23.7248560915348,40.8295591618683,-6.57595402333157));
#3976=CARTESIAN_POINT('Ctrl Pts',(-23.7949137001366,40.8497907284897,-6.53528041645405));
#3977=CARTESIAN_POINT('Ctrl Pts',(-23.9387689400404,40.8497679293668,-6.45222524637698));
#3978=CARTESIAN_POINT('Ctrl Pts',(-24.0088867255513,40.8295667355587,-6.41196942473334));
#3979=CARTESIAN_POINT('Ctrl Pts',(-24.0721544007101,40.792893882152,-6.37270886567124));
#3980=CARTESIAN_POINT('Ctrl Pts',(-26.0420236647739,40.792893882152,-4.59903061357593));
#3981=CARTESIAN_POINT('Ctrl Pts',(-26.087672993792,40.8295591618683,-4.54022551821242));
#3982=CARTESIAN_POINT('Ctrl Pts',(-26.1351303575804,40.8497907284897,-4.4745733328589));
#3983=CARTESIAN_POINT('Ctrl Pts',(-26.2327670774853,40.8497679293668,-4.34018746213396));
#3984=CARTESIAN_POINT('Ctrl Pts',(-26.2804493441792,40.8295667355587,-4.27489246642911));
#3985=CARTESIAN_POINT('Ctrl Pts',(-26.3222785334379,40.792893882152,-4.21329287922413));
#3986=CARTESIAN_POINT('Ctrl Pts',(-27.4004237136195,40.792893882152,-1.79173915693913));
#3987=CARTESIAN_POINT('Ctrl Pts',(-27.4182082637045,40.8295591618682,-1.71945077434017));
#3988=CARTESIAN_POINT('Ctrl Pts',(-27.4348595733437,40.8497907284897,-1.64017186978986));
#3989=CARTESIAN_POINT('Ctrl Pts',(-27.4693954973764,40.8497679293668,-1.47769183632299));
#3990=CARTESIAN_POINT('Ctrl Pts',(-27.486397548162,40.8295667355589,-1.39864776450091));
#3991=CARTESIAN_POINT('Ctrl Pts',(-27.4995556046916,40.792893882152,-1.32536027739563));
#3992=CARTESIAN_POINT('Ctrl Pts',(-27.4995556046959,40.792893882152,1.3253602773714));
#3993=CARTESIAN_POINT('Ctrl Pts',(-27.48640026557,40.8295591618699,1.39863262913856));
#3994=CARTESIAN_POINT('Ctrl Pts',(-27.4693663583503,40.8497907284915,1.47783021006683));
#3995=CARTESIAN_POINT('Ctrl Pts',(-27.434829911495,40.849767929365,1.64031013241229));
#3996=CARTESIAN_POINT('Ctrl Pts',(-27.4182119373316,40.8295667355524,1.71943584224679));
#3997=CARTESIAN_POINT('Ctrl Pts',(-27.4004237136195,40.792893882152,1.79173915693912));
#3998=CARTESIAN_POINT('Ctrl Pts',(-26.3222785334515,40.792893882152,4.21329287920402));
#3999=CARTESIAN_POINT('Ctrl Pts',(-26.2804579827631,40.8295591618683,4.27487974485438));
#4000=CARTESIAN_POINT('Ctrl Pts',(-26.2326841759925,40.8497907284897,4.34030202092357));
#4001=CARTESIAN_POINT('Ctrl Pts',(-26.1350470236672,40.8497679293668,4.47468757747668));
#4002=CARTESIAN_POINT('Ctrl Pts',(-26.0876824232594,40.8295667355587,4.5402133712481));
#4003=CARTESIAN_POINT('Ctrl Pts',(-26.0420236647888,40.792893882152,4.59903061355672));
#4004=CARTESIAN_POINT('Ctrl Pts',(-24.0721544007307,40.792893882152,6.37270886565841));
#4005=CARTESIAN_POINT('Ctrl Pts',(-24.008899791621,40.8295591618683,6.41196131662517));
#4006=CARTESIAN_POINT('Ctrl Pts',(-23.9386466105007,40.8497907284897,6.45229618196397));
#4007=CARTESIAN_POINT('Ctrl Pts',(-23.7947911033464,40.8497679293668,6.53535088914956));
#4008=CARTESIAN_POINT('Ctrl Pts',(-23.7248696463973,40.8295667355587,6.57594676183735));
#4009=CARTESIAN_POINT('Ctrl Pts',(-23.6592351673034,40.792893882152,6.61110789623215));
#4010=CARTESIAN_POINT('',(-20.6640639993387,40.792893882152,7.48006456361926));
#4011=CARTESIAN_POINT('Ctrl Pts',(-21.1382501108166,40.792893882152,7.43022559499798));
#4012=CARTESIAN_POINT('Ctrl Pts',(-21.0644987398509,40.8295591618683,7.44035652591163));
#4013=CARTESIAN_POINT('Ctrl Pts',(-20.9839135976268,40.8497907284897,7.44862971587219));
#4014=CARTESIAN_POINT('Ctrl Pts',(-20.8187136597172,40.8497679293668,7.46599266028951));
#4015=CARTESIAN_POINT('Ctrl Pts',(-20.73832540135,40.8295667355589,7.47463921670402));
#4016=CARTESIAN_POINT('Ctrl Pts',(-20.6640639993387,40.792893882152,7.48006456361926));
#4017=CARTESIAN_POINT('Origin',(-20.1175897327099,40.792893882152,0.));
#4018=CARTESIAN_POINT('Ctrl Pts',(-18.02786436912,40.792893882152,7.20298881748189));
#4019=CARTESIAN_POINT('Ctrl Pts',(-17.9563685183482,40.8295591618683,7.18224649835088));
#4020=CARTESIAN_POINT('Ctrl Pts',(-17.8793853182036,40.8497907284897,7.1570275032295));
#4021=CARTESIAN_POINT('Ctrl Pts',(-17.7214055195969,40.8497679293668,7.10569647405145));
#4022=CARTESIAN_POINT('Ctrl Pts',(-17.6444503199874,40.8295667355587,7.08089864603715));
#4023=CARTESIAN_POINT('Ctrl Pts',(-17.5744024661098,40.792893882152,7.05565011370344));
#4024=CARTESIAN_POINT('Ctrl Pts',(-15.2788111273467,40.792893882152,5.73028983632412));
#4025=CARTESIAN_POINT('Ctrl Pts',(-15.2219330788868,40.8295591618683,5.68226080256424));
#4026=CARTESIAN_POINT('Ctrl Pts',(-15.1618629154973,40.8497907284897,5.62791021572475));
#4027=CARTESIAN_POINT('Ctrl Pts',(-15.0384193985744,40.8497679293668,5.51676081422395));
#4028=CARTESIAN_POINT('Ctrl Pts',(-14.9782035108513,40.8295667355587,5.46280637152568));
#4029=CARTESIAN_POINT('Ctrl Pts',(-14.9244811154078,40.792893882152,5.41124966055925));
#4030=CARTESIAN_POINT('Ctrl Pts',(-13.3664266653643,40.792893882152,3.26677168441703));
#4031=CARTESIAN_POINT('Ctrl Pts',(-13.3340011505158,40.8295591618683,3.19976059229544));
#4032=CARTESIAN_POINT('Ctrl Pts',(-13.3012307008519,40.8497907284897,3.12567612396197));
#4033=CARTESIAN_POINT('Ctrl Pts',(-13.2336679711378,40.8497679293668,2.97392709141852));
#4034=CARTESIAN_POINT('Ctrl Pts',(-13.2006032693325,40.8295667355587,2.90014524733953));
#4035=CARTESIAN_POINT('Ctrl Pts',(-13.172495422548,40.792893882152,2.83119498144449));
#4036=CARTESIAN_POINT('Ctrl Pts',(-12.621379630117,40.792893882152,0.238399030585175));
#4037=CARTESIAN_POINT('Ctrl Pts',(-12.6190133149737,40.8295591618699,0.163992706703034));
#4038=CARTESIAN_POINT('Ctrl Pts',(-12.6192088874924,40.8497907284915,0.0829842344827314));
#4039=CARTESIAN_POINT('Ctrl Pts',(-12.6192091547429,40.849767929365,-0.0831256427875141));
#4040=CARTESIAN_POINT('Ctrl Pts',(-12.6190128261811,40.8295667355524,-0.163977337124819));
#4041=CARTESIAN_POINT('Ctrl Pts',(-12.621379630117,40.792893882152,-0.2383990305849));
#4042=CARTESIAN_POINT('Ctrl Pts',(-13.1724954225388,40.792893882152,-2.83119498142199));
#4043=CARTESIAN_POINT('Ctrl Pts',(-13.2005974644865,40.8295591618683,-2.90013100769916));
#4044=CARTESIAN_POINT('Ctrl Pts',(-13.2337252429224,40.8497907284897,-2.97405638301326));
#4045=CARTESIAN_POINT('Ctrl Pts',(-13.3012884609275,40.8497679293668,-3.12580519815555));
#4046=CARTESIAN_POINT('Ctrl Pts',(-13.3339944526009,40.8295667355587,-3.19974675027494));
#4047=CARTESIAN_POINT('Ctrl Pts',(-13.3664266653537,40.792893882152,-3.26677168439514));
#4048=CARTESIAN_POINT('Ctrl Pts',(-14.9244811153903,40.792893882152,-5.41124966054241));
#4049=CARTESIAN_POINT('Ctrl Pts',(-14.978192416077,40.8295591618683,-5.46279572401048));
#4050=CARTESIAN_POINT('Ctrl Pts',(-15.0385243065823,40.8497907284897,-5.51685563343961));
#4051=CARTESIAN_POINT('Ctrl Pts',(-15.1619681811563,40.8497679293668,-5.62800463772873));
#4052=CARTESIAN_POINT('Ctrl Pts',(-15.2219213299801,40.8295667355587,-5.68225088153672));
#4053=CARTESIAN_POINT('Ctrl Pts',(-15.2788111273281,40.792893882152,-5.73028983630843));
#4054=CARTESIAN_POINT('Ctrl Pts',(-17.574402466087,40.792893882152,-7.05565011369519));
#4055=CARTESIAN_POINT('Ctrl Pts',(-17.6444358536722,40.8295591618683,-7.08089343169924));
#4056=CARTESIAN_POINT('Ctrl Pts',(-17.7215399242805,40.8497907284897,-7.10574042578424));
#4057=CARTESIAN_POINT('Ctrl Pts',(-17.8795198880571,40.8497679293668,-7.15707094662159));
#4058=CARTESIAN_POINT('Ctrl Pts',(-17.9563537499424,40.8295667355587,-7.18224221375213));
#4059=CARTESIAN_POINT('Ctrl Pts',(-18.0278643690967,40.792893882152,-7.20298881747511));
#4060=CARTESIAN_POINT('Origin',(-20.1175897327099,41.792893882152,0.));
#4061=CARTESIAN_POINT('',(-20.1175897327099,18.792893882152,10.));
#4062=CARTESIAN_POINT('Origin',(-20.1175897327099,18.792893882152,0.));
#4063=CARTESIAN_POINT('',(-20.1175897327099,22.2897574724293,10.));
#4064=CARTESIAN_POINT('',(-20.1175897327099,41.792893882152,10.));
#4065=CARTESIAN_POINT('Origin',(-20.1175897327099,22.2897574724293,0.));
#4066=CARTESIAN_POINT('Origin',(-20.1175897327099,22.2897574724293,0.));
#4067=CARTESIAN_POINT('Origin',(-20.1175897327099,41.792893882152,0.));
#4068=CARTESIAN_POINT('',(-20.1177378920001,40.2429995451328,7.5000814471348));
#4069=CARTESIAN_POINT('Ctrl Pts',(-20.6640639993387,40.792893882152,7.48006456361926));
#4070=CARTESIAN_POINT('Ctrl Pts',(-20.6161734986753,40.7787038812541,7.48356332034868));
#4071=CARTESIAN_POINT('Ctrl Pts',(-20.5695762981261,40.76006958011,7.48647492617949));
#4072=CARTESIAN_POINT('Ctrl Pts',(-20.5250284491589,40.7373958225142,7.48888364613455));
#4073=CARTESIAN_POINT('Ctrl Pts',(-20.509523112175,40.7295039879955,7.48972202588731));
#4074=CARTESIAN_POINT('Ctrl Pts',(-20.4942662343439,40.7211232208661,7.49049955529829));
#4075=CARTESIAN_POINT('Ctrl Pts',(-20.4792902186946,40.7122719197629,7.49122000779567));
#4076=CARTESIAN_POINT('Ctrl Pts',(-20.4376121305951,40.6876388453983,7.49322501923265));
#4077=CARTESIAN_POINT('Ctrl Pts',(-20.3981006949553,40.6593601659909,7.49478821124542));
#4078=CARTESIAN_POINT('Ctrl Pts',(-20.3614060842773,40.6277856133593,7.49599559767052));
#4079=CARTESIAN_POINT('Ctrl Pts',(-20.3470330742139,40.6154180925071,7.49646852208416));
#4080=CARTESIAN_POINT('Ctrl Pts',(-20.3330919071577,40.6025440979849,7.49688689686595));
#4081=CARTESIAN_POINT('Ctrl Pts',(-20.3196227741885,40.5891824744154,7.49725596165246));
#4082=CARTESIAN_POINT('Ctrl Pts',(-20.2956947114117,40.5654454032689,7.49791160930257));
#4083=CARTESIAN_POINT('Ctrl Pts',(-20.2732727530494,40.5400962740787,7.49841109029918));
#4084=CARTESIAN_POINT('Ctrl Pts',(-20.2526183276364,40.513342739801,7.49878423933868));
#4085=CARTESIAN_POINT('Ctrl Pts',(-20.2512255550402,40.5115386910971,7.49880940158581));
#4086=CARTESIAN_POINT('Ctrl Pts',(-20.2498404349908,40.5097283037789,7.49883399705023));
#4087=CARTESIAN_POINT('Ctrl Pts',(-20.2484630313345,40.5079115562827,7.49885803478232));
#4088=CARTESIAN_POINT('Ctrl Pts',(-20.2421804943556,40.4996251086069,7.4989676743495));
#4089=CARTESIAN_POINT('Ctrl Pts',(-20.236062332508,40.4912173215633,7.4990682058716));
#4090=CARTESIAN_POINT('Ctrl Pts',(-20.2301106556388,40.4826879316115,7.49916027706048));
#4091=CARTESIAN_POINT('Ctrl Pts',(-20.2237611816613,40.4735884558278,7.49925850208693));
#4092=CARTESIAN_POINT('Ctrl Pts',(-20.2176024709467,40.4643537942261,7.49934707580019));
#4093=CARTESIAN_POINT('Ctrl Pts',(-20.2116408441042,40.454993114846,7.49942675647067));
#4094=CARTESIAN_POINT('Ctrl Pts',(-20.1938369391186,40.4270382208742,7.49966471619605));
#4095=CARTESIAN_POINT('Ctrl Pts',(-20.1777897414571,40.3979601835213,7.49982312657285));
#4096=CARTESIAN_POINT('Ctrl Pts',(-20.163682644352,40.3679958413202,7.49992413502532));
#4097=CARTESIAN_POINT('Ctrl Pts',(-20.1612566061173,40.3628427868458,7.49994150574064));
#4098=CARTESIAN_POINT('Ctrl Pts',(-20.1588878938993,40.357663633403,7.49995718687507));
#4099=CARTESIAN_POINT('Ctrl Pts',(-20.1565773705223,40.3524597233677,7.49997130048274));
#4100=CARTESIAN_POINT('Ctrl Pts',(-20.1487044122257,40.3347277380103,7.50001939168394));
#4101=CARTESIAN_POINT('Ctrl Pts',(-20.1415357944106,40.3166963832595,7.50004915552009));
#4102=CARTESIAN_POINT('Ctrl Pts',(-20.1350617028246,40.2984338943658,7.50006581587768));
#4103=CARTESIAN_POINT('Ctrl Pts',(-20.1285876112385,40.280171405472,7.50008247623526));
#4104=CARTESIAN_POINT('Ctrl Pts',(-20.1228076398252,40.2616771295583,7.5000860064616));
#4105=CARTESIAN_POINT('Ctrl Pts',(-20.1177381727288,40.2430005793783,7.50008144738729));
#4106=CARTESIAN_POINT('Origin',(-20.8056381202797,40.0766686202063,7.5006568783902));
#4107=CARTESIAN_POINT('Origin',(-10.1175897327099,18.792893882152,0.));
#4108=CARTESIAN_POINT('',(-22.6067423871579,18.792893882152,1.7646866755474));
#4109=CARTESIAN_POINT('Origin',(-20.1175897327099,41.792893882152,0.));
#4110=CARTESIAN_POINT('Ctrl Pts',(-23.4979577241252,41.792893882152,2.00531150990597));
#4111=CARTESIAN_POINT('Ctrl Pts',(-23.4511102837293,41.792893882152,2.05391951660577));
#4112=CARTESIAN_POINT('Ctrl Pts',(-23.3676479442015,41.792893882152,2.15738523518426));
#4113=CARTESIAN_POINT('Ctrl Pts',(-23.3115945443812,41.792893882152,2.2839796394279));
#4114=CARTESIAN_POINT('Ctrl Pts',(-23.3019873716558,41.792893882152,2.48128846734612));
#4115=CARTESIAN_POINT('Ctrl Pts',(-23.2510798616429,41.792893882152,2.87929037518274));
#4116=CARTESIAN_POINT('Ctrl Pts',(-22.8611135167502,41.792893882152,3.30437608778984));
#4117=CARTESIAN_POINT('Ctrl Pts',(-22.2921256701805,41.792893882152,3.32038797397296));
#4118=CARTESIAN_POINT('Ctrl Pts',(-21.9041189816427,41.792893882152,3.16318963159063));
#4119=CARTESIAN_POINT('Ctrl Pts',(-21.6563179128601,41.792893882152,2.96031958935882));
#4120=CARTESIAN_POINT('Ctrl Pts',(-21.5290162827416,41.792893882152,2.65091258900118));
#4121=CARTESIAN_POINT('Ctrl Pts',(-21.5284003887097,41.792893882152,2.36750599420872));
#4122=CARTESIAN_POINT('Ctrl Pts',(-21.5426609697612,41.792893882152,2.17296443200741));
#4123=CARTESIAN_POINT('Ctrl Pts',(-21.4850440644946,41.792893882152,2.04484752802711));
#4124=CARTESIAN_POINT('Ctrl Pts',(-21.3649540881974,41.792893882152,1.95156104549679));
#4125=CARTESIAN_POINT('Ctrl Pts',(-21.3352821634144,41.792893882152,1.96005844019158));
#4126=CARTESIAN_POINT('Ctrl Pts',(-21.2049920333133,41.792893882152,2.07087185641189));
#4127=CARTESIAN_POINT('Ctrl Pts',(-21.195098521424,41.792893882152,2.15355093754147));
#4128=CARTESIAN_POINT('Ctrl Pts',(-21.2349958629091,41.792893882152,2.40081072997987));
#4129=CARTESIAN_POINT('Ctrl Pts',(-21.1681983690918,41.792893882152,2.8336473931229));
#4130=CARTESIAN_POINT('Ctrl Pts',(-20.8031175356584,41.792893882152,3.22064716341962));
#4131=CARTESIAN_POINT('Ctrl Pts',(-20.1440202799765,41.792893882152,3.31140963314742));
#4132=CARTESIAN_POINT('Ctrl Pts',(-19.6882678369761,41.792893882152,3.01998815171197));
#4133=CARTESIAN_POINT('Ctrl Pts',(-19.4630553886108,41.792893882152,2.66541573106524));
#4134=CARTESIAN_POINT('Ctrl Pts',(-19.4335654607518,41.792893882152,2.36183900752082));
#4135=CARTESIAN_POINT('Ctrl Pts',(-19.4405584065259,41.792893882152,2.14437051835047));
#4136=CARTESIAN_POINT('Ctrl Pts',(-19.4029645069975,41.792893882152,2.04853498225864));
#4137=CARTESIAN_POINT('Ctrl Pts',(-19.3825693327819,41.792893882152,2.03543347920394));
#4138=CARTESIAN_POINT('Ctrl Pts',(-19.3009039642646,41.792893882152,2.00627251435592));
#4139=CARTESIAN_POINT('Ctrl Pts',(-19.1748913588081,41.792893882152,2.02437487906594));
#4140=CARTESIAN_POINT('Ctrl Pts',(-19.110035969432,41.792893882152,2.10479488955499));
#4141=CARTESIAN_POINT('Ctrl Pts',(-19.0922994472408,41.792893882152,2.19226382404626));
#4142=CARTESIAN_POINT('Ctrl Pts',(-19.1364960160122,41.792893882152,2.48047603143299));
#4143=CARTESIAN_POINT('Ctrl Pts',(-19.0098630087456,41.792893882152,2.89758660635137));
#4144=CARTESIAN_POINT('Ctrl Pts',(-18.6096097381391,41.792893882152,3.25689550059161));
#4145=CARTESIAN_POINT('Ctrl Pts',(-17.9995483541907,41.792893882152,3.28430551671232));
#4146=CARTESIAN_POINT('Ctrl Pts',(-17.5230126374092,41.792893882152,3.05926125272994));
#4147=CARTESIAN_POINT('Ctrl Pts',(-17.3198518512987,41.792893882152,2.66016664128229));
#4148=CARTESIAN_POINT('Ctrl Pts',(-17.3175873805674,41.792893882152,2.2986048107015));
#4149=CARTESIAN_POINT('Ctrl Pts',(-17.294756268707,41.792893882152,1.99974127841544));
#4150=CARTESIAN_POINT('Ctrl Pts',(-17.2330076102247,41.792893882152,1.93449097451624));
#4151=CARTESIAN_POINT('Ctrl Pts',(-17.0082329484113,41.792893882152,1.82282780572733));
#4152=CARTESIAN_POINT('Ctrl Pts',(-16.5444044988415,41.792893882152,1.66839995070798));
#4153=CARTESIAN_POINT('Ctrl Pts',(-16.1601825059912,41.792893882152,1.29138510959387));
#4154=CARTESIAN_POINT('Ctrl Pts',(-15.8969707660961,41.792893882152,0.839189170031949));
#4155=CARTESIAN_POINT('Ctrl Pts',(-15.68586095555,41.792893882152,0.180727762291802));
#4156=CARTESIAN_POINT('Ctrl Pts',(-15.6179145006282,41.792893882152,-0.63780257887665));
#4157=CARTESIAN_POINT('Ctrl Pts',(-15.745385302839,41.792893882152,-1.27275992632731));
#4158=CARTESIAN_POINT('Ctrl Pts',(-15.8487102275281,41.792893882152,-1.57942310116624));
#4159=CARTESIAN_POINT('Ctrl Pts',(-10.1175897327099,22.2897574724293,0.));
#4160=CARTESIAN_POINT('Ctrl Pts',(-10.1175897327099,22.2897574724293,20.));
#4161=CARTESIAN_POINT('Ctrl Pts',(-30.1175897327099,22.2897574724293,20.));
#4162=CARTESIAN_POINT('Ctrl Pts',(-30.1175897327099,22.2897574724293,1.22464679914735E-15));
#4163=CARTESIAN_POINT('Ctrl Pts',(-10.1361701439086,24.610302779052,0.));
#4164=CARTESIAN_POINT('Ctrl Pts',(-10.1361701439086,24.610302779052,19.9628391776027));
#4165=CARTESIAN_POINT('Ctrl Pts',(-30.0990093215113,24.610302779052,19.9628391776027));
#4166=CARTESIAN_POINT('Ctrl Pts',(-30.0990093215113,24.610302779052,1.22237135503723E-15));
#4167=CARTESIAN_POINT('Ctrl Pts',(-10.8992508853805,29.0415544065649,0.));
#4168=CARTESIAN_POINT('Ctrl Pts',(-10.8992508853805,29.0415544065649,18.4366776946587));
#4169=CARTESIAN_POINT('Ctrl Pts',(-29.3359285800393,29.0415544065649,18.4366776946587));
#4170=CARTESIAN_POINT('Ctrl Pts',(-29.3359285800393,29.0415544065649,1.12892091628376E-15));
#4171=CARTESIAN_POINT('Ctrl Pts',(-12.7247418340773,34.5409293260556,0.));
#4172=CARTESIAN_POINT('Ctrl Pts',(-12.7247418340773,34.5409293260556,14.7856957972653));
#4173=CARTESIAN_POINT('Ctrl Pts',(-27.5104376313425,34.5409293260556,14.7856957972653));
#4174=CARTESIAN_POINT('Ctrl Pts',(-27.5104376313425,34.5409293260556,9.05362751564369E-16));
#4175=CARTESIAN_POINT('Ctrl Pts',(-12.6175897327099,36.6106592085571,0.));
#4176=CARTESIAN_POINT('Ctrl Pts',(-12.6175897327099,36.6106592085571,15.));
#4177=CARTESIAN_POINT('Ctrl Pts',(-27.6175897327099,36.6106592085571,15.));
#4178=CARTESIAN_POINT('Ctrl Pts',(-27.6175897327099,36.6106592085571,9.18485099360515E-16));
#4179=CARTESIAN_POINT('Ctrl Pts',(-23.4979577241252,41.292893882152,2.00531150990597));
#4180=CARTESIAN_POINT('Ctrl Pts',(-23.4979577241252,41.892893882152,2.00531150990597));
#4181=CARTESIAN_POINT('Ctrl Pts',(-23.4511102837293,41.292893882152,2.05391951660577));
#4182=CARTESIAN_POINT('Ctrl Pts',(-23.4511102837293,41.892893882152,2.05391951660577));
#4183=CARTESIAN_POINT('Ctrl Pts',(-23.3676479442015,41.292893882152,2.15738523518426));
#4184=CARTESIAN_POINT('Ctrl Pts',(-23.3676479442015,41.892893882152,2.15738523518426));
#4185=CARTESIAN_POINT('Ctrl Pts',(-23.3115945443812,41.292893882152,2.2839796394279));
#4186=CARTESIAN_POINT('Ctrl Pts',(-23.3115945443812,41.892893882152,2.2839796394279));
#4187=CARTESIAN_POINT('Ctrl Pts',(-23.3019873716558,41.292893882152,2.48128846734612));
#4188=CARTESIAN_POINT('Ctrl Pts',(-23.3019873716558,41.892893882152,2.48128846734612));
#4189=CARTESIAN_POINT('Ctrl Pts',(-23.2510798616429,41.292893882152,2.87929037518274));
#4190=CARTESIAN_POINT('Ctrl Pts',(-23.2510798616429,41.892893882152,2.87929037518274));
#4191=CARTESIAN_POINT('Ctrl Pts',(-22.8611135167502,41.292893882152,3.30437608778984));
#4192=CARTESIAN_POINT('Ctrl Pts',(-22.8611135167502,41.892893882152,3.30437608778984));
#4193=CARTESIAN_POINT('Ctrl Pts',(-22.2921256701805,41.292893882152,3.32038797397296));
#4194=CARTESIAN_POINT('Ctrl Pts',(-22.2921256701805,41.892893882152,3.32038797397296));
#4195=CARTESIAN_POINT('Ctrl Pts',(-21.9041189816427,41.292893882152,3.16318963159063));
#4196=CARTESIAN_POINT('Ctrl Pts',(-21.9041189816427,41.892893882152,3.16318963159063));
#4197=CARTESIAN_POINT('Ctrl Pts',(-21.6563179128601,41.292893882152,2.96031958935882));
#4198=CARTESIAN_POINT('Ctrl Pts',(-21.6563179128601,41.892893882152,2.96031958935882));
#4199=CARTESIAN_POINT('Ctrl Pts',(-21.5290162827416,41.292893882152,2.65091258900118));
#4200=CARTESIAN_POINT('Ctrl Pts',(-21.5290162827416,41.892893882152,2.65091258900118));
#4201=CARTESIAN_POINT('Ctrl Pts',(-21.5284003887097,41.292893882152,2.36750599420872));
#4202=CARTESIAN_POINT('Ctrl Pts',(-21.5284003887097,41.892893882152,2.36750599420872));
#4203=CARTESIAN_POINT('Ctrl Pts',(-21.5426609697612,41.292893882152,2.17296443200741));
#4204=CARTESIAN_POINT('Ctrl Pts',(-21.5426609697612,41.892893882152,2.17296443200741));
#4205=CARTESIAN_POINT('Ctrl Pts',(-21.4850440644946,41.292893882152,2.04484752802711));
#4206=CARTESIAN_POINT('Ctrl Pts',(-21.4850440644946,41.892893882152,2.04484752802711));
#4207=CARTESIAN_POINT('Ctrl Pts',(-21.3649540881974,41.292893882152,1.95156104549679));
#4208=CARTESIAN_POINT('Ctrl Pts',(-21.3649540881974,41.892893882152,1.95156104549679));
#4209=CARTESIAN_POINT('Ctrl Pts',(-21.3352821634144,41.292893882152,1.96005844019158));
#4210=CARTESIAN_POINT('Ctrl Pts',(-21.3352821634144,41.892893882152,1.96005844019158));
#4211=CARTESIAN_POINT('Ctrl Pts',(-21.2049920333133,41.292893882152,2.07087185641189));
#4212=CARTESIAN_POINT('Ctrl Pts',(-21.2049920333133,41.892893882152,2.07087185641189));
#4213=CARTESIAN_POINT('Ctrl Pts',(-21.195098521424,41.292893882152,2.15355093754147));
#4214=CARTESIAN_POINT('Ctrl Pts',(-21.195098521424,41.892893882152,2.15355093754147));
#4215=CARTESIAN_POINT('Ctrl Pts',(-21.2349958629091,41.292893882152,2.40081072997987));
#4216=CARTESIAN_POINT('Ctrl Pts',(-21.2349958629091,41.892893882152,2.40081072997987));
#4217=CARTESIAN_POINT('Ctrl Pts',(-21.1681983690918,41.292893882152,2.8336473931229));
#4218=CARTESIAN_POINT('Ctrl Pts',(-21.1681983690918,41.892893882152,2.8336473931229));
#4219=CARTESIAN_POINT('Ctrl Pts',(-20.8031175356584,41.292893882152,3.22064716341962));
#4220=CARTESIAN_POINT('Ctrl Pts',(-20.8031175356584,41.892893882152,3.22064716341962));
#4221=CARTESIAN_POINT('Ctrl Pts',(-20.1440202799765,41.292893882152,3.31140963314742));
#4222=CARTESIAN_POINT('Ctrl Pts',(-20.1440202799765,41.892893882152,3.31140963314742));
#4223=CARTESIAN_POINT('Ctrl Pts',(-19.6882678369761,41.292893882152,3.01998815171197));
#4224=CARTESIAN_POINT('Ctrl Pts',(-19.6882678369761,41.892893882152,3.01998815171197));
#4225=CARTESIAN_POINT('Ctrl Pts',(-19.4630553886108,41.292893882152,2.66541573106524));
#4226=CARTESIAN_POINT('Ctrl Pts',(-19.4630553886108,41.892893882152,2.66541573106524));
#4227=CARTESIAN_POINT('Ctrl Pts',(-19.4335654607518,41.292893882152,2.36183900752082));
#4228=CARTESIAN_POINT('Ctrl Pts',(-19.4335654607518,41.892893882152,2.36183900752082));
#4229=CARTESIAN_POINT('Ctrl Pts',(-19.4405584065259,41.292893882152,2.14437051835047));
#4230=CARTESIAN_POINT('Ctrl Pts',(-19.4405584065259,41.892893882152,2.14437051835047));
#4231=CARTESIAN_POINT('Ctrl Pts',(-19.4029645069975,41.292893882152,2.04853498225864));
#4232=CARTESIAN_POINT('Ctrl Pts',(-19.4029645069975,41.892893882152,2.04853498225864));
#4233=CARTESIAN_POINT('Ctrl Pts',(-19.3825693327819,41.292893882152,2.03543347920394));
#4234=CARTESIAN_POINT('Ctrl Pts',(-19.3825693327819,41.892893882152,2.03543347920394));
#4235=CARTESIAN_POINT('Ctrl Pts',(-19.3009039642646,41.292893882152,2.00627251435592));
#4236=CARTESIAN_POINT('Ctrl Pts',(-19.3009039642646,41.892893882152,2.00627251435592));
#4237=CARTESIAN_POINT('Ctrl Pts',(-19.1748913588081,41.292893882152,2.02437487906594));
#4238=CARTESIAN_POINT('Ctrl Pts',(-19.1748913588081,41.892893882152,2.02437487906594));
#4239=CARTESIAN_POINT('Ctrl Pts',(-19.110035969432,41.292893882152,2.10479488955499));
#4240=CARTESIAN_POINT('Ctrl Pts',(-19.110035969432,41.892893882152,2.10479488955499));
#4241=CARTESIAN_POINT('Ctrl Pts',(-19.0922994472408,41.292893882152,2.19226382404626));
#4242=CARTESIAN_POINT('Ctrl Pts',(-19.0922994472408,41.892893882152,2.19226382404626));
#4243=CARTESIAN_POINT('Ctrl Pts',(-19.1364960160122,41.292893882152,2.48047603143299));
#4244=CARTESIAN_POINT('Ctrl Pts',(-19.1364960160122,41.892893882152,2.48047603143299));
#4245=CARTESIAN_POINT('Ctrl Pts',(-19.0098630087456,41.292893882152,2.89758660635137));
#4246=CARTESIAN_POINT('Ctrl Pts',(-19.0098630087456,41.892893882152,2.89758660635137));
#4247=CARTESIAN_POINT('Ctrl Pts',(-18.6096097381391,41.292893882152,3.25689550059161));
#4248=CARTESIAN_POINT('Ctrl Pts',(-18.6096097381391,41.892893882152,3.25689550059161));
#4249=CARTESIAN_POINT('Ctrl Pts',(-17.9995483541907,41.292893882152,3.28430551671232));
#4250=CARTESIAN_POINT('Ctrl Pts',(-17.9995483541907,41.892893882152,3.28430551671232));
#4251=CARTESIAN_POINT('Ctrl Pts',(-17.5230126374092,41.292893882152,3.05926125272994));
#4252=CARTESIAN_POINT('Ctrl Pts',(-17.5230126374092,41.892893882152,3.05926125272994));
#4253=CARTESIAN_POINT('Ctrl Pts',(-17.3198518512987,41.292893882152,2.66016664128229));
#4254=CARTESIAN_POINT('Ctrl Pts',(-17.3198518512987,41.892893882152,2.66016664128229));
#4255=CARTESIAN_POINT('Ctrl Pts',(-17.3175873805674,41.292893882152,2.2986048107015));
#4256=CARTESIAN_POINT('Ctrl Pts',(-17.3175873805674,41.892893882152,2.2986048107015));
#4257=CARTESIAN_POINT('Ctrl Pts',(-17.294756268707,41.292893882152,1.99974127841544));
#4258=CARTESIAN_POINT('Ctrl Pts',(-17.294756268707,41.892893882152,1.99974127841544));
#4259=CARTESIAN_POINT('Ctrl Pts',(-17.2330076102247,41.292893882152,1.93449097451624));
#4260=CARTESIAN_POINT('Ctrl Pts',(-17.2330076102247,41.892893882152,1.93449097451624));
#4261=CARTESIAN_POINT('Ctrl Pts',(-17.0082329484113,41.292893882152,1.82282780572733));
#4262=CARTESIAN_POINT('Ctrl Pts',(-17.0082329484113,41.892893882152,1.82282780572733));
#4263=CARTESIAN_POINT('Ctrl Pts',(-16.5444044988415,41.292893882152,1.66839995070798));
#4264=CARTESIAN_POINT('Ctrl Pts',(-16.5444044988415,41.892893882152,1.66839995070798));
#4265=CARTESIAN_POINT('Ctrl Pts',(-16.1601825059912,41.292893882152,1.29138510959387));
#4266=CARTESIAN_POINT('Ctrl Pts',(-16.1601825059912,41.892893882152,1.29138510959387));
#4267=CARTESIAN_POINT('Ctrl Pts',(-15.8969707660961,41.292893882152,0.839189170031949));
#4268=CARTESIAN_POINT('Ctrl Pts',(-15.8969707660961,41.892893882152,0.839189170031949));
#4269=CARTESIAN_POINT('Ctrl Pts',(-15.68586095555,41.292893882152,0.180727762291802));
#4270=CARTESIAN_POINT('Ctrl Pts',(-15.68586095555,41.892893882152,0.180727762291802));
#4271=CARTESIAN_POINT('Ctrl Pts',(-15.6179145006282,41.292893882152,-0.637802578876572));
#4272=CARTESIAN_POINT('Ctrl Pts',(-15.6179145006282,41.892893882152,-0.637802578876572));
#4273=CARTESIAN_POINT('Ctrl Pts',(-15.7515039013656,41.292893882152,-1.30323787910692));
#4274=CARTESIAN_POINT('Ctrl Pts',(-15.7515039013656,41.892893882152,-1.30323787910692));
#4275=CARTESIAN_POINT('Ctrl Pts',(-15.8689134701867,41.292893882152,-1.63820275529411));
#4276=CARTESIAN_POINT('Ctrl Pts',(-15.8689134701867,41.892893882152,-1.63820275529411));
#4277=CARTESIAN_POINT('Ctrl Pts',(-15.8795582427417,41.292893882152,-1.66743320015865));
#4278=CARTESIAN_POINT('Ctrl Pts',(-15.8795582427417,41.892893882152,-1.66743320015865));
#4279=CARTESIAN_POINT('Ctrl Pts',(-23.4979577241252,41.292893882152,2.00531150990597));
#4280=CARTESIAN_POINT('Ctrl Pts',(-23.4511102837293,41.292893882152,2.05391951660577));
#4281=CARTESIAN_POINT('Ctrl Pts',(-23.3676479442015,41.292893882152,2.15738523518426));
#4282=CARTESIAN_POINT('Ctrl Pts',(-23.3115945443812,41.292893882152,2.2839796394279));
#4283=CARTESIAN_POINT('Ctrl Pts',(-23.3019873716558,41.292893882152,2.48128846734612));
#4284=CARTESIAN_POINT('Ctrl Pts',(-23.2510798616429,41.292893882152,2.87929037518274));
#4285=CARTESIAN_POINT('Ctrl Pts',(-22.8611135167502,41.292893882152,3.30437608778984));
#4286=CARTESIAN_POINT('Ctrl Pts',(-22.2921256701805,41.292893882152,3.32038797397296));
#4287=CARTESIAN_POINT('Ctrl Pts',(-21.9041189816427,41.292893882152,3.16318963159063));
#4288=CARTESIAN_POINT('Ctrl Pts',(-21.6563179128601,41.292893882152,2.96031958935882));
#4289=CARTESIAN_POINT('Ctrl Pts',(-21.5290162827416,41.292893882152,2.65091258900118));
#4290=CARTESIAN_POINT('Ctrl Pts',(-21.5284003887097,41.292893882152,2.36750599420872));
#4291=CARTESIAN_POINT('Ctrl Pts',(-21.5426609697612,41.292893882152,2.17296443200741));
#4292=CARTESIAN_POINT('Ctrl Pts',(-21.4850440644946,41.292893882152,2.04484752802711));
#4293=CARTESIAN_POINT('Ctrl Pts',(-21.3649540881974,41.292893882152,1.95156104549679));
#4294=CARTESIAN_POINT('Ctrl Pts',(-21.3352821634144,41.292893882152,1.96005844019158));
#4295=CARTESIAN_POINT('Ctrl Pts',(-21.2049920333133,41.292893882152,2.07087185641189));
#4296=CARTESIAN_POINT('Ctrl Pts',(-21.195098521424,41.292893882152,2.15355093754147));
#4297=CARTESIAN_POINT('Ctrl Pts',(-21.2349958629091,41.292893882152,2.40081072997987));
#4298=CARTESIAN_POINT('Ctrl Pts',(-21.1681983690918,41.292893882152,2.8336473931229));
#4299=CARTESIAN_POINT('Ctrl Pts',(-20.8031175356584,41.292893882152,3.22064716341962));
#4300=CARTESIAN_POINT('Ctrl Pts',(-20.1440202799765,41.292893882152,3.31140963314742));
#4301=CARTESIAN_POINT('Ctrl Pts',(-19.6882678369761,41.292893882152,3.01998815171197));
#4302=CARTESIAN_POINT('Ctrl Pts',(-19.4630553886108,41.292893882152,2.66541573106524));
#4303=CARTESIAN_POINT('Ctrl Pts',(-19.4335654607518,41.292893882152,2.36183900752082));
#4304=CARTESIAN_POINT('Ctrl Pts',(-19.4405584065259,41.292893882152,2.14437051835047));
#4305=CARTESIAN_POINT('Ctrl Pts',(-19.4029645069975,41.292893882152,2.04853498225864));
#4306=CARTESIAN_POINT('Ctrl Pts',(-19.3825693327819,41.292893882152,2.03543347920394));
#4307=CARTESIAN_POINT('Ctrl Pts',(-19.3009039642646,41.292893882152,2.00627251435592));
#4308=CARTESIAN_POINT('Ctrl Pts',(-19.1748913588081,41.292893882152,2.02437487906594));
#4309=CARTESIAN_POINT('Ctrl Pts',(-19.110035969432,41.292893882152,2.10479488955499));
#4310=CARTESIAN_POINT('Ctrl Pts',(-19.0922994472408,41.292893882152,2.19226382404626));
#4311=CARTESIAN_POINT('Ctrl Pts',(-19.1364960160122,41.292893882152,2.48047603143299));
#4312=CARTESIAN_POINT('Ctrl Pts',(-19.0098630087456,41.292893882152,2.89758660635137));
#4313=CARTESIAN_POINT('Ctrl Pts',(-18.6096097381391,41.292893882152,3.25689550059161));
#4314=CARTESIAN_POINT('Ctrl Pts',(-17.9995483541907,41.292893882152,3.28430551671232));
#4315=CARTESIAN_POINT('Ctrl Pts',(-17.5230126374092,41.292893882152,3.05926125272994));
#4316=CARTESIAN_POINT('Ctrl Pts',(-17.3198518512987,41.292893882152,2.66016664128229));
#4317=CARTESIAN_POINT('Ctrl Pts',(-17.3175873805674,41.292893882152,2.2986048107015));
#4318=CARTESIAN_POINT('Ctrl Pts',(-17.294756268707,41.292893882152,1.99974127841544));
#4319=CARTESIAN_POINT('Ctrl Pts',(-17.2330076102247,41.292893882152,1.93449097451624));
#4320=CARTESIAN_POINT('Ctrl Pts',(-17.0082329484113,41.292893882152,1.82282780572733));
#4321=CARTESIAN_POINT('Ctrl Pts',(-16.5444044988415,41.292893882152,1.66839995070798));
#4322=CARTESIAN_POINT('Ctrl Pts',(-16.1601825059912,41.292893882152,1.29138510959387));
#4323=CARTESIAN_POINT('Ctrl Pts',(-15.8969707660961,41.292893882152,0.839189170031949));
#4324=CARTESIAN_POINT('Ctrl Pts',(-15.68586095555,41.292893882152,0.180727762291802));
#4325=CARTESIAN_POINT('Ctrl Pts',(-15.6179145006282,41.292893882152,-0.63780257887665));
#4326=CARTESIAN_POINT('Ctrl Pts',(-15.745385302839,41.292893882152,-1.27275992632731));
#4327=CARTESIAN_POINT('Ctrl Pts',(-15.8487102275281,41.292893882152,-1.57942310116624));
#4328=CARTESIAN_POINT('Origin',(-15.8487102275281,41.292893882152,-1.57942310116613));
#4329=CARTESIAN_POINT('Ctrl Pts',(-16.0382483062379,41.292893882152,-1.51558489380559));
#4330=CARTESIAN_POINT('Ctrl Pts',(-16.239982279404,41.292893882152,-2.11454077405242));
#4331=CARTESIAN_POINT('Ctrl Pts',(-17.0713847241339,41.292893882152,-3.39439599798083));
#4332=CARTESIAN_POINT('Ctrl Pts',(-19.2351733168045,41.292893882152,-4.15065490117888));
#4333=CARTESIAN_POINT('Ctrl Pts',(-21.6097958669266,41.292893882152,-4.12779037421375));
#4334=CARTESIAN_POINT('Ctrl Pts',(-23.9092385878957,41.292893882152,-3.1665365721682));
#4335=CARTESIAN_POINT('Ctrl Pts',(-24.9390314359808,41.292893882152,-1.08159015371912));
#4336=CARTESIAN_POINT('Ctrl Pts',(-24.8195183256361,41.292893882152,1.12658290660474));
#4337=CARTESIAN_POINT('Ctrl Pts',(-23.6747466263124,41.292893882152,1.53809892756353));
#4338=CARTESIAN_POINT('Ctrl Pts',(-23.3548857463525,41.292893882152,1.86556026956731));
#4339=CARTESIAN_POINT('Ctrl Pts',(-16.0382483062367,41.292893882152,-1.51558489380214));
#4340=CARTESIAN_POINT('Ctrl Pts',(-16.0382483062367,41.892893882152,-1.51558489380214));
#4341=CARTESIAN_POINT('Ctrl Pts',(-16.239982279404,41.292893882152,-2.11454077405242));
#4342=CARTESIAN_POINT('Ctrl Pts',(-16.239982279404,41.892893882152,-2.11454077405242));
#4343=CARTESIAN_POINT('Ctrl Pts',(-17.0713847241339,41.292893882152,-3.39439599798083));
#4344=CARTESIAN_POINT('Ctrl Pts',(-17.0713847241339,41.892893882152,-3.39439599798083));
#4345=CARTESIAN_POINT('Ctrl Pts',(-19.2351733168045,41.292893882152,-4.15065490117888));
#4346=CARTESIAN_POINT('Ctrl Pts',(-19.2351733168045,41.892893882152,-4.15065490117888));
#4347=CARTESIAN_POINT('Ctrl Pts',(-21.6097958669266,41.292893882152,-4.12779037421375));
#4348=CARTESIAN_POINT('Ctrl Pts',(-21.6097958669266,41.892893882152,-4.12779037421375));
#4349=CARTESIAN_POINT('Ctrl Pts',(-23.9092385878957,41.292893882152,-3.1665365721682));
#4350=CARTESIAN_POINT('Ctrl Pts',(-23.9092385878957,41.892893882152,-3.1665365721682));
#4351=CARTESIAN_POINT('Ctrl Pts',(-24.9390314359808,41.292893882152,-1.08159015371912));
#4352=CARTESIAN_POINT('Ctrl Pts',(-24.9390314359808,41.892893882152,-1.08159015371912));
#4353=CARTESIAN_POINT('Ctrl Pts',(-24.8195183256361,41.292893882152,1.12658290660474));
#4354=CARTESIAN_POINT('Ctrl Pts',(-24.8195183256361,41.892893882152,1.12658290660474));
#4355=CARTESIAN_POINT('Ctrl Pts',(-23.6747466263124,41.292893882152,1.53809892756353));
#4356=CARTESIAN_POINT('Ctrl Pts',(-23.6747466263124,41.892893882152,1.53809892756353));
#4357=CARTESIAN_POINT('Ctrl Pts',(-23.3548857463525,41.292893882152,1.86556026956731));
#4358=CARTESIAN_POINT('Ctrl Pts',(-23.3548857463525,41.892893882152,1.86556026956731));
#4359=CARTESIAN_POINT('Ctrl Pts',(-16.0382483062375,41.792893882152,-1.51558489380451));
#4360=CARTESIAN_POINT('Ctrl Pts',(-16.2399822794054,41.792893882152,-2.11454077405457));
#4361=CARTESIAN_POINT('Ctrl Pts',(-17.0713847241351,41.792893882152,-3.39439599798124));
#4362=CARTESIAN_POINT('Ctrl Pts',(-19.2351733168045,41.792893882152,-4.15065490117888));
#4363=CARTESIAN_POINT('Ctrl Pts',(-21.6097958669266,41.792893882152,-4.12779037421375));
#4364=CARTESIAN_POINT('Ctrl Pts',(-23.9092385878957,41.792893882152,-3.1665365721682));
#4365=CARTESIAN_POINT('Ctrl Pts',(-24.9390314359808,41.792893882152,-1.08159015371912));
#4366=CARTESIAN_POINT('Ctrl Pts',(-24.8195183256361,41.792893882152,1.12658290660474));
#4367=CARTESIAN_POINT('Ctrl Pts',(-23.6747466263124,41.792893882152,1.53809892756353));
#4368=CARTESIAN_POINT('Ctrl Pts',(-23.3548857463525,41.792893882152,1.86556026956731));
#4369=CARTESIAN_POINT('Origin',(-20.1175897327099,41.792893882152,0.));
#4370=CARTESIAN_POINT('',(-20.7032629490883,41.792893882152,0.678754956368674));
#4371=CARTESIAN_POINT('',(-19.7530649593923,41.792893882152,0.678754956368674));
#4372=CARTESIAN_POINT('',(-19.5862485789667,41.792893882152,0.678754956368674));
#4373=CARTESIAN_POINT('',(-20.7920178847513,41.792893882152,0.532683692055052));
#4374=CARTESIAN_POINT('Origin',(-20.7032629490883,41.792893882152,0.578754956368674));
#4375=CARTESIAN_POINT('',(-20.8678411364561,41.792893882152,0.678754956368674));
#4376=CARTESIAN_POINT('',(-19.6648669672576,41.792893882152,0.531626258281409));
#4377=CARTESIAN_POINT('',(-20.2363317603019,41.792893882152,-0.537829282987248));
#4378=CARTESIAN_POINT('Origin',(-19.7530649593923,41.792893882152,0.578754956368674));
#4379=CARTESIAN_POINT('Origin',(-19.5862485789667,41.592893882152,0.678754956368674));
#4380=CARTESIAN_POINT('',(-19.7530649593923,41.592893882152,0.678754956368674));
#4381=CARTESIAN_POINT('',(-19.7530649593923,41.592893882152,0.678754956368674));
#4382=CARTESIAN_POINT('',(-20.7032629490883,41.592893882152,0.678754956368674));
#4383=CARTESIAN_POINT('',(-19.5862485789667,41.592893882152,0.678754956368674));
#4384=CARTESIAN_POINT('',(-20.7032629490883,41.792893882152,0.678754956368674));
#4385=CARTESIAN_POINT('Origin',(-20.8678411364561,41.592893882152,0.678754956368674));
#4386=CARTESIAN_POINT('',(-20.7920178847513,41.592893882152,0.532683692055052));
#4387=CARTESIAN_POINT('',(-20.7920178847513,41.592893882152,0.532683692055052));
#4388=CARTESIAN_POINT('',(-20.8678411364561,41.592893882152,0.678754956368674));
#4389=CARTESIAN_POINT('Origin',(-20.2363317603019,41.592893882152,-0.537829282987248));
#4390=CARTESIAN_POINT('',(-19.6648669672576,41.592893882152,0.531626258281409));
#4391=CARTESIAN_POINT('',(-20.2363317603019,41.592893882152,-0.537829282987248));
#4392=CARTESIAN_POINT('',(-19.6648669672576,41.792893882152,0.531626258281409));
#4393=CARTESIAN_POINT('Origin',(0.,41.592893882152,0.));
#4394=CARTESIAN_POINT('Origin',(-19.7530649593923,41.592893882152,0.578754956368674));
#4395=CARTESIAN_POINT('Origin',(-20.7032629490883,41.592893882152,0.578754956368674));
#4396=CARTESIAN_POINT('Origin',(-17.7630790713548,41.592893882152,-0.769896679879206));
#4397=CARTESIAN_POINT('Origin',(-22.6348543966979,41.592893882152,-0.769896679879206));
#4398=CARTESIAN_POINT('Origin',(-19.7530649593923,41.592893882152,0.578754956368674));
#4399=CARTESIAN_POINT('Origin',(-20.7032629490883,41.592893882152,0.578754956368674));
#4400=CARTESIAN_POINT('Origin',(-12.9,40.045000001096,0.));
#4401=CARTESIAN_POINT('',(-12.9,40.045000001096,0.4));
#4402=CARTESIAN_POINT('',(-12.9,38.1881752502673,0.4));
#4403=CARTESIAN_POINT('',(-12.9,38.1881752502673,0.4));
#4404=CARTESIAN_POINT('',(-12.9,38.1881752502673,-0.4));
#4405=CARTESIAN_POINT('',(-12.9,38.1881752502673,-0.4));
#4406=CARTESIAN_POINT('',(-12.9,40.045000001096,-0.4));
#4407=CARTESIAN_POINT('',(-12.9,38.1881752502673,-0.4));
#4408=CARTESIAN_POINT('',(-12.9,40.4279445224313,-0.115557317290189));
#4409=CARTESIAN_POINT('Ctrl Pts',(-12.9,40.045000001096,-0.400000000000001));
#4410=CARTESIAN_POINT('Ctrl Pts',(-12.9,40.0877689773003,-0.400000000000001));
#4411=CARTESIAN_POINT('Ctrl Pts',(-12.9,40.130389701789,-0.392984256318447));
#4412=CARTESIAN_POINT('Ctrl Pts',(-12.9,40.2112743915014,-0.366131903854527));
#4413=CARTESIAN_POINT('Ctrl Pts',(-12.8999999999664,40.2494200219713,-0.346428706497059));
#4414=CARTESIAN_POINT('Ctrl Pts',(-12.8999999999664,40.3179242771282,-0.29555449896485));
#4415=CARTESIAN_POINT('Ctrl Pts',(-12.9,40.3479245873706,-0.264418834011094));
#4416=CARTESIAN_POINT('Ctrl Pts',(-12.9,40.396747755666,-0.194772006394497));
#4417=CARTESIAN_POINT('Ctrl Pts',(-12.9,40.4156847081914,-0.156185023140994));
#4418=CARTESIAN_POINT('Ctrl Pts',(-12.9,40.4279445224313,-0.115557317290225));
#4419=CARTESIAN_POINT('',(-12.9,40.4279445224313,0.115557317290317));
#4420=CARTESIAN_POINT('Ctrl Pts',(-12.9,40.4279445224313,-0.115557317290178));
#4421=CARTESIAN_POINT('Ctrl Pts',(-12.9,40.4393138430848,-0.0778806114123836));
#4422=CARTESIAN_POINT('Ctrl Pts',(-12.8999999999931,40.4449995527699,-0.0393744010545226));
#4423=CARTESIAN_POINT('Ctrl Pts',(-12.8999999999931,40.4450004516997,0.0393676650063808));
#4424=CARTESIAN_POINT('Ctrl Pts',(-12.9,40.4393175448274,0.0778683442356509));
#4425=CARTESIAN_POINT('Ctrl Pts',(-12.9,40.4279445224313,0.115557317290317));
#4426=CARTESIAN_POINT('Ctrl Pts',(-12.9,40.4279445224313,0.115557317290319));
#4427=CARTESIAN_POINT('Ctrl Pts',(-12.9,40.4156629187577,0.156257230980585));
#4428=CARTESIAN_POINT('Ctrl Pts',(-12.9,40.3966242656246,0.194932577996811));
#4429=CARTESIAN_POINT('Ctrl Pts',(-12.9,40.347677388019,0.264651231150086));
#4430=CARTESIAN_POINT('Ctrl Pts',(-12.9000000000059,40.3176856874918,0.295735798056587));
#4431=CARTESIAN_POINT('Ctrl Pts',(-12.9000000000059,40.2494920601139,0.346370967444778));
#4432=CARTESIAN_POINT('Ctrl Pts',(-12.9,40.21122959119,0.366023291366973));
#4433=CARTESIAN_POINT('Ctrl Pts',(-12.9,40.1304516412962,0.392857601134538));
#4434=CARTESIAN_POINT('Ctrl Pts',(-12.9,40.0877297658124,0.399999999999995));
#4435=CARTESIAN_POINT('Ctrl Pts',(-12.9,40.045000001096,0.399999999999998));
#4436=CARTESIAN_POINT('Ctrl Pts',(-12.9000000015236,40.045000001096,0.399999999339301));
#4437=CARTESIAN_POINT('Ctrl Pts',(-12.6296459552671,40.045000001096,0.517236620421736));
#4438=CARTESIAN_POINT('Ctrl Pts',(-12.6614788050773,40.045000001096,0.810191233498684));
#4439=CARTESIAN_POINT('Ctrl Pts',(-12.8999999984534,40.131103847608,0.400000000670655));
#4440=CARTESIAN_POINT('Ctrl Pts',(-12.6296459557754,40.1491211020249,0.517236631141491));
#4441=CARTESIAN_POINT('Ctrl Pts',(-12.6614788068469,40.209829060233,0.810191249783576));
#4442=CARTESIAN_POINT('Ctrl Pts',(-12.9000000018986,40.2168520645805,0.371003246123671));
#4443=CARTESIAN_POINT('Ctrl Pts',(-12.6277244665663,40.2530163205358,0.480380673289648));
#4444=CARTESIAN_POINT('Ctrl Pts',(-12.6549569343424,40.3751394914941,0.754562738731355));
#4445=CARTESIAN_POINT('Ctrl Pts',(-12.9000000011964,40.3524982927623,0.269483471222404));
#4446=CARTESIAN_POINT('Ctrl Pts',(-12.6228047180158,40.4182051626937,0.349980600796497));
#4447=CARTESIAN_POINT('Ctrl Pts',(-12.6373058876577,40.641139499334,0.552817155488753));
#4448=CARTESIAN_POINT('Ctrl Pts',(-12.9000000001703,40.4035830092906,0.196288751535044));
#4449=CARTESIAN_POINT('Ctrl Pts',(-12.6199689105693,40.480889758292,0.255440488525775));
#4450=CARTESIAN_POINT('Ctrl Pts',(-12.6266691962566,40.7437178295099,0.404723948253329));
#4451=CARTESIAN_POINT('Ctrl Pts',(-12.9000000015845,40.4279445219644,0.115557317094062));
#4452=CARTESIAN_POINT('Ctrl Pts',(-12.6185812405149,40.5108704779671,0.150406573757446));
#4453=CARTESIAN_POINT('Ctrl Pts',(-12.621379630117,40.7928938821519,0.238399030585089));
#4454=CARTESIAN_POINT('Origin',(-13.0211775022553,40.7928938821519,0.225684415620633));
#4455=CARTESIAN_POINT('Origin',(-13.0591380545511,40.045000001096,0.766981034378786));
#4456=CARTESIAN_POINT('Origin',(-13.0591380545511,41.792893882152,0.766981034378755));
#4457=CARTESIAN_POINT('Ctrl Pts',(-12.9,38.1881752502673,0.400000000000004));
#4458=CARTESIAN_POINT('Ctrl Pts',(-12.8569600813806,38.1735032071318,0.418663877082159));
#4459=CARTESIAN_POINT('Ctrl Pts',(-12.8195778635808,38.1522462284341,0.443842715873643));
#4460=CARTESIAN_POINT('Ctrl Pts',(-12.7527401491446,38.0989033290361,0.505343000846362));
#4461=CARTESIAN_POINT('Ctrl Pts',(-12.7250266522368,38.065751844173,0.542697680155653));
#4462=CARTESIAN_POINT('Ctrl Pts',(-12.6853669092099,37.9975825056612,0.618561071418382));
#4463=CARTESIAN_POINT('Ctrl Pts',(-12.6724419357253,37.9624017095408,0.657292731130665));
#4464=CARTESIAN_POINT('Ctrl Pts',(-12.6564389814072,37.8807423508679,0.74634648950651));
#4465=CARTESIAN_POINT('Ctrl Pts',(-12.6589935095291,37.8435548230551,0.786237332756891));
#4466=CARTESIAN_POINT('Ctrl Pts',(-12.661309813551,37.8226787760169,0.808608911330347));
#4467=CARTESIAN_POINT('Ctrl Pts',(-12.6614318552628,37.8215992693546,0.809759284352253));
#4468=CARTESIAN_POINT('Ctrl Pts',(-12.6614788403278,37.821194893047,0.810191707279913));
#4469=CARTESIAN_POINT('Ctrl Pts',(-12.9000000050323,40.4204106442582,0.138148164181084));
#4470=CARTESIAN_POINT('Ctrl Pts',(-12.6260938785298,40.4988022475949,0.181388377147233));
#4471=CARTESIAN_POINT('Ctrl Pts',(-12.6232187895708,40.7676668004296,0.284835103622018));
#4472=CARTESIAN_POINT('Ctrl Pts',(-12.8999999994443,40.4368576360774,0.0931490099312755));
#4473=CARTESIAN_POINT('Ctrl Pts',(-12.6091849985268,40.5257876633764,0.117686926285054));
#4474=CARTESIAN_POINT('Ctrl Pts',(-12.6187796219376,40.8231178138891,0.192543587689919));
#4475=CARTESIAN_POINT('Ctrl Pts',(-12.9000000013439,40.4450242319725,0.0470593138237754));
#4476=CARTESIAN_POINT('Ctrl Pts',(-12.6012966502844,40.537732232285,0.0599797122824013));
#4477=CARTESIAN_POINT('Ctrl Pts',(-12.6192158290011,40.8499949983888,0.0971956890888855));
#4478=CARTESIAN_POINT('Ctrl Pts',(-12.9000000045302,40.4449756628054,-0.0474703439513986));
#4479=CARTESIAN_POINT('Ctrl Pts',(-12.6013454227103,40.537657356405,-0.0604999463645718));
#4480=CARTESIAN_POINT('Ctrl Pts',(-12.619217692201,40.8498341090461,-0.09804462789411));
#4481=CARTESIAN_POINT('Ctrl Pts',(-12.9000000061982,40.4367525363964,-0.0933808180782222));
#4482=CARTESIAN_POINT('Ctrl Pts',(-12.6092926600043,40.5256162736116,-0.118023006022186));
#4483=CARTESIAN_POINT('Ctrl Pts',(-12.6188056898839,40.8227658627087,-0.193014652704579));
#4484=CARTESIAN_POINT('Ctrl Pts',(-12.9000000005976,40.420479532367,-0.13795646743628));
#4485=CARTESIAN_POINT('Ctrl Pts',(-12.6260262008597,40.4989096625124,-0.181131251945669));
#4486=CARTESIAN_POINT('Ctrl Pts',(-12.62320292493,40.7678972819189,-0.284443793141491));
#4487=CARTESIAN_POINT('Origin',(-13.0211775022553,40.792893882152,-0.225684415620369));
#4488=CARTESIAN_POINT('Ctrl Pts',(-12.9,38.1881752502673,-0.776129994961949));
#4489=CARTESIAN_POINT('Ctrl Pts',(-12.6611664371383,38.0838325339313,-0.807408473257017));
#4490=CARTESIAN_POINT('Ctrl Pts',(-12.6625352896862,37.8216295381902,-0.819855628480932));
#4491=CARTESIAN_POINT('Ctrl Pts',(-12.9,38.1881752502673,-0.518790237848672));
#4492=CARTESIAN_POINT('Ctrl Pts',(-12.6316294602516,38.0934400541467,-0.534542872555032));
#4493=CARTESIAN_POINT('Ctrl Pts',(-12.6326422127277,37.8092662498532,-0.548033970553426));
#4494=CARTESIAN_POINT('Ctrl Pts',(-12.9,38.1881752502673,-0.259359007051905));
#4495=CARTESIAN_POINT('Ctrl Pts',(-12.6175821264094,38.101319478887,-0.270653072617465));
#4496=CARTESIAN_POINT('Ctrl Pts',(-12.6175819374757,37.8058476548038,-0.273970782097156));
#4497=CARTESIAN_POINT('Ctrl Pts',(-12.9,38.1881752502673,0.259762879498345));
#4498=CARTESIAN_POINT('Ctrl Pts',(-12.6175973448237,38.1013122218055,0.271070729899791));
#4499=CARTESIAN_POINT('Ctrl Pts',(-12.6175975340111,37.8058521958629,0.274397407920859));
#4500=CARTESIAN_POINT('Ctrl Pts',(-12.9000000000008,38.1881752502676,0.518442115599844));
#4501=CARTESIAN_POINT('Ctrl Pts',(-12.631588279879,38.0934532329718,0.534169017835354));
#4502=CARTESIAN_POINT('Ctrl Pts',(-12.6326013952134,37.8092491805952,0.547669407650835));
#4503=CARTESIAN_POINT('Ctrl Pts',(-12.9,38.1881752502673,0.776148578068913));
#4504=CARTESIAN_POINT('Ctrl Pts',(-12.6611685177814,38.0838318571672,0.807427694219353));
#4505=CARTESIAN_POINT('Ctrl Pts',(-12.6625374484894,37.8216304310438,0.819875258523499));
#4506=CARTESIAN_POINT('Ctrl Pts',(-12.9,38.1881752502673,-0.400000000000001));
#4507=CARTESIAN_POINT('Ctrl Pts',(-12.8569612631434,38.1735022308065,-0.418663364621245));
#4508=CARTESIAN_POINT('Ctrl Pts',(-12.8195801180226,38.1522444370415,-0.443841231179796));
#4509=CARTESIAN_POINT('Ctrl Pts',(-12.7527430430924,38.0988996127868,-0.505339667891641));
#4510=CARTESIAN_POINT('Ctrl Pts',(-12.7250292564668,38.0657466822541,-0.542693825535797));
#4511=CARTESIAN_POINT('Ctrl Pts',(-12.6853687650591,37.9975758507183,-0.618556454471609));
#4512=CARTESIAN_POINT('Ctrl Pts',(-12.6724431406248,37.9623946504001,-0.657288209181862));
#4513=CARTESIAN_POINT('Ctrl Pts',(-12.6567304455584,37.882223353432,-0.744721822156199));
#4514=CARTESIAN_POINT('Ctrl Pts',(-12.6587663371133,37.8456673752421,-0.784038321076031));
#4515=CARTESIAN_POINT('Ctrl Pts',(-12.6613185540454,37.8225898396532,-0.808693435860647));
#4516=CARTESIAN_POINT('Ctrl Pts',(-12.6614215497945,37.8216857948644,-0.809664179506332));
#4517=CARTESIAN_POINT('Ctrl Pts',(-12.6614786932388,37.8211940686736,-0.810190079249113));
#4518=CARTESIAN_POINT('Ctrl Pts',(-12.9000000039334,40.4279445212722,-0.115557316803139));
#4519=CARTESIAN_POINT('Ctrl Pts',(-12.6185812404968,40.5108704761481,-0.150406573189834));
#4520=CARTESIAN_POINT('Ctrl Pts',(-12.621379630117,40.792893882152,-0.238399030584978));
#4521=CARTESIAN_POINT('Ctrl Pts',(-12.9000000071392,40.4036419013255,-0.196093581936984));
#4522=CARTESIAN_POINT('Ctrl Pts',(-12.6199654727649,40.4809640280445,-0.255180214078486));
#4523=CARTESIAN_POINT('Ctrl Pts',(-12.6266560092837,40.7438403923711,-0.404309297576795));
#4524=CARTESIAN_POINT('Ctrl Pts',(-12.900000005874,40.3529217392564,-0.269174877714475));
#4525=CARTESIAN_POINT('Ctrl Pts',(-12.6227896033804,40.4187209650247,-0.349584127087103));
#4526=CARTESIAN_POINT('Ctrl Pts',(-12.6372517694477,40.6419692888445,-0.552204426744325));
#4527=CARTESIAN_POINT('Ctrl Pts',(-12.900000001809,40.2163785567641,-0.371349301040223));
#4528=CARTESIAN_POINT('Ctrl Pts',(-12.6277413815969,40.2524400564896,-0.480824871670096));
#4529=CARTESIAN_POINT('Ctrl Pts',(-12.6550175663402,40.3742115344373,-0.755249915764239));
#4530=CARTESIAN_POINT('Ctrl Pts',(-12.8999999961374,40.1314483031636,-0.400000001674992));
#4531=CARTESIAN_POINT('Ctrl Pts',(-12.62964595634,40.1495408470568,-0.517236645213573));
#4532=CARTESIAN_POINT('Ctrl Pts',(-12.6614788094773,40.2105053871351,-0.810191273991312));
#4533=CARTESIAN_POINT('Ctrl Pts',(-12.9000000037822,40.045000001096,-0.399999998359903));
#4534=CARTESIAN_POINT('Ctrl Pts',(-12.6296459550619,40.045000001096,-0.517236618533944));
#4535=CARTESIAN_POINT('Ctrl Pts',(-12.6614788050773,40.045000001096,-0.810191233498685));
#4536=CARTESIAN_POINT('Origin',(-13.0591380545511,40.045000001096,-0.766981034378755));
#4537=CARTESIAN_POINT('Origin',(-13.0591380545511,41.792893882152,-0.766981034378755));
#4538=CARTESIAN_POINT('Origin',(-13.5239934172649,40.045000001096,2.93565821898079));
#4539=CARTESIAN_POINT('',(-13.6866880744952,40.045000001096,3.30107640203784));
#4540=CARTESIAN_POINT('',(-13.6866880744952,38.1881752502673,3.30107640203784));
#4541=CARTESIAN_POINT('',(-13.6866880744952,38.1881752502673,3.30107640203784));
#4542=CARTESIAN_POINT('',(-13.3612987600346,38.1881752502673,2.57024003592375));
#4543=CARTESIAN_POINT('',(-13.3612987600346,38.1881752502673,2.57024003592375));
#4544=CARTESIAN_POINT('',(-13.3612987600346,40.045000001096,2.57024003592375));
#4545=CARTESIAN_POINT('',(-13.3612987600346,38.1881752502673,2.57024003592375));
#4546=CARTESIAN_POINT('',(-13.4769920219522,40.4279445224348,2.83009135668361));
#4547=CARTESIAN_POINT('Ctrl Pts',(-13.3612987600346,40.045000001096,2.57024003592375));
#4548=CARTESIAN_POINT('Ctrl Pts',(-13.3612987600346,40.0877689773013,2.57024003592375));
#4549=CARTESIAN_POINT('Ctrl Pts',(-13.3641523200684,40.130389701791,2.57664923669626));
#4550=CARTESIAN_POINT('Ctrl Pts',(-13.3750741557688,40.2112743915052,2.60118008131786));
#4551=CARTESIAN_POINT('Ctrl Pts',(-13.3830881680895,40.2494200219757,2.61917984777932));
#4552=CARTESIAN_POINT('Ctrl Pts',(-13.4037805724813,40.3179242771335,2.66565574898363));
#4553=CARTESIAN_POINT('Ctrl Pts',(-13.4164445883556,40.347924587376,2.69409959426029));
#4554=CARTESIAN_POINT('Ctrl Pts',(-13.4447725052225,40.3967477556711,2.75772513727128));
#4555=CARTESIAN_POINT('Ctrl Pts',(-13.460467245258,40.4156847081958,2.79297610054793));
#4556=CARTESIAN_POINT('Ctrl Pts',(-13.4769920219522,40.4279445224348,2.83009135668358));
#4557=CARTESIAN_POINT('',(-13.5709948125824,40.4279445224313,3.04122508128873));
#4558=CARTESIAN_POINT('Ctrl Pts',(-13.4769920219522,40.4279445224348,2.8300913566836));
#4559=CARTESIAN_POINT('Ctrl Pts',(-13.4923165188223,40.4393138430865,2.86451074019546));
#4560=CARTESIAN_POINT('Ctrl Pts',(-13.5079784055537,40.4449995527705,2.89968791376001));
#4561=CARTESIAN_POINT('Ctrl Pts',(-13.5400056891706,40.4450004516991,2.97162237053185));
#4562=CARTESIAN_POINT('Ctrl Pts',(-13.555665326202,40.4393175448268,3.00679449115326));
#4563=CARTESIAN_POINT('Ctrl Pts',(-13.5709948125824,40.4279445224313,3.04122508128873));
#4564=CARTESIAN_POINT('Ctrl Pts',(-13.5709948125824,40.4279445224313,3.04122508128873));
#4565=CARTESIAN_POINT('Ctrl Pts',(-13.5875489588503,40.4156629187577,3.07840630256689));
#4566=CARTESIAN_POINT('Ctrl Pts',(-13.6032796396654,40.3966242656247,3.11373799015628));
#4567=CARTESIAN_POINT('Ctrl Pts',(-13.6316367706088,40.347677388019,3.17742914905753));
#4568=CARTESIAN_POINT('Ctrl Pts',(-13.6442800030091,40.3176856874918,3.20582631395532));
#4569=CARTESIAN_POINT('Ctrl Pts',(-13.6648751818277,40.2494920601139,3.25208384294687));
#4570=CARTESIAN_POINT('Ctrl Pts',(-13.6728685020831,40.2112295911901,3.2700371342005));
#4571=CARTESIAN_POINT('Ctrl Pts',(-13.6837829991572,40.1304516412962,3.29455149599764));
#4572=CARTESIAN_POINT('Ctrl Pts',(-13.6866880744952,40.0877297658124,3.30107640203783));
#4573=CARTESIAN_POINT('Ctrl Pts',(-13.6866880744952,40.045000001096,3.30107640203783));
#4574=CARTESIAN_POINT('Origin',(-23.7263845990648,40.045000001096,-6.25061606262055));
#4575=CARTESIAN_POINT('',(-23.379974437551,40.045000001096,-6.45061606262054));
#4576=CARTESIAN_POINT('',(-23.379974437551,38.1881752502673,-6.45061606262054));
#4577=CARTESIAN_POINT('',(-23.379974437551,38.1881752502673,-6.45061606262054));
#4578=CARTESIAN_POINT('',(-24.0727947605786,38.1881752502673,-6.05061606262055));
#4579=CARTESIAN_POINT('',(-23.8264601714212,40.4279445224348,-6.19283740398128));
#4580=CARTESIAN_POINT('Ctrl Pts',(-24.0727947605786,40.045000001096,-6.05061606262055));
#4581=CARTESIAN_POINT('Ctrl Pts',(-24.0727947605786,40.0877689773014,-6.05061606262055));
#4582=CARTESIAN_POINT('Ctrl Pts',(-24.0667189483237,40.130389701791,-6.05412393446146));
#4583=CARTESIAN_POINT('Ctrl Pts',(-24.0434641289375,40.2112743915052,-6.06755011069405));
#4584=CARTESIAN_POINT('Ctrl Pts',(-24.0264006595061,40.2494200219757,-6.07740170940233));
#4585=CARTESIAN_POINT('Ctrl Pts',(-23.9823423033838,40.3179242771335,-6.10283881316958));
#4586=CARTESIAN_POINT('Ctrl Pts',(-23.9553780265523,40.347924587376,-6.11840664561799));
#4587=CARTESIAN_POINT('Ctrl Pts',(-23.8950621045408,40.3967477556711,-6.15323005942774));
#4588=CARTESIAN_POINT('Ctrl Pts',(-23.8616447967867,40.4156847081958,-6.17252355105519));
#4589=CARTESIAN_POINT('Ctrl Pts',(-23.8264601714212,40.4279445224348,-6.19283740398125));
#4590=CARTESIAN_POINT('',(-23.6263090266982,40.4279445224313,-6.30839472126571));
#4591=CARTESIAN_POINT('Ctrl Pts',(-23.8264601714212,40.4279445224348,-6.19283740398127));
#4592=CARTESIAN_POINT('Ctrl Pts',(-23.7938311870018,40.4393138430865,-6.21167575691921));
#4593=CARTESIAN_POINT('Ctrl Pts',(-23.7604838306335,40.4449995527705,-6.23092886210322));
#4594=CARTESIAN_POINT('Ctrl Pts',(-23.6922912010816,40.4450004516991,-6.27029989513174));
#4595=CARTESIAN_POINT('Ctrl Pts',(-23.6589486348043,40.4393175448268,-6.2895502347394));
#4596=CARTESIAN_POINT('Ctrl Pts',(-23.6263090266982,40.4279445224313,-6.30839472126571));
#4597=CARTESIAN_POINT('Ctrl Pts',(-23.6263090266982,40.4279445224313,-6.30839472126571));
#4598=CARTESIAN_POINT('Ctrl Pts',(-23.5910618675106,40.4156629187577,-6.32874467811084));
#4599=CARTESIAN_POINT('Ctrl Pts',(-23.5575680344944,40.3966242656246,-6.34808235161895));
#4600=CARTESIAN_POINT('Ctrl Pts',(-23.497189909746,40.347677388019,-6.38294167819559));
#4601=CARTESIAN_POINT('Ctrl Pts',(-23.4702698851364,40.3176856874917,-6.39848396164376));
#4602=CARTESIAN_POINT('Ctrl Pts',(-23.4264185421213,40.2494920601139,-6.42380154633784));
#4603=CARTESIAN_POINT('Ctrl Pts',(-23.4093991303642,40.2112295911901,-6.43362770830402));
#4604=CARTESIAN_POINT('Ctrl Pts',(-23.3861599364125,40.1304516412962,-6.44704486318781));
#4605=CARTESIAN_POINT('Ctrl Pts',(-23.379974437551,40.0877297658124,-6.45061606262054));
#4606=CARTESIAN_POINT('Ctrl Pts',(-23.379974437551,40.045000001096,-6.45061606262054));
#4607=CARTESIAN_POINT('Origin',(-20.8720332959664,40.045000001096,-7.17805102096525));
#4608=CARTESIAN_POINT('',(-20.4742245378191,40.045000001096,-7.21986240627231));
#4609=CARTESIAN_POINT('',(-20.4742245378191,38.1881752502673,-7.21986240627231));
#4610=CARTESIAN_POINT('',(-20.4742245378191,38.1881752502673,-7.21986240627231));
#4611=CARTESIAN_POINT('',(-21.2698420541137,38.1881752502673,-7.13623963565819));
#4612=CARTESIAN_POINT('',(-20.9869575781696,40.4279445224349,-7.16597199217082));
#4613=CARTESIAN_POINT('Ctrl Pts',(-21.2698420541137,40.045000001096,-7.13623963565819));
#4614=CARTESIAN_POINT('Ctrl Pts',(-21.2698420541137,40.0877560145148,-7.13623963565819));
#4615=CARTESIAN_POINT('Ctrl Pts',(-21.2628818605229,40.130353169232,-7.13697118148286));
#4616=CARTESIAN_POINT('Ctrl Pts',(-21.2361845461916,40.2112515302439,-7.1397771822893));
#4617=CARTESIAN_POINT('Ctrl Pts',(-21.216579770008,40.2493997989219,-7.141837727334));
#4618=CARTESIAN_POINT('Ctrl Pts',(-21.1659949677416,40.3178879448221,-7.14715440429227));
#4619=CARTESIAN_POINT('Ctrl Pts',(-21.1350860461748,40.3478967864894,-7.15040306282007));
#4620=CARTESIAN_POINT('Ctrl Pts',(-21.0657600024469,40.3967710318022,-7.15768952363009));
#4621=CARTESIAN_POINT('Ctrl Pts',(-21.0273898007583,40.4156764916583,-7.16172239433555));
#4622=CARTESIAN_POINT('Ctrl Pts',(-20.9869575781697,40.4279445224349,-7.16597199217082));
#4623=CARTESIAN_POINT('',(-20.7571090137513,40.4279445224313,-7.19013004976092));
#4624=CARTESIAN_POINT('Ctrl Pts',(-20.9869575781696,40.4279445224349,-7.16597199217083));
#4625=CARTESIAN_POINT('Ctrl Pts',(-20.9494872692308,40.4393138430866,-7.16991028033701));
#4626=CARTESIAN_POINT('Ctrl Pts',(-20.9111919999249,40.4449995527705,-7.17393527533866));
#4627=CARTESIAN_POINT('Ctrl Pts',(-20.8328812911448,40.4450004516991,-7.18216606249811));
#4628=CARTESIAN_POINT('Ctrl Pts',(-20.794591522666,40.4393175448268,-7.1861904793256));
#4629=CARTESIAN_POINT('Ctrl Pts',(-20.7571090137513,40.4279445224313,-7.19013004976092));
#4630=CARTESIAN_POINT('Ctrl Pts',(-20.7571090137513,40.4279445224313,-7.19013004976092));
#4631=CARTESIAN_POINT('Ctrl Pts',(-20.7166534888189,40.4156694212068,-7.19438209677122));
#4632=CARTESIAN_POINT('Ctrl Pts',(-20.678202603103,40.3966366539927,-7.19842344770967));
#4633=CARTESIAN_POINT('Ctrl Pts',(-20.6088611854383,40.3477015113717,-7.20571152438556));
#4634=CARTESIAN_POINT('Ctrl Pts',(-20.5779279241897,40.317699907458,-7.20896274114524));
#4635=CARTESIAN_POINT('Ctrl Pts',(-20.5275499982369,40.2494786011683,-7.21425767452678));
#4636=CARTESIAN_POINT('Ctrl Pts',(-20.5080019446409,40.2111955986041,-7.21631225775905));
#4637=CARTESIAN_POINT('Ctrl Pts',(-20.4813266154353,40.1304176835093,-7.21911594783566));
#4638=CARTESIAN_POINT('Ctrl Pts',(-20.4742245378191,40.0877084266911,-7.21986240627231));
#4639=CARTESIAN_POINT('Ctrl Pts',(-20.4742245378191,40.045000001096,-7.21986240627231));
#4640=CARTESIAN_POINT('Origin',(-15.2880795384122,40.045000001096,-5.36371446228208));
#4641=CARTESIAN_POINT('',(-14.9908216082212,40.045000001096,-5.09606221973853));
#4642=CARTESIAN_POINT('',(-14.9908216082212,38.1881752502673,-5.09606221973853));
#4643=CARTESIAN_POINT('',(-14.9908216082212,38.1881752502673,-5.09606221973853));
#4644=CARTESIAN_POINT('',(-15.5853374686031,38.1881752502673,-5.63136670482562));
#4645=CARTESIAN_POINT('',(-15.5853374686031,38.1881752502673,-5.63136670482562));
#4646=CARTESIAN_POINT('',(-15.5853374686031,40.045000001096,-5.63136670482562));
#4647=CARTESIAN_POINT('',(-15.5853374686031,38.1881752502673,-5.63136670482562));
#4648=CARTESIAN_POINT('',(-15.3739553607938,40.4279445224348,-5.44103740006188));
#4649=CARTESIAN_POINT('Ctrl Pts',(-15.5853374686031,40.045000001096,-5.63136670482562));
#4650=CARTESIAN_POINT('Ctrl Pts',(-15.5853374686031,40.0877689773013,-5.63136670482562));
#4651=CARTESIAN_POINT('Ctrl Pts',(-15.5801237549891,40.130389701791,-5.62667225600174));
#4652=CARTESIAN_POINT('Ctrl Pts',(-15.5601685682027,40.2112743915052,-5.60870452511456));
#4653=CARTESIAN_POINT('Ctrl Pts',(-15.545526239018,40.2494200219757,-5.59552051274387));
#4654=CARTESIAN_POINT('Ctrl Pts',(-15.5077193349385,40.3179242771335,-5.56147902340828));
#4655=CARTESIAN_POINT('Ctrl Pts',(-15.4845810266618,40.347924587376,-5.54064519701261));
#4656=CARTESIAN_POINT('Ctrl Pts',(-15.4328233471055,40.3967477556711,-5.49404237301662));
#4657=CARTESIAN_POINT('Ctrl Pts',(-15.4041476301689,40.4156847081958,-5.46822264151371));
#4658=CARTESIAN_POINT('Ctrl Pts',(-15.3739553607938,40.4279445224348,-5.4410374000619));
#4659=CARTESIAN_POINT('',(-15.2022037160218,40.4279445224313,-5.28639152449441));
#4660=CARTESIAN_POINT('Ctrl Pts',(-15.3739553607938,40.4279445224348,-5.44103740006188));
#4661=CARTESIAN_POINT('Ctrl Pts',(-15.3459561117811,40.4393138430865,-5.41582676301359));
#4662=CARTESIAN_POINT('Ctrl Pts',(-15.3173404208017,40.4449995527705,-5.39006107913465));
#4663=CARTESIAN_POINT('Ctrl Pts',(-15.258823661864,40.4450004516991,-5.33737235272791));
#4664=CARTESIAN_POINT('Ctrl Pts',(-15.2302120813234,40.4393175448268,-5.31161036988611));
#4665=CARTESIAN_POINT('Ctrl Pts',(-15.2022037160218,40.4279445224313,-5.2863915244944));
#4666=CARTESIAN_POINT('Ctrl Pts',(-15.2022037160218,40.4279445224313,-5.2863915244944));
#4667=CARTESIAN_POINT('Ctrl Pts',(-15.1719577857656,40.4156629187577,-5.25915796656813));
#4668=CARTESIAN_POINT('Ctrl Pts',(-15.1432164017569,40.3966242656245,-5.23327910816799));
#4669=CARTESIAN_POINT('Ctrl Pts',(-15.0914053454269,40.3476773880189,-5.18662822350907));
#4670=CARTESIAN_POINT('Ctrl Pts',(-15.0683050103819,40.3176856874917,-5.16582858840205));
#4671=CARTESIAN_POINT('Ctrl Pts',(-15.030675746264,40.249492060114,-5.13194704680633));
#4672=CARTESIAN_POINT('Ctrl Pts',(-15.0160712234287,40.21122959119,-5.11879707538831));
#4673=CARTESIAN_POINT('Ctrl Pts',(-14.9961294449797,40.1304516412963,-5.10084141742233));
#4674=CARTESIAN_POINT('Ctrl Pts',(-14.9908216082212,40.0877297658123,-5.09606221973853));
#4675=CARTESIAN_POINT('Ctrl Pts',(-14.9908216082212,40.045000001096,-5.09606221973853));
#4676=CARTESIAN_POINT('Origin',(-17.8872318468763,40.045000001096,-6.86433574723873));
#4677=CARTESIAN_POINT('',(-17.5068092403583,40.045000001096,-6.74072894948875));
#4678=CARTESIAN_POINT('',(-17.5068092403583,38.1881752502673,-6.74072894948875));
#4679=CARTESIAN_POINT('',(-17.5068092403583,38.1881752502673,-6.74072894948875));
#4680=CARTESIAN_POINT('',(-18.2676544533944,38.1881752502673,-6.98794254498871));
#4681=CARTESIAN_POINT('',(-18.2676544533944,38.1881752502673,-6.98794254498871));
#4682=CARTESIAN_POINT('',(-18.2676544533944,40.045000001096,-6.98794254498871));
#4683=CARTESIAN_POINT('',(-18.2676544533944,38.1881752502673,-6.98794254498871));
#4684=CARTESIAN_POINT('',(-17.9971333864797,40.4279445224348,-6.90004492210218));
#4685=CARTESIAN_POINT('Ctrl Pts',(-18.2676544533944,40.045000001096,-6.98794254498871));
#4686=CARTESIAN_POINT('Ctrl Pts',(-18.2676544533944,40.0877689773014,-6.98794254498871));
#4687=CARTESIAN_POINT('Ctrl Pts',(-18.2609820846493,40.1303897017909,-6.98577456096289));
#4688=CARTESIAN_POINT('Ctrl Pts',(-18.2354439798594,40.2112743915053,-6.97747672771219));
#4689=CARTESIAN_POINT('Ctrl Pts',(-18.2167051256094,40.2494200219756,-6.97138810491684));
#4690=CARTESIAN_POINT('Ctrl Pts',(-18.1683208790223,40.3179242771336,-6.95566711021329));
#4691=CARTESIAN_POINT('Ctrl Pts',(-18.1387091019882,40.3479245873761,-6.94604566057915));
#4692=CARTESIAN_POINT('Ctrl Pts',(-18.0724710327412,40.3967477556713,-6.92452360724037));
#4693=CARTESIAN_POINT('Ctrl Pts',(-18.0357726308725,40.4156847081958,-6.91259957365297));
#4694=CARTESIAN_POINT('Ctrl Pts',(-17.9971333864797,40.4279445224348,-6.90004492210219));
#4695=CARTESIAN_POINT('',(-17.7773303072618,40.4279445224313,-6.82862657237164));
#4696=CARTESIAN_POINT('Ctrl Pts',(-17.9971333864797,40.4279445224348,-6.90004492210218));
#4697=CARTESIAN_POINT('Ctrl Pts',(-17.961300709844,40.4393138430865,-6.88840217969449));
#4698=CARTESIAN_POINT('Ctrl Pts',(-17.924679127565,40.4449995527705,-6.87650310631212));
#4699=CARTESIAN_POINT('Ctrl Pts',(-17.8497909725348,40.4450004516991,-6.85217046972825));
#4700=CARTESIAN_POINT('Ctrl Pts',(-17.813174650676,40.4393175448268,-6.84027310554545));
#4701=CARTESIAN_POINT('Ctrl Pts',(-17.7773303072618,40.4279445224313,-6.82862657237164));
#4702=CARTESIAN_POINT('Ctrl Pts',(-17.7773303072618,40.4279445224312,-6.82862657237164));
#4703=CARTESIAN_POINT('Ctrl Pts',(-17.7386223891949,40.415662918777,-6.81604960739154));
#4704=CARTESIAN_POINT('Ctrl Pts',(-17.70183994845,40.3966242656846,-6.804098267918));
#4705=CARTESIAN_POINT('Ctrl Pts',(-17.6355335691322,40.3476773881825,-6.78255401929176));
#4706=CARTESIAN_POINT('Ctrl Pts',(-17.6059703892512,40.3176856877235,-6.77294835985897));
#4707=CARTESIAN_POINT('Ctrl Pts',(-17.5578134813906,40.2494920604098,-6.75730123198539));
#4708=CARTESIAN_POINT('Ctrl Pts',(-17.5391230106057,40.211229591439,-6.75122832990169));
#4709=CARTESIAN_POINT('Ctrl Pts',(-17.5136020653628,40.1304516414316,-6.74293607212577));
#4710=CARTESIAN_POINT('Ctrl Pts',(-17.5068092403583,40.08772976588,-6.74072894948875));
#4711=CARTESIAN_POINT('Ctrl Pts',(-17.5068092403583,40.045000001096,-6.74072894948875));
#4712=CARTESIAN_POINT('Origin',(-13.5239934172649,40.045000001096,-2.93565821898071));
#4713=CARTESIAN_POINT('',(-13.3612987600345,40.045000001096,-2.57024003592367));
#4714=CARTESIAN_POINT('',(-13.3612987600345,38.1881752502673,-2.57024003592367));
#4715=CARTESIAN_POINT('',(-13.3612987600345,38.1881752502673,-2.57024003592367));
#4716=CARTESIAN_POINT('',(-13.6866880744952,38.1881752502673,-3.30107640203775));
#4717=CARTESIAN_POINT('',(-13.6866880744952,38.1881752502673,-3.30107640203775));
#4718=CARTESIAN_POINT('',(-13.6866880744952,40.045000001096,-3.30107640203775));
#4719=CARTESIAN_POINT('',(-13.6866880744952,38.1881752502673,-3.30107640203775));
#4720=CARTESIAN_POINT('',(-13.5709948125776,40.4279445224348,-3.04122508127789));
#4721=CARTESIAN_POINT('Ctrl Pts',(-13.6866880744952,40.045000001096,-3.30107640203775));
#4722=CARTESIAN_POINT('Ctrl Pts',(-13.6866880744952,40.0877689773014,-3.30107640203775));
#4723=CARTESIAN_POINT('Ctrl Pts',(-13.6838345144614,40.1303897017909,-3.29466720126536));
#4724=CARTESIAN_POINT('Ctrl Pts',(-13.672912678761,40.2112743915052,-3.27013635664377));
#4725=CARTESIAN_POINT('Ctrl Pts',(-13.6648986663789,40.2494200219756,-3.25213659020958));
#4726=CARTESIAN_POINT('Ctrl Pts',(-13.6442062619871,40.3179242771336,-3.20566068900513));
#4727=CARTESIAN_POINT('Ctrl Pts',(-13.6315422461741,40.3479245873761,-3.17721684370126));
#4728=CARTESIAN_POINT('Ctrl Pts',(-13.6032143293072,40.3967477556713,-3.11359130069013));
#4729=CARTESIAN_POINT('Ctrl Pts',(-13.5875195892718,40.4156847081958,-3.07834033741358));
#4730=CARTESIAN_POINT('Ctrl Pts',(-13.5709948125776,40.4279445224348,-3.04122508127792));
#4731=CARTESIAN_POINT('',(-13.4769920219474,40.4279445224313,-2.83009135667278));
#4732=CARTESIAN_POINT('Ctrl Pts',(-13.5709948125776,40.4279445224348,-3.04122508127789));
#4733=CARTESIAN_POINT('Ctrl Pts',(-13.5556703157075,40.4393138430865,-3.00680569776606));
#4734=CARTESIAN_POINT('Ctrl Pts',(-13.5400084289634,40.4449995527705,-2.97162852420725));
#4735=CARTESIAN_POINT('Ctrl Pts',(-13.5079811453465,40.4450004516991,-2.89969406743528));
#4736=CARTESIAN_POINT('Ctrl Pts',(-13.4923215083278,40.4393175448268,-2.86452194680828));
#4737=CARTESIAN_POINT('Ctrl Pts',(-13.4769920219474,40.4279445224312,-2.83009135667279));
#4738=CARTESIAN_POINT('Ctrl Pts',(-13.4769920219474,40.4279445224313,-2.83009135667278));
#4739=CARTESIAN_POINT('Ctrl Pts',(-13.4604378756795,40.4156629187578,-2.79291013539466));
#4740=CARTESIAN_POINT('Ctrl Pts',(-13.4447071948643,40.3966242656246,-2.75757844780519));
#4741=CARTESIAN_POINT('Ctrl Pts',(-13.416350063921,40.3476773880189,-2.69388728890401));
#4742=CARTESIAN_POINT('Ctrl Pts',(-13.4037068315313,40.3176856874916,-2.66549012400133));
#4743=CARTESIAN_POINT('Ctrl Pts',(-13.3831116527128,40.249492060114,-2.61923259500993));
#4744=CARTESIAN_POINT('Ctrl Pts',(-13.3751183324468,40.21122959119,-2.60127930376112));
#4745=CARTESIAN_POINT('Ctrl Pts',(-13.3642038353726,40.1304516412963,-2.576764941964));
#4746=CARTESIAN_POINT('Ctrl Pts',(-13.3612987600345,40.0877297658123,-2.57024003592367));
#4747=CARTESIAN_POINT('Ctrl Pts',(-13.3612987600345,40.045000001096,-2.57024003592367));
#4748=CARTESIAN_POINT('Origin',(-17.8872318468764,40.045000001096,6.86433574723876));
#4749=CARTESIAN_POINT('',(-18.2676544533945,40.045000001096,6.98794254498874));
#4750=CARTESIAN_POINT('',(-18.2676544533945,38.1881752502673,6.98794254498874));
#4751=CARTESIAN_POINT('',(-18.2676544533945,38.1881752502673,6.98794254498874));
#4752=CARTESIAN_POINT('',(-17.5068092403584,38.1881752502673,6.74072894948878));
#4753=CARTESIAN_POINT('',(-17.5068092403584,38.1881752502673,6.74072894948878));
#4754=CARTESIAN_POINT('',(-17.5068092403584,40.045000001096,6.74072894948878));
#4755=CARTESIAN_POINT('',(-17.5068092403584,38.1881752502673,6.74072894948878));
#4756=CARTESIAN_POINT('',(-17.7773303072731,40.4279445224348,6.82862657237531));
#4757=CARTESIAN_POINT('Ctrl Pts',(-17.5068092403584,40.045000001096,6.74072894948878));
#4758=CARTESIAN_POINT('Ctrl Pts',(-17.5068092403584,40.0877689773014,6.74072894948878));
#4759=CARTESIAN_POINT('Ctrl Pts',(-17.5134816091035,40.1303897017909,6.74289693351459));
#4760=CARTESIAN_POINT('Ctrl Pts',(-17.5390197138934,40.2112743915052,6.75119476676529));
#4761=CARTESIAN_POINT('Ctrl Pts',(-17.5577585681226,40.2494200219756,6.75728338962451));
#4762=CARTESIAN_POINT('Ctrl Pts',(-17.6061428147098,40.3179242771336,6.77300438432808));
#4763=CARTESIAN_POINT('Ctrl Pts',(-17.6357545917647,40.3479245873762,6.78262583389836));
#4764=CARTESIAN_POINT('Ctrl Pts',(-17.7019926610115,40.3967477556713,6.80414788723711));
#4765=CARTESIAN_POINT('Ctrl Pts',(-17.7386910628802,40.4156847081958,6.81607192082451));
#4766=CARTESIAN_POINT('Ctrl Pts',(-17.777330307273,40.4279445224348,6.82862657237529));
#4767=CARTESIAN_POINT('',(-17.997133386491,40.4279445224313,6.90004492210584));
#4768=CARTESIAN_POINT('Ctrl Pts',(-17.7773303072731,40.4279445224348,6.82862657237531));
#4769=CARTESIAN_POINT('Ctrl Pts',(-17.8131629839088,40.4393138430865,6.840269314783));
#4770=CARTESIAN_POINT('Ctrl Pts',(-17.8497845661835,40.4449995527705,6.85216838817856));
#4771=CARTESIAN_POINT('Ctrl Pts',(-17.9246727212137,40.4450004516991,6.87650102476242));
#4772=CARTESIAN_POINT('Ctrl Pts',(-17.9612890430768,40.4393175448268,6.88839838893205));
#4773=CARTESIAN_POINT('Ctrl Pts',(-17.997133386491,40.4279445224313,6.90004492210584));
#4774=CARTESIAN_POINT('Ctrl Pts',(-17.997133386491,40.4279445224313,6.90004492210584));
#4775=CARTESIAN_POINT('Ctrl Pts',(-18.0358413046187,40.4156629187577,6.91262188710571));
#4776=CARTESIAN_POINT('Ctrl Pts',(-18.0726237454185,40.3966242656247,6.92457322659708));
#4777=CARTESIAN_POINT('Ctrl Pts',(-18.1389301248073,40.3476773880189,6.94611747524641));
#4778=CARTESIAN_POINT('Ctrl Pts',(-18.1684933047218,40.3176856874917,6.95572313467772));
#4779=CARTESIAN_POINT('Ctrl Pts',(-18.216650212522,40.2494920601139,6.9713702625317));
#4780=CARTESIAN_POINT('Ctrl Pts',(-18.2353406832467,40.21122959119,6.97744316460819));
#4781=CARTESIAN_POINT('Ctrl Pts',(-18.2608616284115,40.1304516412962,6.98573542235868));
#4782=CARTESIAN_POINT('Ctrl Pts',(-18.2676544533945,40.0877297658124,6.98794254498873));
#4783=CARTESIAN_POINT('Ctrl Pts',(-18.2676544533945,40.045000001096,6.98794254498873));
#4784=CARTESIAN_POINT('Origin',(-15.2880795384123,40.045000001096,5.36371446228214));
#4785=CARTESIAN_POINT('',(-15.5853374686032,40.045000001096,5.63136670482569));
#4786=CARTESIAN_POINT('',(-15.5853374686032,38.1881752502673,5.63136670482569));
#4787=CARTESIAN_POINT('',(-15.5853374686032,38.1881752502673,5.63136670482569));
#4788=CARTESIAN_POINT('',(-14.9908216082213,38.1881752502673,5.0960622197386));
#4789=CARTESIAN_POINT('',(-14.9908216082213,38.1881752502673,5.0960622197386));
#4790=CARTESIAN_POINT('',(-14.9908216082213,40.045000001096,5.0960622197386));
#4791=CARTESIAN_POINT('',(-14.9908216082213,38.1881752502673,5.0960622197386));
#4792=CARTESIAN_POINT('',(-15.2022037160307,40.4279445224348,5.28639152450234));
#4793=CARTESIAN_POINT('Ctrl Pts',(-14.9908216082213,40.045000001096,5.0960622197386));
#4794=CARTESIAN_POINT('Ctrl Pts',(-14.9908216082213,40.0877689773014,5.0960622197386));
#4795=CARTESIAN_POINT('Ctrl Pts',(-14.9960353218353,40.130389701791,5.10075666856248));
#4796=CARTESIAN_POINT('Ctrl Pts',(-15.0159905086217,40.2112743915052,5.11872439944967));
#4797=CARTESIAN_POINT('Ctrl Pts',(-15.0306328377615,40.2494200219757,5.13190841187026));
#4798=CARTESIAN_POINT('Ctrl Pts',(-15.068439741841,40.3179242771335,5.16594990120583));
#4799=CARTESIAN_POINT('Ctrl Pts',(-15.0915780501626,40.347924587376,5.1867837275516));
#4800=CARTESIAN_POINT('Ctrl Pts',(-15.1433357297189,40.3967477556711,5.2333865515476));
#4801=CARTESIAN_POINT('Ctrl Pts',(-15.1720114466556,40.4156847081958,5.25920628305052));
#4802=CARTESIAN_POINT('Ctrl Pts',(-15.2022037160306,40.4279445224348,5.28639152450232));
#4803=CARTESIAN_POINT('',(-15.3739553608026,40.4279445224313,5.44103740006982));
#4804=CARTESIAN_POINT('Ctrl Pts',(-15.2022037160307,40.4279445224348,5.28639152450234));
#4805=CARTESIAN_POINT('Ctrl Pts',(-15.2302029650433,40.4393138430865,5.31160216155064));
#4806=CARTESIAN_POINT('Ctrl Pts',(-15.2588186560135,40.4449995527705,5.33736784543988));
#4807=CARTESIAN_POINT('Ctrl Pts',(-15.3173354149512,40.4450004516991,5.39005657184661));
#4808=CARTESIAN_POINT('Ctrl Pts',(-15.3459469955011,40.4393175448268,5.41581855467811));
#4809=CARTESIAN_POINT('Ctrl Pts',(-15.3739553608026,40.4279445224313,5.44103740006982));
#4810=CARTESIAN_POINT('Ctrl Pts',(-15.3739553608026,40.4279445224313,5.44103740006982));
#4811=CARTESIAN_POINT('Ctrl Pts',(-15.4042012910114,40.415662918777,5.46827095795332));
#4812=CARTESIAN_POINT('Ctrl Pts',(-15.4329426749771,40.3966242656846,5.49414981631481));
#4813=CARTESIAN_POINT('Ctrl Pts',(-15.4847537312518,40.3476773881825,5.54080070092385));
#4814=CARTESIAN_POINT('Ctrl Pts',(-15.5078540662812,40.3176856877235,5.56160033600106));
#4815=CARTESIAN_POINT('Ctrl Pts',(-15.5454833304463,40.2494920604098,5.59548187763926));
#4816=CARTESIAN_POINT('Ctrl Pts',(-15.5600878533179,40.211229591439,5.60863184910581));
#4817=CARTESIAN_POINT('Ctrl Pts',(-15.5800296318281,40.1304516414316,5.62658750712685));
#4818=CARTESIAN_POINT('Ctrl Pts',(-15.5853374686032,40.08772976588,5.63136670482569));
#4819=CARTESIAN_POINT('Ctrl Pts',(-15.5853374686032,40.045000001096,5.63136670482569));
#4820=CARTESIAN_POINT('Origin',(-20.8720332959665,40.045000001096,7.17805102096524));
#4821=CARTESIAN_POINT('',(-20.4742245378192,38.1881752502673,7.2198624062723));
#4822=CARTESIAN_POINT('',(-20.4742245378192,38.1881752502673,7.2198624062723));
#4823=CARTESIAN_POINT('',(-20.4742245378192,40.045000001096,7.2198624062723));
#4824=CARTESIAN_POINT('',(-20.4742245378192,38.1881752502673,7.2198624062723));
#4825=CARTESIAN_POINT('',(-20.7571090137633,40.4279445224349,7.19013004975967));
#4826=CARTESIAN_POINT('Ctrl Pts',(-20.4742245378192,40.045000001096,7.2198624062723));
#4827=CARTESIAN_POINT('Ctrl Pts',(-20.4742245378192,40.0877560145148,7.2198624062723));
#4828=CARTESIAN_POINT('Ctrl Pts',(-20.4811847314099,40.130353169232,7.21913086044765));
#4829=CARTESIAN_POINT('Ctrl Pts',(-20.5078820457412,40.211251530244,7.21632485964121));
#4830=CARTESIAN_POINT('Ctrl Pts',(-20.5274868219324,40.2493997989219,7.21426431466845));
#4831=CARTESIAN_POINT('Ctrl Pts',(-20.5780716241988,40.3178879448221,7.20894763771017));
#4832=CARTESIAN_POINT('Ctrl Pts',(-20.608980545758,40.3478967864894,7.20569897911044));
#4833=CARTESIAN_POINT('Ctrl Pts',(-20.678306589486,40.3967710318023,7.19841251830041));
#4834=CARTESIAN_POINT('Ctrl Pts',(-20.7166767911745,40.4156764916583,7.19437964759495));
#4835=CARTESIAN_POINT('Ctrl Pts',(-20.7571090137632,40.4279445224349,7.19013004975967));
#4836=CARTESIAN_POINT('',(-20.9869575781816,40.4279445224313,7.16597199216957));
#4837=CARTESIAN_POINT('Ctrl Pts',(-20.7571090137633,40.4279445224349,7.19013004975967));
#4838=CARTESIAN_POINT('Ctrl Pts',(-20.794579322702,40.4393138430865,7.18619176159349));
#4839=CARTESIAN_POINT('Ctrl Pts',(-20.8328745920094,40.4449995527705,7.18216676660562));
#4840=CARTESIAN_POINT('Ctrl Pts',(-20.9111853007895,40.4450004516991,7.17393597944617));
#4841=CARTESIAN_POINT('Ctrl Pts',(-20.9494750692669,40.4393175448268,7.16991156260488));
#4842=CARTESIAN_POINT('Ctrl Pts',(-20.9869575781816,40.4279445224313,7.16597199216957));
#4843=CARTESIAN_POINT('Ctrl Pts',(-20.9869575781816,40.4279445224313,7.16597199216957));
#4844=CARTESIAN_POINT('Ctrl Pts',(-21.027413103114,40.4156694212068,7.16171994515927));
#4845=CARTESIAN_POINT('Ctrl Pts',(-21.0658639888299,40.3966366539926,7.15767859422082));
#4846=CARTESIAN_POINT('Ctrl Pts',(-21.1352054064946,40.3477015113717,7.15039051754493));
#4847=CARTESIAN_POINT('Ctrl Pts',(-21.1661386677415,40.317699907458,7.14713930076918));
#4848=CARTESIAN_POINT('Ctrl Pts',(-21.2165165936943,40.2494786011683,7.14184436738764));
#4849=CARTESIAN_POINT('Ctrl Pts',(-21.236064647292,40.2111955986041,7.13978978417144));
#4850=CARTESIAN_POINT('Ctrl Pts',(-21.2627399764976,40.1304176835093,7.13698609409483));
#4851=CARTESIAN_POINT('Ctrl Pts',(-21.2698420541138,40.0877084266911,7.13623963565818));
#4852=CARTESIAN_POINT('Ctrl Pts',(-21.2698420541138,40.045000001096,7.13623963565818));
#4853=CARTESIAN_POINT('Origin',(-23.7263845990649,40.045000001096,6.2506160626205));
#4854=CARTESIAN_POINT('',(-23.3799744375511,38.1881752502673,6.4506160626205));
#4855=CARTESIAN_POINT('',(-23.3799744375511,38.1881752502673,6.4506160626205));
#4856=CARTESIAN_POINT('',(-23.3799744375511,40.045000001096,6.4506160626205));
#4857=CARTESIAN_POINT('',(-23.3799744375511,38.1881752502673,6.4506160626205));
#4858=CARTESIAN_POINT('',(-23.6263090267085,40.4279445224348,6.30839472125977));
#4859=CARTESIAN_POINT('Ctrl Pts',(-23.3799744375511,40.045000001096,6.4506160626205));
#4860=CARTESIAN_POINT('Ctrl Pts',(-23.3799744375511,40.0877689773014,6.4506160626205));
#4861=CARTESIAN_POINT('Ctrl Pts',(-23.386050249806,40.130389701791,6.44710819077961));
#4862=CARTESIAN_POINT('Ctrl Pts',(-23.4093050691922,40.2112743915052,6.43368201454702));
#4863=CARTESIAN_POINT('Ctrl Pts',(-23.4263685386572,40.2494200219757,6.42383041589689));
#4864=CARTESIAN_POINT('Ctrl Pts',(-23.4704268947795,40.3179242771335,6.39839331212962));
#4865=CARTESIAN_POINT('Ctrl Pts',(-23.4973911715774,40.347924587376,6.38282547962307));
#4866=CARTESIAN_POINT('Ctrl Pts',(-23.5577070935889,40.3967477556712,6.34800206581328));
#4867=CARTESIAN_POINT('Ctrl Pts',(-23.591124401343,40.4156847081958,6.32870857418586));
#4868=CARTESIAN_POINT('Ctrl Pts',(-23.6263090267085,40.4279445224348,6.30839472125979));
#4869=CARTESIAN_POINT('',(-23.8264601714315,40.4279445224313,6.19283740397534));
#4870=CARTESIAN_POINT('Ctrl Pts',(-23.6263090267085,40.4279445224348,6.30839472125978));
#4871=CARTESIAN_POINT('Ctrl Pts',(-23.6589380111279,40.4393138430865,6.28955636832185));
#4872=CARTESIAN_POINT('Ctrl Pts',(-23.6922853675031,40.4449995527705,6.27030326314986));
#4873=CARTESIAN_POINT('Ctrl Pts',(-23.760477997055,40.4450004516991,6.23093223012132));
#4874=CARTESIAN_POINT('Ctrl Pts',(-23.7938205633253,40.4393175448268,6.21168189050167));
#4875=CARTESIAN_POINT('Ctrl Pts',(-23.8264601714315,40.4279445224313,6.19283740397534));
#4876=CARTESIAN_POINT('Ctrl Pts',(-23.8264601714315,40.4279445224313,6.19283740397534));
#4877=CARTESIAN_POINT('Ctrl Pts',(-23.8617073305637,40.415662918777,6.17248744716219));
#4878=CARTESIAN_POINT('Ctrl Pts',(-23.8952011635299,40.3966242656846,6.15314977368294));
#4879=CARTESIAN_POINT('Ctrl Pts',(-23.9555792882136,40.3476773881825,6.11829044714363));
#4880=CARTESIAN_POINT('Ctrl Pts',(-23.9824993127902,40.3176856877235,6.10274816370097));
#4881=CARTESIAN_POINT('Ctrl Pts',(-24.0263506558602,40.2494920604098,6.07743057897518));
#4882=CARTESIAN_POINT('Ctrl Pts',(-24.0433700676747,40.211229591439,6.06760441698944));
#4883=CARTESIAN_POINT('Ctrl Pts',(-24.0666092616976,40.1304516414316,6.05418726206454));
#4884=CARTESIAN_POINT('Ctrl Pts',(-24.0727947605787,40.08772976588,6.0506160626205));
#4885=CARTESIAN_POINT('Ctrl Pts',(-24.0727947605787,40.045000001096,6.0506160626205));
#4886=CARTESIAN_POINT('Origin',(-27.1774578128411,40.045000001096,1.50062128495657));
#4887=CARTESIAN_POINT('',(-27.2606224891682,40.045000001096,1.10936224466305));
#4888=CARTESIAN_POINT('',(-27.2606224891682,38.1881752502673,1.10936224466305));
#4889=CARTESIAN_POINT('',(-27.2606224891682,38.1881752502673,1.10936224466305));
#4890=CARTESIAN_POINT('',(-27.094293136514,38.1881752502673,1.89188032525009));
#4891=CARTESIAN_POINT('',(-27.094293136514,38.1881752502673,1.89188032525009));
#4892=CARTESIAN_POINT('',(-27.094293136514,40.045000001096,1.89188032525009));
#4893=CARTESIAN_POINT('',(-27.094293136514,38.1881752502673,1.89188032525009));
#4894=CARTESIAN_POINT('',(-27.1534320956169,40.4279445224313,1.61365339761121));
#4895=CARTESIAN_POINT('Ctrl Pts',(-27.0942931365139,40.045000001096,1.89188032525009));
#4896=CARTESIAN_POINT('Ctrl Pts',(-27.0942931365139,40.0877560145137,1.89188032525009));
#4897=CARTESIAN_POINT('Ctrl Pts',(-27.0957482131941,40.13035316923,1.8850347276891));
#4898=CARTESIAN_POINT('Ctrl Pts',(-27.1013294716747,40.2112515302401,1.85877697099256));
#4899=CARTESIAN_POINT('Ctrl Pts',(-27.105427985965,40.2493997989174,1.83949497743221));
#4900=CARTESIAN_POINT('Ctrl Pts',(-27.1160030892557,40.3178879448166,1.78974302807994));
#4901=CARTESIAN_POINT('Ctrl Pts',(-27.1224648133646,40.3478967864837,1.75934300610425));
#4902=CARTESIAN_POINT('Ctrl Pts',(-27.1369579029945,40.3967710317969,1.69115838025166));
#4903=CARTESIAN_POINT('Ctrl Pts',(-27.1449794594298,40.4156764916538,1.65341992432146));
#4904=CARTESIAN_POINT('Ctrl Pts',(-27.1534320956169,40.4279445224313,1.61365339761125));
#4905=CARTESIAN_POINT('',(-27.2014835300652,40.4279445224313,1.38758917230198));
#4906=CARTESIAN_POINT('Ctrl Pts',(-27.1534320956169,40.4279445224313,1.6136533976112));
#4907=CARTESIAN_POINT('Ctrl Pts',(-27.1612655232404,40.4393138430848,1.57680001815331));
#4908=CARTESIAN_POINT('Ctrl Pts',(-27.1692714145496,40.4449995527699,1.53913526088011));
#4909=CARTESIAN_POINT('Ctrl Pts',(-27.1856428106428,40.4450004516997,1.46211389788557));
#4910=CARTESIAN_POINT('Ctrl Pts',(-27.1936475519522,40.4393175448274,1.42445455086952));
#4911=CARTESIAN_POINT('Ctrl Pts',(-27.2014835300652,40.4279445224313,1.38758917230197));
#4912=CARTESIAN_POINT('Ctrl Pts',(-27.2014835300652,40.4279445224313,1.38758917230197));
#4913=CARTESIAN_POINT('Ctrl Pts',(-27.209941037769,40.4156694212068,1.34779972690774));
#4914=CARTESIAN_POINT('Ctrl Pts',(-27.2179794617593,40.3966366539926,1.30998191537015));
#4915=CARTESIAN_POINT('Ctrl Pts',(-27.2324757654179,40.3477015113717,1.24178216870189));
#4916=CARTESIAN_POINT('Ctrl Pts',(-27.2389425779341,40.317699907458,1.21135820778666));
#4917=CARTESIAN_POINT('Ctrl Pts',(-27.249474432299,40.2494786011684,1.16180972863277));
#4918=CARTESIAN_POINT('Ctrl Pts',(-27.2535610883117,40.2111955986042,1.14258352374762));
#4919=CARTESIAN_POINT('Ctrl Pts',(-27.2591377506497,40.1304176835093,1.11634739020166));
#4920=CARTESIAN_POINT('Ctrl Pts',(-27.2606224891682,40.0877084266911,1.10936224466305));
#4921=CARTESIAN_POINT('Ctrl Pts',(-27.2606224891682,40.045000001096,1.10936224466305));
#4922=CARTESIAN_POINT('Origin',(-25.9567424848984,40.045000001096,4.24239280198442));
#4923=CARTESIAN_POINT('',(-25.7216283839814,38.1881752502673,4.5659995997344));
#4924=CARTESIAN_POINT('',(-25.7216283839814,38.1881752502673,4.5659995997344));
#4925=CARTESIAN_POINT('',(-25.7216283839814,40.045000001096,4.5659995997344));
#4926=CARTESIAN_POINT('',(-25.7216283839814,38.1881752502673,4.5659995997344));
#4927=CARTESIAN_POINT('',(-25.8888195980076,40.4279445224348,4.33588063548715));
#4928=CARTESIAN_POINT('Ctrl Pts',(-25.7216283839814,40.045000001096,4.5659995997344));
#4929=CARTESIAN_POINT('Ctrl Pts',(-25.7216283839814,40.0877689773014,4.5659995997344));
#4930=CARTESIAN_POINT('Ctrl Pts',(-25.7257521346513,40.1303897017909,4.56032374386776));
#4931=CARTESIAN_POINT('Ctrl Pts',(-25.7415355514198,40.2112743915052,4.53859973438446));
#4932=CARTESIAN_POINT('Ctrl Pts',(-25.7531168002772,40.2494200219756,4.52265951289767));
#4933=CARTESIAN_POINT('Ctrl Pts',(-25.7830199091882,40.3179242771336,4.48150141442678));
#4934=CARTESIAN_POINT('Ctrl Pts',(-25.8013209938418,40.3479245873762,4.45631213232741));
#4935=CARTESIAN_POINT('Ctrl Pts',(-25.8422583719855,40.3967477556713,4.39996666517884));
#4936=CARTESIAN_POINT('Ctrl Pts',(-25.8649392316732,40.4156847081958,4.36874913996405));
#4937=CARTESIAN_POINT('Ctrl Pts',(-25.8888195980075,40.4279445224348,4.33588063548719));
#4938=CARTESIAN_POINT('',(-26.0246653717961,40.4279445224313,4.14890496847218));
#4939=CARTESIAN_POINT('Ctrl Pts',(-25.8888195980076,40.4279445224348,4.33588063548715));
#4940=CARTESIAN_POINT('Ctrl Pts',(-25.9109654100765,40.4393138430866,4.30539954014136));
#4941=CARTESIAN_POINT('Ctrl Pts',(-25.9335987926507,40.4449995527705,4.27424736157879));
#4942=CARTESIAN_POINT('Ctrl Pts',(-25.9798822178144,40.4450004516991,4.21054369196608));
#4943=CARTESIAN_POINT('Ctrl Pts',(-26.0025123492616,40.4393175448268,4.17939598817245));
#4944=CARTESIAN_POINT('Ctrl Pts',(-26.0246653717961,40.4279445224313,4.14890496847219));
#4945=CARTESIAN_POINT('Ctrl Pts',(-26.0246653717961,40.4279445224313,4.14890496847218));
#4946=CARTESIAN_POINT('Ctrl Pts',(-26.0485881808328,40.4156629187577,4.11597804662718));
#4947=CARTESIAN_POINT('Ctrl Pts',(-26.0713209794362,40.3966242656247,4.08468903362774));
#4948=CARTESIAN_POINT('Ctrl Pts',(-26.1123005755694,40.347677388019,4.02828545840175));
#4949=CARTESIAN_POINT('Ctrl Pts',(-26.1305716255662,40.3176856874918,4.00313751550817));
#4950=CARTESIAN_POINT('Ctrl Pts',(-26.16033423138,40.2494920601139,3.96217280296004));
#4951=CARTESIAN_POINT('Ctrl Pts',(-26.1718855775594,40.2112295911901,3.94627373893147));
#4952=CARTESIAN_POINT('Ctrl Pts',(-26.1876583890963,40.1304516412962,3.92456432629718));
#4953=CARTESIAN_POINT('Ctrl Pts',(-26.1918565858154,40.0877297658124,3.91878600423444));
#4954=CARTESIAN_POINT('Ctrl Pts',(-26.1918565858154,40.045000001096,3.91878600423444));
#4955=CARTESIAN_POINT('Origin',(-25.9567424848983,40.045000001096,-4.2423928019845));
#4956=CARTESIAN_POINT('',(-25.7216283839813,40.045000001096,-4.56599959973448));
#4957=CARTESIAN_POINT('',(-25.7216283839813,38.1881752502673,-4.56599959973448));
#4958=CARTESIAN_POINT('',(-25.7216283839813,38.1881752502673,-4.56599959973448));
#4959=CARTESIAN_POINT('',(-26.1918565858153,38.1881752502673,-3.91878600423453));
#4960=CARTESIAN_POINT('',(-26.0246653717891,40.4279445224348,-4.14890496848178));
#4961=CARTESIAN_POINT('Ctrl Pts',(-26.1918565858153,40.045000001096,-3.91878600423453));
#4962=CARTESIAN_POINT('Ctrl Pts',(-26.1918565858153,40.0877689773014,-3.91878600423453));
#4963=CARTESIAN_POINT('Ctrl Pts',(-26.1877328351454,40.1303897017909,-3.92446186010118));
#4964=CARTESIAN_POINT('Ctrl Pts',(-26.171949418377,40.2112743915053,-3.94618586958448));
#4965=CARTESIAN_POINT('Ctrl Pts',(-26.1603681695738,40.2494200219756,-3.96212609111073));
#4966=CARTESIAN_POINT('Ctrl Pts',(-26.1304650606629,40.3179242771336,-4.00328418958159));
#4967=CARTESIAN_POINT('Ctrl Pts',(-26.112163975955,40.3479245873761,-4.02847347164146));
#4968=CARTESIAN_POINT('Ctrl Pts',(-26.0712265978112,40.3967477556713,-4.08481893879007));
#4969=CARTESIAN_POINT('Ctrl Pts',(-26.0485457381235,40.4156847081958,-4.11603646400487));
#4970=CARTESIAN_POINT('Ctrl Pts',(-26.0246653717892,40.4279445224348,-4.14890496848174));
#4971=CARTESIAN_POINT('',(-25.8888195980006,40.4279445224313,-4.33588063549675));
#4972=CARTESIAN_POINT('Ctrl Pts',(-26.0246653717891,40.4279445224348,-4.14890496848178));
#4973=CARTESIAN_POINT('Ctrl Pts',(-26.0025195597203,40.4393138430865,-4.17938606382743));
#4974=CARTESIAN_POINT('Ctrl Pts',(-25.9798861771571,40.4449995527705,-4.21053824239836));
#4975=CARTESIAN_POINT('Ctrl Pts',(-25.9336027519936,40.4450004516991,-4.27424191201087));
#4976=CARTESIAN_POINT('Ctrl Pts',(-25.910972620535,40.4393175448268,-4.30538961579663));
#4977=CARTESIAN_POINT('Ctrl Pts',(-25.8888195980006,40.4279445224313,-4.33588063549675));
#4978=CARTESIAN_POINT('Ctrl Pts',(-25.8888195980006,40.4279445224313,-4.33588063549675));
#4979=CARTESIAN_POINT('Ctrl Pts',(-25.8648967890015,40.415662918777,-4.36880755729));
#4980=CARTESIAN_POINT('Ctrl Pts',(-25.842163990432,40.3966242656846,-4.40009657024276));
#4981=CARTESIAN_POINT('Ctrl Pts',(-25.8011843943427,40.3476773881826,-4.45650014540826));
#4982=CARTESIAN_POINT('Ctrl Pts',(-25.7829133443548,40.3176856877236,-4.48164808826964));
#4983=CARTESIAN_POINT('Ctrl Pts',(-25.7531507385038,40.2494920604098,-4.52261280086904));
#4984=CARTESIAN_POINT('Ctrl Pts',(-25.7415993922989,40.211229591439,-4.53851186495259));
#4985=CARTESIAN_POINT('Ctrl Pts',(-25.7258265807137,40.1304516414316,-4.56022127765342));
#4986=CARTESIAN_POINT('Ctrl Pts',(-25.7216283839813,40.08772976588,-4.56599959973448));
#4987=CARTESIAN_POINT('Ctrl Pts',(-25.7216283839813,40.045000001096,-4.56599959973447));
#4988=CARTESIAN_POINT('Origin',(-27.177457812841,40.045000001096,-1.50062128495667));
#4989=CARTESIAN_POINT('',(-27.0942931365139,40.045000001096,-1.89188032525019));
#4990=CARTESIAN_POINT('',(-27.0942931365139,38.1881752502673,-1.89188032525019));
#4991=CARTESIAN_POINT('',(-27.0942931365139,38.1881752502673,-1.89188032525019));
#4992=CARTESIAN_POINT('',(-27.2606224891681,38.1881752502673,-1.10936224466315));
#4993=CARTESIAN_POINT('',(-27.2606224891681,38.1881752502673,-1.10936224466315));
#4994=CARTESIAN_POINT('',(-27.2606224891681,40.045000001096,-1.10936224466315));
#4995=CARTESIAN_POINT('',(-27.2606224891681,38.1881752502673,-1.10936224466315));
#4996=CARTESIAN_POINT('',(-27.2014835300627,40.4279445224349,-1.38758917231372));
#4997=CARTESIAN_POINT('Ctrl Pts',(-27.2606224891681,40.045000001096,-1.10936224466315));
#4998=CARTESIAN_POINT('Ctrl Pts',(-27.2606224891681,40.0877560145148,-1.10936224466315));
#4999=CARTESIAN_POINT('Ctrl Pts',(-27.2591674124879,40.130353169232,-1.11620784222438));
#5000=CARTESIAN_POINT('Ctrl Pts',(-27.2535861540071,40.2112515302439,-1.14246559892218));
#5001=CARTESIAN_POINT('Ctrl Pts',(-27.2494876397873,40.2493997989219,-1.16174759249853));
#5002=CARTESIAN_POINT('Ctrl Pts',(-27.2389125364961,40.3178879448221,-1.21149954185315));
#5003=CARTESIAN_POINT('Ctrl Pts',(-27.2324508123163,40.3478967864893,-1.24189956381499));
#5004=CARTESIAN_POINT('Ctrl Pts',(-27.2179577226857,40.3967710318022,-1.3100841896705));
#5005=CARTESIAN_POINT('Ctrl Pts',(-27.2099361662501,40.4156764916583,-1.34782264560209));
#5006=CARTESIAN_POINT('Ctrl Pts',(-27.2014835300627,40.4279445224349,-1.38758917231368));
#5007=CARTESIAN_POINT('',(-27.1534320956169,40.4279445224313,-1.61365339761126));
#5008=CARTESIAN_POINT('Ctrl Pts',(-27.2014835300627,40.4279445224349,-1.38758917231372));
#5009=CARTESIAN_POINT('Ctrl Pts',(-27.1936501024396,40.4393138430865,-1.42444255176968));
#5010=CARTESIAN_POINT('Ctrl Pts',(-27.1856442111443,40.4449995527705,-1.46210730904409));
#5011=CARTESIAN_POINT('Ctrl Pts',(-27.169272815052,40.4450004516991,-1.5391286720345));
#5012=CARTESIAN_POINT('Ctrl Pts',(-27.1612680737294,40.4393175448268,-1.57678801904583));
#5013=CARTESIAN_POINT('Ctrl Pts',(-27.1534320956169,40.4279445224313,-1.61365339761127));
#5014=CARTESIAN_POINT('Ctrl Pts',(-27.1534320956169,40.4279445224313,-1.61365339761126));
#5015=CARTESIAN_POINT('Ctrl Pts',(-27.1449745879002,40.4156694211881,-1.65344284306606));
#5016=CARTESIAN_POINT('Ctrl Pts',(-27.1369361638983,40.3966366539347,-1.6912606546583));
#5017=CARTESIAN_POINT('Ctrl Pts',(-27.1224398602247,40.3477015112134,-1.75946040139742));
#5018=CARTESIAN_POINT('Ctrl Pts',(-27.1159730476863,40.3176999072335,-1.78988436233903));
#5019=CARTESIAN_POINT('Ctrl Pts',(-27.1054411933341,40.2494786008817,-1.83943284143281));
#5020=CARTESIAN_POINT('Ctrl Pts',(-27.1013545373493,40.211195598363,-1.85865904626497));
#5021=CARTESIAN_POINT('Ctrl Pts',(-27.0957778750278,40.1304176833782,-1.88489517973299));
#5022=CARTESIAN_POINT('Ctrl Pts',(-27.0942931365139,40.0877084266256,-1.89188032525019));
#5023=CARTESIAN_POINT('Ctrl Pts',(-27.0942931365139,40.045000001096,-1.89188032525019));
#5024=CARTESIAN_POINT('Ctrl Pts',(-13.6865739606836,40.0303644168314,3.30082009303292));
#5025=CARTESIAN_POINT('Ctrl Pts',(-13.4872228022196,40.0273028902699,3.51782984173654));
#5026=CARTESIAN_POINT('Ctrl Pts',(-13.635357831166,40.0169935989828,3.77236620412727));
#5027=CARTESIAN_POINT('Ctrl Pts',(-13.6879961058252,40.1213297012542,3.30401429329837));
#5028=CARTESIAN_POINT('Ctrl Pts',(-13.4892433683526,40.1372839713138,3.52179107134871));
#5029=CARTESIAN_POINT('Ctrl Pts',(-13.6388078510342,40.1909955123286,3.7781599120543));
#5030=CARTESIAN_POINT('Ctrl Pts',(-13.6760637848533,40.2130093584087,3.27721385208863));
#5031=CARTESIAN_POINT('Ctrl Pts',(-13.4722677758026,40.2483401406265,3.48857602155626));
#5032=CARTESIAN_POINT('Ctrl Pts',(-13.6098313237839,40.3676093616294,3.72968213480847));
#5033=CARTESIAN_POINT('Ctrl Pts',(-13.6324324698518,40.3563409989341,3.17921631592612));
#5034=CARTESIAN_POINT('Ctrl Pts',(-13.4114745898024,40.4228892972572,3.36481371865195));
#5035=CARTESIAN_POINT('Ctrl Pts',(-13.5060842460072,40.6486851122996,3.54251937671214));
#5036=CARTESIAN_POINT('Ctrl Pts',(-13.6004284389194,40.4093179692152,3.10733408830308));
#5037=CARTESIAN_POINT('Ctrl Pts',(-13.3673702334599,40.4879326974969,3.2731763821199));
#5038=CARTESIAN_POINT('Ctrl Pts',(-13.4309185958186,40.7552558819957,3.40159504097789));
#5039=CARTESIAN_POINT('Ctrl Pts',(-13.5653850781793,40.4318261599841,3.02862540698179));
#5040=CARTESIAN_POINT('Ctrl Pts',(-13.3205682624111,40.5156520513709,3.17122093002065));
#5041=CARTESIAN_POINT('Ctrl Pts',(-13.3540870081067,40.8007468260613,3.24113679973785));
#5042=CARTESIAN_POINT('Origin',(-13.7264886956227,40.7928938821519,3.09254386124812));
#5043=CARTESIAN_POINT('Origin',(-13.9813325553641,40.045000001096,3.57160298094184));
#5044=CARTESIAN_POINT('Origin',(-13.9813325553641,41.792893882152,3.57160298094182));
#5045=CARTESIAN_POINT('Ctrl Pts',(-13.6866880744952,38.1881752502673,3.30107640203784));
#5046=CARTESIAN_POINT('Ctrl Pts',(-13.6549604350544,38.1735032071318,3.33563261418572));
#5047=CARTESIAN_POINT('Ctrl Pts',(-13.6310512361534,38.1522462284341,3.37383934577097));
#5048=CARTESIAN_POINT('Ctrl Pts',(-13.595006365189,38.098903329036,3.4572079993521));
#5049=CARTESIAN_POINT('Ctrl Pts',(-13.5848823428389,38.0657518441728,3.50260529165692));
#5050=CARTESIAN_POINT('Ctrl Pts',(-13.5795077858399,37.9975825056609,3.58804101889033));
#5051=CARTESIAN_POINT('Ctrl Pts',(-13.583453820275,37.9624017095406,3.62868121101439));
#5052=CARTESIAN_POINT('Ctrl Pts',(-13.6050558205896,37.8807423516022,3.71654485459305));
#5053=CARTESIAN_POINT('Ctrl Pts',(-13.6236145654524,37.8435548241164,3.7519479328581));
#5054=CARTESIAN_POINT('Ctrl Pts',(-13.6348299558558,37.8226787759238,3.77144326219355));
#5055=CARTESIAN_POINT('Ctrl Pts',(-13.6354093452686,37.8215992694476,3.77244454123347));
#5056=CARTESIAN_POINT('Ctrl Pts',(-13.6356281505616,37.821194893047,3.77282046877365));
#5057=CARTESIAN_POINT('Ctrl Pts',(-13.5801833424077,40.4204106442586,3.06186284480241));
#5058=CARTESIAN_POINT('Ctrl Pts',(-13.3475450237883,40.4988022475949,3.21277240335621));
#5059=CARTESIAN_POINT('Ctrl Pts',(-13.386994073593,40.7676668004309,3.3084450944666));
#5060=CARTESIAN_POINT('Ctrl Pts',(-13.5618805323629,40.4368576360769,3.02075407411436));
#5061=CARTESIAN_POINT('Ctrl Pts',(-13.3061882789865,40.5257876633769,3.1614556933695));
#5062=CARTESIAN_POINT('Ctrl Pts',(-13.3454003507931,40.823117813888,3.22593817145239));
#5063=CARTESIAN_POINT('Ctrl Pts',(-13.543134165824,40.4450242319718,2.97864904082045));
#5064=CARTESIAN_POINT('Ctrl Pts',(-13.2755102757781,40.5377322322839,3.11194601042925));
#5065=CARTESIAN_POINT('Ctrl Pts',(-13.307017361575,40.8499949983865,3.13865611039716));
#5066=CARTESIAN_POINT('Ctrl Pts',(-13.5046854930619,40.4449756628061,2.89229190005559));
#5067=CARTESIAN_POINT('Ctrl Pts',(-13.2265513396901,40.5376573564065,3.00186252800687));
#5068=CARTESIAN_POINT('Ctrl Pts',(-13.2276076725737,40.8498341090489,2.96029444784521));
#5069=CARTESIAN_POINT('Ctrl Pts',(-13.486012022458,40.4367525363983,2.85035059428162));
#5070=CARTESIAN_POINT('Ctrl Pts',(-13.2104147660365,40.5256162736136,2.94608016553063));
#5071=CARTESIAN_POINT('Ctrl Pts',(-13.1886035006458,40.822765862713,2.8737025895103));
#5072=CARTESIAN_POINT('Ctrl Pts',(-13.4678814673596,40.420479532371,2.80962871456909));
#5073=CARTESIAN_POINT('Ctrl Pts',(-13.2000331801769,40.4989096625196,2.88162176989743));
#5074=CARTESIAN_POINT('Ctrl Pts',(-13.1554329930878,40.767897281934,2.78838939694974));
#5075=CARTESIAN_POINT('Origin',(-13.5429004524228,40.7928938821587,2.68019791576634));
#5076=CARTESIAN_POINT('Ctrl Pts',(-13.2083129085236,38.1881752502673,2.22662818754313));
#5077=CARTESIAN_POINT('Ctrl Pts',(-12.9774054887765,38.0838325339313,2.29519623738691));
#5078=CARTESIAN_POINT('Ctrl Pts',(-12.9735932836721,37.8216295381902,2.28326843278134));
#5079=CARTESIAN_POINT('Ctrl Pts',(-13.312982417462,38.1881752502674,2.46171975372465));
#5080=CARTESIAN_POINT('Ctrl Pts',(-13.0614065561497,38.0934400541467,2.55648513828065));
#5081=CARTESIAN_POINT('Ctrl Pts',(-13.0568444276625,37.8092662498532,2.54374848344324));
#5082=CARTESIAN_POINT('Ctrl Pts',(-13.4185026053851,38.1881752502673,2.69872197619001));
#5083=CARTESIAN_POINT('Ctrl Pts',(-13.1559073294941,38.101319478887,2.803274031743));
#5084=CARTESIAN_POINT('Ctrl Pts',(-13.1545577228785,37.8058476548038,2.80024323016418));
#5085=CARTESIAN_POINT('Ctrl Pts',(-13.6296484988678,38.1881752502674,3.17296341761049));
#5086=CARTESIAN_POINT('Ctrl Pts',(-13.3762601531184,38.1013122218055,3.29815716094268));
#5087=CARTESIAN_POINT('Ctrl Pts',(-13.3776134078001,37.8058521958629,3.30119615558853));
#5088=CARTESIAN_POINT('Ctrl Pts',(-13.7348628229936,38.1881752502676,3.40927865873752));
#5089=CARTESIAN_POINT('Ctrl Pts',(-13.4960532227207,38.0934532329718,3.53281878084118));
#5090=CARTESIAN_POINT('Ctrl Pts',(-13.5024698528653,37.8092491805952,3.54473992950403));
#5091=CARTESIAN_POINT('Ctrl Pts',(-13.8396814844367,38.1881752502673,3.64470522693141));
#5092=CARTESIAN_POINT('Ctrl Pts',(-13.6342204314153,38.0838318571672,3.77042163674814));
#5093=CARTESIAN_POINT('Ctrl Pts',(-13.6405338923649,37.8216304310438,3.78123625829612));
#5094=CARTESIAN_POINT('Ctrl Pts',(-13.3612987600346,38.1881752502673,2.57024003592375));
#5095=CARTESIAN_POINT('Ctrl Pts',(-13.314389843202,38.1735022308065,2.57069563530096));
#5096=CARTESIAN_POINT('Ctrl Pts',(-13.2699997069516,38.1522444370415,2.56289879115402));
#5097=CARTESIAN_POINT('Ctrl Pts',(-13.1839273330444,38.0988996127868,2.53390226113392));
#5098=CARTESIAN_POINT('Ctrl Pts',(-13.1434162244734,38.0657466822542,2.51104975263306));
#5099=CARTESIAN_POINT('Ctrl Pts',(-13.0763284516717,37.9975758507182,2.45787716770184));
#5100=CARTESIAN_POINT('Ctrl Pts',(-13.0487666822913,37.9623946504,2.42775127421179));
#5101=CARTESIAN_POINT('Ctrl Pts',(-12.9988499663415,37.8822233526104,2.35426762232581));
#5102=CARTESIAN_POINT('Ctrl Pts',(-12.9847183851666,37.8456673741112,2.31752214121877));
#5103=CARTESIAN_POINT('Ctrl Pts',(-12.9770218131433,37.8225898397514,2.29396049421835));
#5104=CARTESIAN_POINT('Ctrl Pts',(-12.9767210673648,37.8216857947661,2.29303178342298));
#5105=CARTESIAN_POINT('Ctrl Pts',(-12.9765593678352,37.8211940686736,2.29252810786976));
#5106=CARTESIAN_POINT('Ctrl Pts',(-13.4769920257435,40.4279445212758,2.83009135552873));
#5107=CARTESIAN_POINT('Ctrl Pts',(-13.2057287231555,40.5108704761524,2.91271829879641));
#5108=CARTESIAN_POINT('Ctrl Pts',(-13.172495422548,40.792893882159,2.83119498144441));
#5109=CARTESIAN_POINT('Ctrl Pts',(-13.4442349785446,40.4036419013309,2.75651781503369));
#5110=CARTESIAN_POINT('Ctrl Pts',(-13.1643780032779,40.4809640280505,2.81643979709256));
#5111=CARTESIAN_POINT('Ctrl Pts',(-13.1098338497181,40.7438403923795,2.67748231390339));
#5112=CARTESIAN_POINT('Ctrl Pts',(-13.4145101364714,40.3529217392624,2.6897547297497));
#5113=CARTESIAN_POINT('Ctrl Pts',(-13.1285604443009,40.4187209650317,2.7290488537702));
#5114=CARTESIAN_POINT('Ctrl Pts',(-13.0593591899187,40.6419692888564,2.53806370651869));
#5115=CARTESIAN_POINT('Ctrl Pts',(-13.3729520508044,40.2163785567679,2.59641375108208));
#5116=CARTESIAN_POINT('Ctrl Pts',(-13.0797036989087,40.2524400564946,2.6071403980444));
#5117=CARTESIAN_POINT('Ctrl Pts',(-12.9930030123723,40.3742115344446,2.34534642173126));
#5118=CARTESIAN_POINT('Ctrl Pts',(-13.3612987558247,40.1314483031659,2.57024003596464));
#5119=CARTESIAN_POINT('Ctrl Pts',(-13.0666336119751,40.1495408470593,2.5731019273798));
#5120=CARTESIAN_POINT('Ctrl Pts',(-12.9765589880789,40.2105053871395,2.29252696914015));
#5121=CARTESIAN_POINT('Ctrl Pts',(-13.3612987641568,40.045000001096,2.57024003588372));
#5122=CARTESIAN_POINT('Ctrl Pts',(-13.066633621658,40.045000001096,2.57310195227272));
#5123=CARTESIAN_POINT('Ctrl Pts',(-12.9765590005291,40.045000001096,2.29252700792149));
#5124=CARTESIAN_POINT('Origin',(-13.3574139729121,40.045000001096,2.17025890083234));
#5125=CARTESIAN_POINT('Origin',(-13.3574139729121,41.792893882152,2.17025890083234));
#5126=CARTESIAN_POINT('Ctrl Pts',(-15.5853374691317,40.045000001096,5.63136670325131));
#5127=CARTESIAN_POINT('Ctrl Pts',(-15.4915590905424,40.045000001096,5.9107255251261));
#5128=CARTESIAN_POINT('Ctrl Pts',(-15.7305671294459,40.045000001096,6.08309400539322));
#5129=CARTESIAN_POINT('Ctrl Pts',(-15.5853374680668,40.1311038476079,5.63136670642379));
#5130=CARTESIAN_POINT('Ctrl Pts',(-15.4915590988483,40.1491211020249,5.91072553192105));
#5131=CARTESIAN_POINT('Ctrl Pts',(-15.7305671427321,40.2098290602331,6.08309401497496));
#5132=CARTESIAN_POINT('Ctrl Pts',(-15.5637886822748,40.2168520645804,5.61196408791102));
#5133=CARTESIAN_POINT('Ctrl Pts',(-15.4628840572434,40.2530163205358,5.88749202725902));
#5134=CARTESIAN_POINT('Ctrl Pts',(-15.6848631180911,40.3751394914941,6.05071797144784));
#5135=CARTESIAN_POINT('Ctrl Pts',(-15.4883447864034,40.3524982927623,5.54403409989576));
#5136=CARTESIAN_POINT('Ctrl Pts',(-15.362685963798,40.4182051626936,5.80389343336012));
#5137=CARTESIAN_POINT('Ctrl Pts',(-15.5231260762703,40.641139499334,5.92884111101042));
#5138=CARTESIAN_POINT('Ctrl Pts',(-15.4339505085293,40.4035830092904,5.49505727349114));
#5139=CARTESIAN_POINT('Ctrl Pts',(-15.2905314430061,40.4808897582902,5.74274116634188));
#5140=CARTESIAN_POINT('Ctrl Pts',(-15.4059540398586,40.7437178295119,5.83765201563073));
#5141=CARTESIAN_POINT('Ctrl Pts',(-15.373955361717,40.4279445219644,5.44103739876096));
#5142=CARTESIAN_POINT('Ctrl Pts',(-15.2115475002428,40.5108704779671,5.67349099908447));
#5143=CARTESIAN_POINT('Ctrl Pts',(-15.2788111273467,40.7928938821519,5.73028983632406));
#5144=CARTESIAN_POINT('Origin',(-15.5368793196328,40.7928938821519,5.42467437838683));
#5145=CARTESIAN_POINT('Origin',(-15.9645416682867,40.045000001096,5.7586623251056));
#5146=CARTESIAN_POINT('Origin',(-15.9645416682867,41.792893882152,5.75866232510558));
#5147=CARTESIAN_POINT('Ctrl Pts',(-15.5853374686032,38.1881752502672,5.63136670482586));
#5148=CARTESIAN_POINT('Ctrl Pts',(-15.5704081054367,38.1735032071317,5.67584016902594));
#5149=CARTESIAN_POINT('Ctrl Pts',(-15.5641060431327,38.152246228434,5.72046850241685));
#5150=CARTESIAN_POINT('Ctrl Pts',(-15.5650865012873,38.0989033290364,5.81129032702177));
#5151=CARTESIAN_POINT('Ctrl Pts',(-15.5743024889332,38.0657518441734,5.85688062806127));
#5152=CARTESIAN_POINT('Ctrl Pts',(-15.6041424276937,37.9975825056618,5.93711607786759));
#5153=CARTESIAN_POINT('Ctrl Pts',(-15.6242771648462,37.9624017095416,5.9726377439806));
#5154=CARTESIAN_POINT('Ctrl Pts',(-15.6797489379074,37.8807423510727,6.04411885183622));
#5155=CARTESIAN_POINT('Ctrl Pts',(-15.7111029244874,37.8435548233504,6.06891265160572));
#5156=CARTESIAN_POINT('Ctrl Pts',(-15.729278157534,37.8226787759914,6.08216081039581));
#5157=CARTESIAN_POINT('Ctrl Pts',(-15.7302147130927,37.8215992693804,6.08283986549455));
#5158=CARTESIAN_POINT('Ctrl Pts',(-15.7305675051212,37.8211948930471,6.08309429621855));
#5159=CARTESIAN_POINT('Ctrl Pts',(-15.3907436351391,40.4204106442587,5.45615362340764));
#5160=CARTESIAN_POINT('Ctrl Pts',(-15.239598403145,40.4988022475956,5.68863889390555));
#5161=CARTESIAN_POINT('Ctrl Pts',(-15.3145504926186,40.7676668004308,5.75999487219963));
#5162=CARTESIAN_POINT('Ctrl Pts',(-15.35730274277,40.4368576360769,5.42604331619289));
#5163=CARTESIAN_POINT('Ctrl Pts',(-15.1809447504346,40.5257876633757,5.65858005014497));
#5164=CARTESIAN_POINT('Ctrl Pts',(-15.2429941471911,40.8231178138881,5.7015387386407));
#5165=CARTESIAN_POINT('Ctrl Pts',(-15.3230514248724,40.4450242319719,5.39520328847915));
#5166=CARTESIAN_POINT('Ctrl Pts',(-15.1327815977152,40.5377322322842,5.62582857222696));
#5167=CARTESIAN_POINT('Ctrl Pts',(-15.1724287292257,40.8499949983865,5.63741437641571));
#5168=CARTESIAN_POINT('Ctrl Pts',(-15.252802200978,40.4449756628061,5.33195059888843));
#5169=CARTESIAN_POINT('Ctrl Pts',(-15.0432803979425,40.5376573564061,5.54517570021158));
#5170=CARTESIAN_POINT('Ctrl Pts',(-15.027338144666,40.8498341090489,5.50677172010589));
#5171=CARTESIAN_POINT('Ctrl Pts',(-15.2186840708124,40.4367525363983,5.30123049425911));
#5172=CARTESIAN_POINT('Ctrl Pts',(-15.0058501735224,40.5256162736144,5.50077931215347));
#5173=CARTESIAN_POINT('Ctrl Pts',(-14.9564859787947,40.8227658627146,5.44353054721058));
#5174=CARTESIAN_POINT('Ctrl Pts',(-15.1855579039041,40.420479532371,5.27140356713871));
#5175=CARTESIAN_POINT('Ctrl Pts',(-14.97014853146,40.4989096625191,5.44611620899811));
#5176=CARTESIAN_POINT('Ctrl Pts',(-14.8914832107361,40.767897281933,5.37908472856401));
#5177=CARTESIAN_POINT('Origin',(-15.2014469083297,40.7928938821587,5.12264967866192));
#5178=CARTESIAN_POINT('Ctrl Pts',(-14.7113025487585,38.1881752502673,4.84438212813996));
#5179=CARTESIAN_POINT('Ctrl Pts',(-14.5282472627282,38.0838325339313,5.00094066738342));
#5180=CARTESIAN_POINT('Ctrl Pts',(-14.519913164867,37.8216295381902,4.9915946391732));
#5181=CARTESIAN_POINT('Ctrl Pts',(-14.9025432576469,38.1881752502674,5.01657603585726));
#5182=CARTESIAN_POINT('Ctrl Pts',(-14.7112618266858,38.0934400541467,5.20547364377009));
#5183=CARTESIAN_POINT('Ctrl Pts',(-14.7019136506975,37.8092662498533,5.19569371542316));
#5184=CARTESIAN_POINT('Ctrl Pts',(-15.0953382343807,38.1881752502673,5.19016941262893));
#5185=CARTESIAN_POINT('Ctrl Pts',(-14.8979706649944,38.101319478887,5.39248958906992));
#5186=CARTESIAN_POINT('Ctrl Pts',(-14.895504999941,37.8058476548038,5.39026974851893));
#5187=CARTESIAN_POINT('Ctrl Pts',(-15.4811209781626,38.1881752502673,5.53752975535034));
#5188=CARTESIAN_POINT('Ctrl Pts',(-15.3005600887806,38.1013122218055,5.75496225604155));
#5189=CARTESIAN_POINT('Ctrl Pts',(-15.3030324189289,37.8058521958629,5.75718809752946));
#5190=CARTESIAN_POINT('Ctrl Pts',(-15.6733571139295,38.1881752502671,5.71061994945585));
#5191=CARTESIAN_POINT('Ctrl Pts',(-15.5054419829079,38.0934532329718,5.92061208199033));
#5192=CARTESIAN_POINT('Ctrl Pts',(-15.5161526342196,37.8092491805988,5.92889271459452));
#5193=CARTESIAN_POINT('Ctrl Pts',(-15.8648703380058,38.1881752502673,5.88305923094996));
#5194=CARTESIAN_POINT('Ctrl Pts',(-15.728305796804,38.0838318571672,6.08147542507793));
#5195=CARTESIAN_POINT('Ctrl Pts',(-15.7384721332412,37.8216304310438,6.08878715755634));
#5196=CARTESIAN_POINT('Ctrl Pts',(-14.9908216082213,38.1881752502673,5.0960622197386));
#5197=CARTESIAN_POINT('Ctrl Pts',(-14.9481534892872,38.1735022308065,5.11555800584296));
#5198=CARTESIAN_POINT('Ctrl Pts',(-14.9044298197366,38.1522444370415,5.12649032929275));
#5199=CARTESIAN_POINT('Ctrl Pts',(-14.8140048422438,38.0988996127869,5.13500946943006));
#5200=CARTESIAN_POINT('Ctrl Pts',(-14.7677011504312,38.0657466822543,5.13061001640076));
#5201=CARTESIAN_POINT('Ctrl Pts',(-14.6847861816263,37.9975758507185,5.10932149846647));
#5202=CARTESIAN_POINT('Ctrl Pts',(-14.6473539476164,37.9623946504003,5.0930105068662));
#5203=CARTESIAN_POINT('Ctrl Pts',(-14.5718642649989,37.8822233530226,5.04618280819419));
#5204=CARTESIAN_POINT('Ctrl Pts',(-14.5440086895976,37.8456673746784,5.01836197294379));
#5205=CARTESIAN_POINT('Ctrl Pts',(-14.5273941355321,37.8225898397019,4.99996781472407));
#5206=CARTESIAN_POINT('Ctrl Pts',(-14.5267416499527,37.8216857948157,4.99924171960363));
#5207=CARTESIAN_POINT('Ctrl Pts',(-14.5263890667426,37.8211940686737,4.99884735817392));
#5208=CARTESIAN_POINT('Ctrl Pts',(-15.2022037190247,40.4279445212757,5.28639152190506));
#5209=CARTESIAN_POINT('Ctrl Pts',(-14.9879997666525,40.5108704761523,5.47220771569064));
#5210=CARTESIAN_POINT('Ctrl Pts',(-14.9244811154077,40.792893882159,5.41124966055919));
#5211=CARTESIAN_POINT('Ctrl Pts',(-15.1423536124704,40.4036419013307,5.23250223959772));
#5212=CARTESIAN_POINT('Ctrl Pts',(-14.9110640097546,40.4809640280496,5.40107178078255));
#5213=CARTESIAN_POINT('Ctrl Pts',(-14.8047163457866,40.7438403923788,5.29631290912785));
#5214=CARTESIAN_POINT('Ctrl Pts',(-15.0880436248254,40.3529217392623,5.18360130877929));
#5215=CARTESIAN_POINT('Ctrl Pts',(-14.8427979425252,40.4187209650316,5.33580449517258));
#5216=CARTESIAN_POINT('Ctrl Pts',(-14.7018987932505,40.6419692888564,5.1894775673276));
#5217=CARTESIAN_POINT('Ctrl Pts',(-15.0121132281112,40.2163785567679,5.11523327796254));
#5218=CARTESIAN_POINT('Ctrl Pts',(-14.7485804486525,40.2524400564946,5.24430740780848));
#5219=CARTESIAN_POINT('Ctrl Pts',(-14.5628942271896,40.3742115344446,5.04041105610357));
#5220=CARTESIAN_POINT('Ctrl Pts',(-14.9908216043918,40.1314483031659,5.09606222148839));
#5221=CARTESIAN_POINT('Ctrl Pts',(-14.7227956368087,40.1495408470593,5.21852780083229));
#5222=CARTESIAN_POINT('Ctrl Pts',(-14.5263882566541,40.2105053871395,4.99884647235259));
#5223=CARTESIAN_POINT('Ctrl Pts',(-14.9908216119711,40.045000001096,5.09606221802526));
#5224=CARTESIAN_POINT('Ctrl Pts',(-14.7227956557805,40.045000001096,5.21852781963424));
#5225=CARTESIAN_POINT('Ctrl Pts',(-14.5263882838025,40.045000001096,4.99884650271801));
#5226=CARTESIAN_POINT('Origin',(-14.8245856944109,40.045000001096,4.73224135590638));
#5227=CARTESIAN_POINT('Origin',(-14.8245856944109,41.792893882152,4.73224135590638));
#5228=CARTESIAN_POINT('Ctrl Pts',(-18.267654453237,40.045000001096,6.98794254333571));
#5229=CARTESIAN_POINT('Ctrl Pts',(-18.2956091108747,40.045000001096,7.28129262901217));
#5230=CARTESIAN_POINT('Ctrl Pts',(-18.5840623961908,40.045000001096,7.34154574378916));
#5231=CARTESIAN_POINT('Ctrl Pts',(-18.2676544535544,40.1311038476078,6.98794254666667));
#5232=CARTESIAN_POINT('Ctrl Pts',(-18.2956091212263,40.1491211020249,7.28129263184113));
#5233=CARTESIAN_POINT('Ctrl Pts',(-18.5840624122236,40.209829060233,7.34154574713813));
#5234=CARTESIAN_POINT('Ctrl Pts',(-18.2400769022556,40.2168520645807,6.9789820534537));
#5235=CARTESIAN_POINT('Ctrl Pts',(-18.2599632495274,40.2530163205359,7.27173095935458));
#5236=CARTESIAN_POINT('Ctrl Pts',(-18.5291411848582,40.3751394914941,7.33055826119536));
#5237=CARTESIAN_POINT('Ctrl Pts',(-18.1435258585861,40.3524982927622,6.947610718412));
#5238=CARTESIAN_POINT('Ctrl Pts',(-18.1344251249473,40.4182051626938,7.23611407980367));
#5239=CARTESIAN_POINT('Ctrl Pts',(-18.331815259888,40.641139499334,7.28500259040238));
#5240=CARTESIAN_POINT('Ctrl Pts',(-18.0739135431519,40.4035830092904,6.92499230710521));
#5241=CARTESIAN_POINT('Ctrl Pts',(-18.0436358224268,40.4808897582919,7.20959659161379));
#5242=CARTESIAN_POINT('Ctrl Pts',(-18.1876833317208,40.7437178295115,7.24935536728397));
#5243=CARTESIAN_POINT('Ctrl Pts',(-17.9971333867939,40.4279445219644,6.90004492053841));
#5244=CARTESIAN_POINT('Ctrl Pts',(-17.9433138197253,40.5108704779672,7.17845907961157));
#5245=CARTESIAN_POINT('Ctrl Pts',(-18.0278643691199,40.7928938821519,7.20298881748186));
#5246=CARTESIAN_POINT('Origin',(-18.1393163885115,40.7928938821519,6.81882941388285));
#5247=CARTESIAN_POINT('Origin',(-18.6658505208052,40.045000001096,6.94999663745375));
#5248=CARTESIAN_POINT('Origin',(-18.6658505208052,41.792893882152,6.94999663745374));
#5249=CARTESIAN_POINT('Ctrl Pts',(-18.2676544533945,38.1881752502673,6.98794254498874));
#5250=CARTESIAN_POINT('Ctrl Pts',(-18.2721047890229,38.1735032071318,7.03464339525184));
#5251=CARTESIAN_POINT('Ctrl Pts',(-18.2844995471407,38.1522462284341,7.0779766861691));
#5252=CARTESIAN_POINT('Ctrl Pts',(-18.3223358042921,38.0989033290361,7.16054776323338));
#5253=CARTESIAN_POINT('Ctrl Pts',(-18.3492982739452,38.065751844173,7.19844809578284));
#5254=CARTESIAN_POINT('Ctrl Pts',(-18.409193111966,37.9975825056611,7.25960982997428));
#5255=CARTESIAN_POINT('Ctrl Pts',(-18.4420350728637,37.9624017095408,7.28387095130115));
#5256=CARTESIAN_POINT('Ctrl Pts',(-18.5217850452262,37.8807423508646,7.32660979003813));
#5257=CARTESIAN_POINT('Ctrl Pts',(-18.560512884244,37.8435548230504,7.33650723790548));
#5258=CARTESIAN_POINT('Ctrl Pts',(-18.5825052971281,37.822678776017,7.34121749984089));
#5259=CARTESIAN_POINT('Ctrl Pts',(-18.58363707985,37.8215992693545,7.34145691608929));
#5260=CARTESIAN_POINT('Ctrl Pts',(-18.5840628576765,37.821194893047,7.3415458566704));
#5261=CARTESIAN_POINT('Ctrl Pts',(-18.0186185601892,40.4204106442586,6.90702587292597));
#5262=CARTESIAN_POINT('Ctrl Pts',(-17.9751007985433,40.4988022475954,7.1808880400365));
#5263=CARTESIAN_POINT('Ctrl Pts',(-18.0725960304975,40.7676668004307,7.21558920861873));
#5264=CARTESIAN_POINT('Ctrl Pts',(-17.9758218195873,40.4368576360769,6.89312037484563));
#5265=CARTESIAN_POINT('Ctrl Pts',(-17.9092919873299,40.5257876633758,7.17728450966484));
#5266=CARTESIAN_POINT('Ctrl Pts',(-17.983449804636,40.8231178138885,7.19129146106461));
#5267=CARTESIAN_POINT('Ctrl Pts',(-17.9319879143591,40.4450242319718,6.87887787367656));
#5268=CARTESIAN_POINT('Ctrl Pts',(-17.851971531753,40.5377322322841,7.16695426483861));
#5269=CARTESIAN_POINT('Ctrl Pts',(-17.8929033597562,40.8499949983866,7.16141248245019));
#5270=CARTESIAN_POINT('Ctrl Pts',(-17.8420848683378,40.4449756628061,6.84966659992282));
#5271=CARTESIAN_POINT('Ctrl Pts',(-17.7374036388293,40.537657356406,7.12967761750999));
#5272=CARTESIAN_POINT('Ctrl Pts',(-17.707219359815,40.849834109049,7.10107813450969));
#5273=CARTESIAN_POINT('Ctrl Pts',(-17.7984214132703,40.436752536398,6.83547948161115));
#5274=CARTESIAN_POINT('Ctrl Pts',(-17.6851517894882,40.5256162736132,7.10434374269457));
#5275=CARTESIAN_POINT('Ctrl Pts',(-17.6167701831515,40.8227658627146,7.07212262037635));
#5276=CARTESIAN_POINT('Ctrl Pts',(-17.7560274497512,40.4204795323711,6.82170485375244));
#5277=CARTESIAN_POINT('Ctrl Pts',(-17.6303032294743,40.4989096625197,7.06892767915008));
#5278=CARTESIAN_POINT('Ctrl Pts',(-17.5311747237208,40.7678972819332,7.03968744315849));
#5279=CARTESIAN_POINT('Origin',(-17.7100391203274,40.7928938821587,6.67934877430551));
#5280=CARTESIAN_POINT('Ctrl Pts',(-17.1490883576757,38.1881752502673,6.62449838895137));
#5281=CARTESIAN_POINT('Ctrl Pts',(-17.045537127322,38.0838325339313,6.84197702386964));
#5282=CARTESIAN_POINT('Ctrl Pts',(-17.0341221779371,37.8216295381902,6.83682878523832));
#5283=CARTESIAN_POINT('Ctrl Pts',(-17.3938330105804,38.1881752502674,6.70402074722768));
#5284=CARTESIAN_POINT('Ctrl Pts',(-17.2959203071219,38.0934400541458,6.95438846600769));
#5285=CARTESIAN_POINT('Ctrl Pts',(-17.2834024681851,37.8092662498532,6.94925630261068));
#5286=CARTESIAN_POINT('Ctrl Pts',(-17.6405667731596,38.1881752502673,6.78418940641547));
#5287=CARTESIAN_POINT('Ctrl Pts',(-17.5425535560532,38.101319478887,7.04929470721658));
#5288=CARTESIAN_POINT('Ctrl Pts',(-17.5393981684496,37.8058476548038,7.0482696582916));
#5289=CARTESIAN_POINT('Ctrl Pts',(-18.1342810261152,38.1881752502673,6.94460689151156));
#5290=CARTESIAN_POINT('Ctrl Pts',(-18.0577682112188,38.1013122218055,7.21668209488009));
#5291=CARTESIAN_POINT('Ctrl Pts',(-18.0609321284905,37.8058521958629,7.21770991499543));
#5292=CARTESIAN_POINT('Ctrl Pts',(-18.3802995992393,38.1881752502673,7.02454317155869));
#5293=CARTESIAN_POINT('Ctrl Pts',(-18.3123129890847,38.0934532329718,7.28467776708893));
#5294=CARTESIAN_POINT('Ctrl Pts',(-18.3254656926468,37.8092491805951,7.28788608703258));
#5295=CARTESIAN_POINT('Ctrl Pts',(-18.6253930096621,38.1881752502673,7.104178848022));
#5296=CARTESIAN_POINT('Ctrl Pts',(-18.5813382301036,38.0838318571672,7.34098686394195));
#5297=CARTESIAN_POINT('Ctrl Pts',(-18.5935995901,37.8216304310438,7.34353144238028));
#5298=CARTESIAN_POINT('Ctrl Pts',(-17.5068092403584,38.1881752502673,6.74072894948878));
#5299=CARTESIAN_POINT('Ctrl Pts',(-17.4757596247142,38.1735022308064,6.77589392378918));
#5300=CARTESIAN_POINT('Ctrl Pts',(-17.4402626415458,38.1522444370414,6.80366511679419));
#5301=CARTESIAN_POINT('Ctrl Pts',(-17.3611203605612,38.0988996127868,6.84822689036523));
#5302=CARTESIAN_POINT('Ctrl Pts',(-17.3170304144773,38.0657466822542,6.86304119820409));
#5303=CARTESIAN_POINT('Ctrl Pts',(-17.2326250010342,37.9975758507183,6.87731772541778));
#5304=CARTESIAN_POINT('Ctrl Pts',(-17.1917946757163,37.9623946504002,6.87764195433573));
#5305=CARTESIAN_POINT('Ctrl Pts',(-17.1037848777999,37.8822233527479,6.86556714297539));
#5306=CARTESIAN_POINT('Ctrl Pts',(-17.0670217902118,37.8456673743004,6.85148142840958));
#5307=CARTESIAN_POINT('Ctrl Pts',(-17.0443620620551,37.8225898397349,6.84143527684812));
#5308=CARTESIAN_POINT('Ctrl Pts',(-17.0434706572608,37.8216857947827,6.84103734571416));
#5309=CARTESIAN_POINT('Ctrl Pts',(-17.0429881552592,37.8211940686737,6.84082048714723));
#5310=CARTESIAN_POINT('Ctrl Pts',(-17.7773303089517,40.4279445212758,6.82862656878503));
#5311=CARTESIAN_POINT('Ctrl Pts',(-17.6572235161425,40.5108704761525,7.08550270509547));
#5312=CARTESIAN_POINT('Ctrl Pts',(-17.5744024661098,40.792893882159,7.05565011370341));
#5313=CARTESIAN_POINT('Ctrl Pts',(-17.7007357701856,40.4036419013308,6.80373949114547));
#5314=CARTESIAN_POINT('Ctrl Pts',(-17.5580056135309,40.4809640280506,7.05180938637845));
#5315=CARTESIAN_POINT('Ctrl Pts',(-17.418242916393,40.7438403923798,6.99936288687135));
#5316=CARTESIAN_POINT('Ctrl Pts',(-17.6312313272245,40.352921739263,6.78115612998171));
#5317=CARTESIAN_POINT('Ctrl Pts',(-17.4690948612516,40.4187209650323,7.01995106509753));
#5318=CARTESIAN_POINT('Ctrl Pts',(-17.2808605600228,40.641969288857,6.94358361182211));
#5319=CARTESIAN_POINT('Ctrl Pts',(-17.5340576748601,40.2163785567674,6.74958250064801));
#5320=CARTESIAN_POINT('Ctrl Pts',(-17.3458076795275,40.2524400564941,6.97468602372494));
#5321=CARTESIAN_POINT('Ctrl Pts',(-17.0932427577356,40.3742115344441,6.86394282817844));
#5322=CARTESIAN_POINT('Ctrl Pts',(-17.5068092375718,40.1314483031664,6.7407289526447));
#5323=CARTESIAN_POINT('Ctrl Pts',(-17.3117665709918,40.1495408470597,6.96162280868337));
#5324=CARTESIAN_POINT('Ctrl Pts',(-17.0429870549118,40.2105053871399,6.84082000740238));
#5325=CARTESIAN_POINT('Ctrl Pts',(-17.5068092430869,40.045000001096,6.7407289463986));
#5326=CARTESIAN_POINT('Ctrl Pts',(-17.3117665959693,40.045000001096,6.9616228181438));
#5327=CARTESIAN_POINT('Ctrl Pts',(-17.0429870920626,40.045000001096,6.84082002409977));
#5328=CARTESIAN_POINT('Origin',(-17.2069658995638,40.045000001096,6.47597628948112));
#5329=CARTESIAN_POINT('Origin',(-17.2069658995638,41.792893882152,6.47597628948112));
#5330=CARTESIAN_POINT('Ctrl Pts',(-21.0782967604575,40.8082431512748,7.43819285475727));
#5331=CARTESIAN_POINT('Ctrl Pts',(-21.013152330701,40.5202135023412,7.44664368047461));
#5332=CARTESIAN_POINT('Ctrl Pts',(-20.9578276890175,40.4355258612655,7.16903366529771));
#5333=CARTESIAN_POINT('Ctrl Pts',(-21.2672012580111,40.7679383676645,7.41394876474001));
#5334=CARTESIAN_POINT('Ctrl Pts',(-21.1323289211561,40.4956633431587,7.43297763486307));
#5335=CARTESIAN_POINT('Ctrl Pts',(-21.0493740691277,40.4156087888718,7.15941175482257));
#5336=CARTESIAN_POINT('Ctrl Pts',(-21.4372949260826,40.6572186348959,7.38385106340238));
#5337=CARTESIAN_POINT('Ctrl Pts',(-21.2412752594353,40.4281867267655,7.41828356075215));
#5338=CARTESIAN_POINT('Ctrl Pts',(-21.1339436475155,40.3606866626696,7.15052313321981));
#5339=CARTESIAN_POINT('Ctrl Pts',(-21.6600902603052,40.3591157602832,7.3405429259641));
#5340=CARTESIAN_POINT('Ctrl Pts',(-21.3860385862353,40.243066009732,7.39752410980446));
#5341=CARTESIAN_POINT('Ctrl Pts',(-21.2470924079153,40.2086752498067,7.13863071820879));
#5342=CARTESIAN_POINT('Ctrl Pts',(-21.7151846835542,40.1695532639042,7.32772688284175));
#5343=CARTESIAN_POINT('Ctrl Pts',(-21.4230275645633,40.1237995749741,7.39154747715547));
#5344=CARTESIAN_POINT('Ctrl Pts',(-21.2764353420166,40.1101922557043,7.13554665492611));
#5345=CARTESIAN_POINT('Ctrl Pts',(-21.70037674983,39.9858760855927,7.33111030645789));
#5346=CARTESIAN_POINT('Ctrl Pts',(-21.4131236189737,40.0076269569414,7.39312885753146));
#5347=CARTESIAN_POINT('Ctrl Pts',(-21.2685883244705,40.0140904664827,7.13637140590674));
#5348=CARTESIAN_POINT('Origin',(-21.0838148906509,40.792893882152,7.03394689659809));
#5349=CARTESIAN_POINT('Ctrl Pts',(-21.0094246695223,40.4204106442587,7.16361060065552));
#5350=CARTESIAN_POINT('Ctrl Pts',(-21.0810589945598,40.4988022475963,7.43149640772536));
#5351=CARTESIAN_POINT('Ctrl Pts',(-21.1842395576731,40.767666800431,7.4235426192977));
#5352=CARTESIAN_POINT('Ctrl Pts',(-20.9646720259341,40.4368576360769,7.16831429865483));
#5353=CARTESIAN_POINT('Ctrl Pts',(-21.0194739661566,40.5257876633745,7.45497127388087));
#5354=CARTESIAN_POINT('Ctrl Pts',(-21.0929176436975,40.8231178138885,7.43760455903837));
#5355=CARTESIAN_POINT('Ctrl Pts',(-20.9188348138077,40.4450242319718,7.17313198187186));
#5356=CARTESIAN_POINT('Ctrl Pts',(-20.9629074352312,40.5377322322841,7.46884845532425));
#5357=CARTESIAN_POINT('Ctrl Pts',(-20.9980464748113,40.8499949983866,7.44713731087909));
#5358=CARTESIAN_POINT('Ctrl Pts',(-20.8248229990603,40.4449756628061,7.18301301856311));
#5359=CARTESIAN_POINT('Ctrl Pts',(-20.8430826786605,40.5376573564061,7.48139350365299));
#5360=CARTESIAN_POINT('Ctrl Pts',(-20.8038755099655,40.849834109049,7.46754362818712));
#5361=CARTESIAN_POINT('Ctrl Pts',(-20.7791640271414,40.4367525363983,7.18781196821232));
#5362=CARTESIAN_POINT('Ctrl Pts',(-20.7850440238426,40.5256162736126,7.47950259918594));
#5363=CARTESIAN_POINT('Ctrl Pts',(-20.7094688068602,40.8227658627133,7.47788044426194));
#5364=CARTESIAN_POINT('Ctrl Pts',(-20.7348325684424,40.4204795323712,7.19247139790873));
#5365=CARTESIAN_POINT('Ctrl Pts',(-20.7205323601869,40.4989096625203,7.46945733438577));
#5366=CARTESIAN_POINT('Ctrl Pts',(-20.6180808886027,40.7678972819344,7.48306424527818));
#5367=CARTESIAN_POINT('Origin',(-20.6349187051173,40.7928938821589,7.08112778689299));
#5368=CARTESIAN_POINT('Ctrl Pts',(-20.1001550223248,38.1881752502673,7.25917869663455));
#5369=CARTESIAN_POINT('Ctrl Pts',(-20.0940126886742,38.0838307088507,7.49997760731003));
#5370=CARTESIAN_POINT('Ctrl Pts',(-20.0814904374661,37.8216231268952,7.49991312217085));
#5371=CARTESIAN_POINT('Ctrl Pts',(-20.3560850453222,38.1881752502674,7.23227936728579));
#5372=CARTESIAN_POINT('Ctrl Pts',(-20.3684712874356,38.0934383551531,7.50083115999042));
#5373=CARTESIAN_POINT('Ctrl Pts',(-20.3549476889929,37.8092594729398,7.50122935261843));
#5374=CARTESIAN_POINT('Ctrl Pts',(-20.6140950846931,38.1881752502673,7.20516141940695));
#5375=CARTESIAN_POINT('Ctrl Pts',(-20.6323839280203,38.1013178998062,7.4872178574859));
#5376=CARTESIAN_POINT('Ctrl Pts',(-20.629084002931,37.8058407039441,7.48755972072828));
#5377=CARTESIAN_POINT('Ctrl Pts',(-21.1321714940205,38.1881752502673,7.15070939459537));
#5378=CARTESIAN_POINT('Ctrl Pts',(-21.1730155218815,38.1013106173366,7.43037983135817));
#5379=CARTESIAN_POINT('Ctrl Pts',(-21.176346335629,37.8058452610015,7.43002439468));
#5380=CARTESIAN_POINT('Ctrl Pts',(-21.3912197248983,38.1881752502673,7.12348232839217));
#5381=CARTESIAN_POINT('Ctrl Pts',(-21.4349086807681,38.0933431583784,7.38859148151656));
#5382=CARTESIAN_POINT('Ctrl Pts',(-21.448418272443,37.8092899004657,7.38613107285769));
#5383=CARTESIAN_POINT('Ctrl Pts',(-21.6492863449691,38.1881752502673,7.09635843364191));
#5384=CARTESIAN_POINT('Ctrl Pts',(-21.7054791863321,38.0836337363793,7.32999529621731));
#5385=CARTESIAN_POINT('Ctrl Pts',(-21.7178311150904,37.8218840996969,7.32729333411052));
#5386=CARTESIAN_POINT('Ctrl Pts',(-20.4742245378192,38.1881752502673,7.2198624062723));
#5387=CARTESIAN_POINT('Ctrl Pts',(-20.4601621860867,38.1735022308064,7.26461622524841));
#5388=CARTESIAN_POINT('Ctrl Pts',(-20.4390296401703,38.1522444370414,7.30442439624467));
#5389=CARTESIAN_POINT('Ctrl Pts',(-20.3848544750612,38.0988996127867,7.37732366776801));
#5390=CARTESIAN_POINT('Ctrl Pts',(-20.3506018269284,38.065746682254,7.40879020806589));
#5391=CARTESIAN_POINT('Ctrl Pts',(-20.2793004316308,37.9975758507181,7.4561632391741));
#5392=CARTESIAN_POINT('Ctrl Pts',(-20.2421319491843,37.9623946504,7.47306662648483));
#5393=CARTESIAN_POINT('Ctrl Pts',(-20.156819729432,37.8822233523727,7.49783254729294));
#5394=CARTESIAN_POINT('Ctrl Pts',(-20.1175058013388,37.845667373784,7.49991750145341));
#5395=CARTESIAN_POINT('Ctrl Pts',(-20.0927189722563,37.82258983978,7.49995642709016));
#5396=CARTESIAN_POINT('Ctrl Pts',(-20.0917427801843,37.8216857947375,7.49995546590383));
#5397=CARTESIAN_POINT('Ctrl Pts',(-20.0912137883954,37.8211940686737,7.49995360698968));
#5398=CARTESIAN_POINT('Ctrl Pts',(-20.0912126287787,40.0450000010957,7.49995361641578));
#5399=CARTESIAN_POINT('Ctrl Pts',(-20.3858898443335,40.0450000010958,7.50098998703064));
#5400=CARTESIAN_POINT('Ctrl Pts',(-20.4742245381727,40.0450000010959,7.21986240514733));
#5401=CARTESIAN_POINT('Ctrl Pts',(-20.0912126741682,40.2104100535403,7.49995361657542));
#5402=CARTESIAN_POINT('Ctrl Pts',(-20.3858898740914,40.1494793257431,7.50098998535854));
#5403=CARTESIAN_POINT('Ctrl Pts',(-20.4742245409616,40.1313969674503,7.2198623962715));
#5404=CARTESIAN_POINT('Ctrl Pts',(-20.1463564872312,40.3739423907234,7.5006385211826));
#5405=CARTESIAN_POINT('Ctrl Pts',(-20.4221903006561,40.2522724819999,7.499085195288));
#5406=CARTESIAN_POINT('Ctrl Pts',(-20.5026321106681,40.2162407239896,7.21687665131647));
#5407=CARTESIAN_POINT('Ctrl Pts',(-20.350342649611,40.6420442209923,7.49708155426417));
#5408=CARTESIAN_POINT('Ctrl Pts',(-20.5533565453262,40.4187680334151,7.49028356212897));
#5409=CARTESIAN_POINT('Ctrl Pts',(-20.6043454666859,40.3529605343596,7.20618614207775));
#5410=CARTESIAN_POINT('Ctrl Pts',(-20.4981572558056,40.7437355562289,7.49218528333095));
#5411=CARTESIAN_POINT('Ctrl Pts',(-20.6472989597656,40.4808999427397,7.48324560450662));
#5412=CARTESIAN_POINT('Ctrl Pts',(-20.6768394777658,40.4035889681974,7.19856671366522));
#5413=CARTESIAN_POINT('Ctrl Pts',(-20.6640639993386,40.7928938821592,7.48006456361926));
#5414=CARTESIAN_POINT('Ctrl Pts',(-20.7518669355258,40.5108704783273,7.47364990706748));
#5415=CARTESIAN_POINT('Ctrl Pts',(-20.7571090137842,40.4279445221033,7.19013004862616));
#5416=CARTESIAN_POINT('Origin',(-20.0926194076526,40.0450000010961,7.09995609020817));
#5417=CARTESIAN_POINT('Origin',(-20.092619407655,41.792893882152,7.09995609020694));
#5418=CARTESIAN_POINT('Ctrl Pts',(-24.0725517838273,40.0303644175832,6.05075634287638));
#5419=CARTESIAN_POINT('Ctrl Pts',(-24.3092106006717,40.0273028911789,6.22633173928417));
#5420=CARTESIAN_POINT('Ctrl Pts',(-24.5468682593186,40.016993600421,6.05240191470702));
#5421=CARTESIAN_POINT('Ctrl Pts',(-24.075579831119,40.1213297017593,6.04900810364538));
#5422=CARTESIAN_POINT('Ctrl Pts',(-24.3129389233785,40.137283971926,6.22390818091298));
#5423=CARTESIAN_POINT('Ctrl Pts',(-24.5522696031402,40.1909955133011,6.04836518724142));
#5424=CARTESIAN_POINT('Ctrl Pts',(-24.0501734727163,40.2130093586061,6.06367646704174));
#5425=CARTESIAN_POINT('Ctrl Pts',(-24.2816802617172,40.248340140866,6.24426269749139));
#5426=CARTESIAN_POINT('Ctrl Pts',(-24.5070862641007,40.3676093620169,6.08225028558521));
#5427=CARTESIAN_POINT('Ctrl Pts',(-23.9572734918738,40.3563409987365,6.11731229684548));
#5428=CARTESIAN_POINT('Ctrl Pts',(-24.1649505602894,40.4228892970169,6.31765953518781));
#5429=CARTESIAN_POINT('Ctrl Pts',(-24.3317933262686,40.6486851119112,6.20499286116061));
#5430=CARTESIAN_POINT('Ctrl Pts',(-23.8891303750339,40.409317968923,6.15665474499427));
#5431=CARTESIAN_POINT('Ctrl Pts',(-24.0784253835826,40.4879326971388,6.37110099302372));
#5432=CARTESIAN_POINT('Ctrl Pts',(-24.1994979391827,40.7552558814098,6.29447734998025));
#5433=CARTESIAN_POINT('Ctrl Pts',(-23.8145158969918,40.431826159798,6.19973343190323));
#5434=CARTESIAN_POINT('Ctrl Pts',(-23.9819205925505,40.5156520511413,6.4283038245301));
#5435=CARTESIAN_POINT('Ctrl Pts',(-24.0479497932948,40.8007468256844,6.38766049931394));
#5436=CARTESIAN_POINT('Origin',(-23.861244285103,40.7928938821519,6.03283105948996));
#5437=CARTESIAN_POINT('Ctrl Pts',(-23.8460244162148,40.4204106442586,6.18154197617224));
#5438=CARTESIAN_POINT('Ctrl Pts',(-24.0204246023594,40.4988022475953,6.39713153349288));
#5439=CARTESIAN_POINT('Ctrl Pts',(-24.1114496399042,40.7676668004309,6.34789807033239));
#5440=CARTESIAN_POINT('Ctrl Pts',(-23.8070540082815,40.4368576360769,6.20404155813569));
#5441=CARTESIAN_POINT('Ctrl Pts',(-23.9737119676594,40.5257876633758,6.44362577855489));
#5442=CARTESIAN_POINT('Ctrl Pts',(-24.0337424263729,40.8231178138878,6.39788826023841));
#5443=CARTESIAN_POINT('Ctrl Pts',(-23.7671391596515,40.4450242319718,6.22708640454305));
#5444=CARTESIAN_POINT('Ctrl Pts',(-23.927680228474,40.537732232284,6.47931089552601));
#5445=CARTESIAN_POINT('Ctrl Pts',(-23.9509506204592,40.8499949983864,6.44518444313843));
#5446=CARTESIAN_POINT('Ctrl Pts',(-23.685274073018,40.4449756628061,6.27435123066916));
#5447=CARTESIAN_POINT('Ctrl Pts',(-23.823317397239,40.537657356406,6.53950848668818));
#5448=CARTESIAN_POINT('Ctrl Pts',(-23.7818666145169,40.8498341090489,6.54280298804696));
#5449=CARTESIAN_POINT('Ctrl Pts',(-23.6455144352916,40.4367525363983,6.29730646628738));
#5450=CARTESIAN_POINT('Ctrl Pts',(-23.7695273476275,40.5256162736146,6.56138750713061));
#5451=CARTESIAN_POINT('Ctrl Pts',(-23.6998261615943,40.8227658627141,6.59064480492357));
#5452=CARTESIAN_POINT('Ctrl Pts',(-23.6069107933595,40.420479532371,6.3195942958154));
#5453=CARTESIAN_POINT('Ctrl Pts',(-23.7065072330462,40.4989096625188,6.57844995861596));
#5454=CARTESIAN_POINT('Ctrl Pts',(-23.6184475858108,40.7678972819332,6.63255125788482));
#5455=CARTESIAN_POINT('Origin',(-23.4703474107907,40.7928938821587,6.25851547510033));
#5456=CARTESIAN_POINT('Ctrl Pts',(-23.0542363067888,38.1881752502673,6.63868106010148));
#5457=CARTESIAN_POINT('Ctrl Pts',(-23.1465651314244,38.0838325339313,6.86115623196361));
#5458=CARTESIAN_POINT('Ctrl Pts',(-23.1351011525217,37.8216295381902,6.86619434849507));
#5459=CARTESIAN_POINT('Ctrl Pts',(-23.2770990738531,38.1881752502671,6.51001118154516));
#5460=CARTESIAN_POINT('Ctrl Pts',(-23.3976421618945,38.0934400541468,6.75030320394826));
#5461=CARTESIAN_POINT('Ctrl Pts',(-23.3854521520646,37.8092662498559,6.75617168357476));
#5462=CARTESIAN_POINT('Ctrl Pts',(-23.5017731102572,38.1881752502673,6.38029556614663));
#5463=CARTESIAN_POINT('Ctrl Pts',(-23.6332010993616,38.101319478887,6.63052365194173));
#5464=CARTESIAN_POINT('Ctrl Pts',(-23.6303279731367,37.8058476548038,6.6321826703024));
#5465=CARTESIAN_POINT('Ctrl Pts',(-23.9513458516711,38.1881752502673,6.12073462287115));
#5466=CARTESIAN_POINT('Ctrl Pts',(-24.1023400649681,38.1013122218055,6.35964857114931));
#5467=CARTESIAN_POINT('Ctrl Pts',(-24.1052209580509,37.8058521958629,6.35798506829813));
#5468=CARTESIAN_POINT('Ctrl Pts',(-24.1753686415657,38.1881752502674,5.99139500482063));
#5469=CARTESIAN_POINT('Ctrl Pts',(-24.3231943984854,38.0934532329719,6.21598292200089));
#5470=CARTESIAN_POINT('Ctrl Pts',(-24.3343795213597,37.8092491805951,6.20835534347651));
#5471=CARTESIAN_POINT('Ctrl Pts',(-24.3985489847837,38.1881752502673,5.86254177358604));
#5472=CARTESIAN_POINT('Ctrl Pts',(-24.5450532350872,38.0838318571672,6.05373634633562));
#5473=CARTESIAN_POINT('Ctrl Pts',(-24.5551486766359,37.8216304310438,6.04632703541438));
#5474=CARTESIAN_POINT('Ctrl Pts',(-23.3799744375511,38.1881752502672,6.45061606262069));
#5475=CARTESIAN_POINT('Ctrl Pts',(-23.3853308580973,38.1735022308064,6.49722038439603));
#5476=CARTESIAN_POINT('Ctrl Pts',(-23.3822167586048,38.1522444370414,6.54218233897261));
#5477=CARTESIAN_POINT('Ctrl Pts',(-23.3623760875844,38.098899612787,6.63081416213259));
#5478=CARTESIAN_POINT('Ctrl Pts',(-23.3438833314404,38.0657466822545,6.67349208420747));
#5479=CARTESIAN_POINT('Ctrl Pts',(-23.2980146132879,37.9975758507188,6.74577039176106));
#5480=CARTESIAN_POINT('Ctrl Pts',(-23.2709347419928,37.9623946504007,6.77633018823601));
#5481=CARTESIAN_POINT('Ctrl Pts',(-23.2030713589811,37.8822233527656,6.83365458828928));
#5482=CARTESIAN_POINT('Ctrl Pts',(-23.1680043260077,37.8456673743244,6.85154970387238));
#5483=CARTESIAN_POINT('Ctrl Pts',(-23.1453762627924,37.8225898397333,6.86166697612406));
#5484=CARTESIAN_POINT('Ctrl Pts',(-23.1444840761021,37.8216857947845,6.86206315108188));
#5485=CARTESIAN_POINT('Ctrl Pts',(-23.1440000619216,37.8211940686738,6.86227661324408));
#5486=CARTESIAN_POINT('Ctrl Pts',(-23.6263090251635,40.4279445212757,6.3083947176096));
#5487=CARTESIAN_POINT('Ctrl Pts',(-23.7368380655512,40.5108704761522,6.56953514403926));
#5488=CARTESIAN_POINT('Ctrl Pts',(-23.6592351673033,40.792893882159,6.61110789623218));
#5489=CARTESIAN_POINT('Ctrl Pts',(-23.5565625720263,40.4036419013308,6.34866284740183));
#5490=CARTESIAN_POINT('Ctrl Pts',(-23.6454093147571,40.4809640280513,6.62072318417621));
#5491=CARTESIAN_POINT('Ctrl Pts',(-23.5129144717517,40.7438403923815,6.68949355133277));
#5492=CARTESIAN_POINT('Ctrl Pts',(-23.4932723139719,40.3529217392624,6.38520349638728));
#5493=CARTESIAN_POINT('Ctrl Pts',(-23.5622410625648,40.4187209650316,6.66547937182603));
#5494=CARTESIAN_POINT('Ctrl Pts',(-23.379535652709,40.6419692888564,6.75426491844522));
#5495=CARTESIAN_POINT('Ctrl Pts',(-23.4047866697829,40.2163785567678,6.43629071157317));
#5496=CARTESIAN_POINT('Ctrl Pts',(-23.4461073546302,40.2524400564946,6.72681137839097));
#5497=CARTESIAN_POINT('Ctrl Pts',(-23.1948102026394,40.3742115344446,6.84040203153186));
#5498=CARTESIAN_POINT('Ctrl Pts',(-23.3799744380319,40.131448303166,6.45061606680345));
#5499=CARTESIAN_POINT('Ctrl Pts',(-23.4136215463706,40.1495408470593,6.74336785505286));
#5500=CARTESIAN_POINT('Ctrl Pts',(-23.1439989691241,40.2105053871395,6.86227710995022));
#5501=CARTESIAN_POINT('Ctrl Pts',(-23.3799744370804,40.045000001096,6.4506160585247));
#5502=CARTESIAN_POINT('Ctrl Pts',(-23.4136215701162,40.045000001096,6.74336784281961));
#5503=CARTESIAN_POINT('Ctrl Pts',(-23.1439990063929,40.045000001096,6.86227709351389));
#5504=CARTESIAN_POINT('Origin',(-22.9825905117965,40.045000001096,6.49628898185982));
#5505=CARTESIAN_POINT('Origin',(-22.9825905117965,41.792893882152,6.49628898185982));
#5506=CARTESIAN_POINT('Ctrl Pts',(-26.1918565841946,40.045000001096,3.91878600387346));
#5507=CARTESIAN_POINT('Ctrl Pts',(-26.4794875590149,40.045000001096,3.98284970634164));
#5508=CARTESIAN_POINT('Ctrl Pts',(-26.6259286436966,40.045000001096,3.72713356612511));
#5509=CARTESIAN_POINT('Ctrl Pts',(-26.1918565874605,40.131103847608,3.91878600460087));
#5510=CARTESIAN_POINT('Ctrl Pts',(-26.4794875649043,40.1491211020253,3.9828496973718));
#5511=CARTESIAN_POINT('Ctrl Pts',(-26.6259286518378,40.2098290602331,3.727133551909));
#5512=CARTESIAN_POINT('Ctrl Pts',(-26.1748127199867,40.2168520645804,3.94224486978607));
#5513=CARTESIAN_POINT('Ctrl Pts',(-26.459378693845,40.2530163205353,4.01379621663589));
#5514=CARTESIAN_POINT('Ctrl Pts',(-26.5985073391251,40.3751394914941,3.77597142319826));
#5515=CARTESIAN_POINT('Ctrl Pts',(-26.1151408940519,40.3524982927625,4.02437609335932));
#5516=CARTESIAN_POINT('Ctrl Pts',(-26.3867116145207,40.4182051626944,4.12218384699393));
#5517=CARTESIAN_POINT('Ctrl Pts',(-26.4942042573158,40.641139499334,3.94956205351132));
#5518=CARTESIAN_POINT('Ctrl Pts',(-26.0721181181042,40.4035830092907,4.08359186608796));
#5519=CARTESIAN_POINT('Ctrl Pts',(-26.3334365471953,40.480889758293,4.20033525026577));
#5520=CARTESIAN_POINT('Ctrl Pts',(-26.4157625182464,40.7437178295123,4.07562406525365));
#5521=CARTESIAN_POINT('Ctrl Pts',(-26.0246653703991,40.4279445219644,4.14890496769972));
#5522=CARTESIAN_POINT('Ctrl Pts',(-26.2728218097603,40.5108704779673,4.28612512429271));
#5523=CARTESIAN_POINT('Ctrl Pts',(-26.3222785334515,40.7928938821519,4.21329287920408));
#5524=CARTESIAN_POINT('Origin',(-25.991361797412,40.7928938821519,3.98858392564647));
#5525=CARTESIAN_POINT('Ctrl Pts',(-26.0379439343633,40.4204106442585,4.13062858646286));
#5526=CARTESIAN_POINT('Ctrl Pts',(-26.284954605055,40.4988022475953,4.2566445010042));
#5527=CARTESIAN_POINT('Ctrl Pts',(-26.3480850611026,40.7676668004312,4.17464427616291));
#5528=CARTESIAN_POINT('Ctrl Pts',(-26.0114940996517,40.436857636077,4.16703367026696));
#5529=CARTESIAN_POINT('Ctrl Pts',(-26.2611914029678,40.5257876633755,4.31811884761439));
#5530=CARTESIAN_POINT('Ctrl Pts',(-26.2974288311836,40.8231178138871,4.25191895825356));
#5531=CARTESIAN_POINT('Ctrl Pts',(-25.9844032544615,40.4450242319718,4.2043210165646));
#5532=CARTESIAN_POINT('Ctrl Pts',(-26.2336537614133,40.5377322322839,4.36944161919956));
#5533=CARTESIAN_POINT('Ctrl Pts',(-26.2410318436247,40.8499949983863,4.32880063251644));
#5534=CARTESIAN_POINT('Ctrl Pts',(-25.9288401131417,40.4449756628061,4.28079711430118));
#5535=CARTESIAN_POINT('Ctrl Pts',(-26.162798137142,40.5376573564059,4.46688304280577));
#5536=CARTESIAN_POINT('Ctrl Pts',(-26.1262709572939,40.8498341090488,4.48675227177453));
#5537=CARTESIAN_POINT('Ctrl Pts',(-25.9018546121759,40.4367525363983,4.31793946710756));
#5538=CARTESIAN_POINT('Ctrl Pts',(-26.1225574809823,40.5256162736149,4.50874890675831));
#5539=CARTESIAN_POINT('Ctrl Pts',(-26.0707822941786,40.8227658627152,4.56382680468557));
#5540=CARTESIAN_POINT('Ctrl Pts',(-25.8756537074038,40.4204795323709,4.35400192826404));
#5541=CARTESIAN_POINT('Ctrl Pts',(-26.0719256658054,40.4989096625185,4.54996882165981));
#5542=CARTESIAN_POINT('Ctrl Pts',(-26.013484155923,40.7678972819324,4.63520990316645));
#5543=CARTESIAN_POINT('Origin',(-25.7260538550772,40.7928938821587,4.35374898083464));
#5544=CARTESIAN_POINT('Ctrl Pts',(-25.5005447199979,38.1881752502673,4.87029515775278));
#5545=CARTESIAN_POINT('Ctrl Pts',(-25.6753801029242,38.0838325339313,5.03598282425427));
#5546=CARTESIAN_POINT('Ctrl Pts',(-25.6669564236765,37.8216295381902,5.04524819302183));
#5547=CARTESIAN_POINT('Ctrl Pts',(-25.6518052340573,38.1881752502674,4.66210292091974));
#5548=CARTESIAN_POINT('Ctrl Pts',(-25.8596623951379,38.0934400541458,4.83259131551716));
#5549=CARTESIAN_POINT('Ctrl Pts',(-25.8509131927333,37.8092662498532,4.84291056210144));
#5550=CARTESIAN_POINT('Ctrl Pts',(-25.8042950855041,38.1881752502673,4.45221864633349));
#5551=CARTESIAN_POINT('Ctrl Pts',(-26.0261374595767,38.101319478887,4.62735679839231));
#5552=CARTESIAN_POINT('Ctrl Pts',(-26.0241875117235,37.8058476548038,4.63004099279558));
#5553=CARTESIAN_POINT('Ctrl Pts',(-26.1094272745604,38.1881752502673,4.03224021796262));
#5554=CARTESIAN_POINT('Ctrl Pts',(-26.3445424095553,38.1013122218055,4.18908409073875));
#5555=CARTESIAN_POINT('Ctrl Pts',(-26.3464976287796,37.8058521958629,4.18639264048375));
#5556=CARTESIAN_POINT('Ctrl Pts',(-26.2614751146149,38.1881752502675,3.82296431986408));
#5557=CARTESIAN_POINT('Ctrl Pts',(-26.4878687988808,38.0934532329718,3.96800943931656));
#5558=CARTESIAN_POINT('Ctrl Pts',(-26.4949845013919,37.8092491805988,3.95649190027258));
#5559=CARTESIAN_POINT('Ctrl Pts',(-26.4129511726751,38.1881752502673,3.61447541216672));
#5560=CARTESIAN_POINT('Ctrl Pts',(-26.6245553037596,38.0838318571672,3.72955169866324));
#5561=CARTESIAN_POINT('Ctrl Pts',(-26.6307643102777,37.8216304310438,3.71867677032102));
#5562=CARTESIAN_POINT('Ctrl Pts',(-25.7216283839814,38.1881752502673,4.56599959973441));
#5563=CARTESIAN_POINT('Ctrl Pts',(-25.7454774030323,38.1735022308064,4.6063961136868));
#5564=CARTESIAN_POINT('Ctrl Pts',(-25.7609202060569,38.1522444370414,4.64873752143056));
#5565=CARTESIAN_POINT('Ctrl Pts',(-25.7788446613915,38.0988996127866,4.73777664880819));
#5566=CARTESIAN_POINT('Ctrl Pts',(-25.779309362775,38.065746682254,4.78428655221652));
#5567=CARTESIAN_POINT('Ctrl Pts',(-25.7668044398406,37.9975758507181,4.86897256021171));
#5568=CARTESIAN_POINT('Ctrl Pts',(-25.7544955354567,37.9623946503999,4.90790469941342));
#5569=CARTESIAN_POINT('Ctrl Pts',(-25.7158151842031,37.8822233527503,4.98787566930294));
#5570=CARTESIAN_POINT('Ctrl Pts',(-25.6910584547494,37.8456673743038,5.01848671813385));
#5571=CARTESIAN_POINT('Ctrl Pts',(-25.6745017557523,37.822589839735,5.03693296869696));
#5572=CARTESIAN_POINT('Ctrl Pts',(-25.6738478415238,37.8216857947825,5.03765777755254));
#5573=CARTESIAN_POINT('Ctrl Pts',(-25.6734924954524,37.8211940686736,5.03804965124267));
#5574=CARTESIAN_POINT('Ctrl Pts',(-25.8888195951117,40.4279445212757,4.33588063278113));
#5575=CARTESIAN_POINT('Ctrl Pts',(-26.0960082783126,40.5108704761524,4.529488072303));
#5576=CARTESIAN_POINT('Ctrl Pts',(-26.0420236647888,40.792893882159,4.59903061355678));
#5577=CARTESIAN_POINT('Ctrl Pts',(-25.8414815635959,40.4036419013308,4.40103583805634));
#5578=CARTESIAN_POINT('Ctrl Pts',(-26.0333040099373,40.4809640280519,4.6134380970351));
#5579=CARTESIAN_POINT('Ctrl Pts',(-25.9402353762292,40.7438403923798,4.73015346123973));
#5580=CARTESIAN_POINT('Ctrl Pts',(-25.7985254567419,40.352921739263,4.46015984905623));
#5581=CARTESIAN_POINT('Ctrl Pts',(-25.9755300124486,40.4187209650328,4.68815248466988));
#5582=CARTESIAN_POINT('Ctrl Pts',(-25.8447326503746,40.641969288857,4.84357510256445));
#5583=CARTESIAN_POINT('Ctrl Pts',(-25.7384688408348,40.2163785567674,4.54282069631128));
#5584=CARTESIAN_POINT('Ctrl Pts',(-25.8943825655494,40.2524400564935,4.79141789518994));
#5585=CARTESIAN_POINT('Ctrl Pts',(-25.7110126747724,40.3742115344441,4.99739988041259));
#5586=CARTESIAN_POINT('Ctrl Pts',(-25.7216283861218,40.1314483031664,4.56599960335994));
#5587=CARTESIAN_POINT('Ctrl Pts',(-25.871439428715,40.1495408470601,4.81975615783663));
#5588=CARTESIAN_POINT('Ctrl Pts',(-25.6734916991613,40.2105053871399,5.03805054948651));
#5589=CARTESIAN_POINT('Ctrl Pts',(-25.7216283818856,40.045000001096,4.5659995961844));
#5590=CARTESIAN_POINT('Ctrl Pts',(-25.8714394454314,40.045000001096,4.8197561370036));
#5591=CARTESIAN_POINT('Ctrl Pts',(-25.6734917265223,40.045000001096,5.03805051931319));
#5592=CARTESIAN_POINT('Origin',(-25.3771769535189,40.045000001096,4.76935449161648));
#5593=CARTESIAN_POINT('Origin',(-25.3771769535189,41.792893882152,4.76935449161648));
#5594=CARTESIAN_POINT('Ctrl Pts',(-27.4886063148849,40.8082431512651,1.38484132052297));
#5595=CARTESIAN_POINT('Ctrl Pts',(-27.4765127918649,40.5202135023355,1.44940880372336));
#5596=CARTESIAN_POINT('Ctrl Pts',(-27.1953937234534,40.4355258612608,1.41623945221645));
#5597=CARTESIAN_POINT('Ctrl Pts',(-27.5239235151454,40.7679383676468,1.19769063135726));
#5598=CARTESIAN_POINT('Ctrl Pts',(-27.5003432019141,40.4956633431479,1.33184209045228));
#5599=CARTESIAN_POINT('Ctrl Pts',(-27.2145321300227,40.4156087888631,1.32620033702274));
#5600=CARTESIAN_POINT('Ctrl Pts',(-27.5478607342298,40.6572186348833,1.02662123876969));
#5601=CARTESIAN_POINT('Ctrl Pts',(-27.5200345769803,40.4281867267582,1.22368724689993));
#5602=CARTESIAN_POINT('Ctrl Pts',(-27.2322119854537,40.3606866626636,1.24302315329364));
#5603=CARTESIAN_POINT('Ctrl Pts',(-27.5755197924505,40.3591157602958,0.801347333913002));
#5604=CARTESIAN_POINT('Ctrl Pts',(-27.5450254940241,40.2430660097395,1.07959411850121));
#5605=CARTESIAN_POINT('Ctrl Pts',(-27.2558665165166,40.2086752498128,1.13173732907114));
#5606=CARTESIAN_POINT('Ctrl Pts',(-27.5803561242055,40.169553263934,0.744989048544545));
#5607=CARTESIAN_POINT('Ctrl Pts',(-27.5507716015046,40.1237995749933,1.04256862857604));
#5608=CARTESIAN_POINT('Ctrl Pts',(-27.2620008633367,40.1101922557202,1.10287751242098));
#5609=CARTESIAN_POINT('Ctrl Pts',(-27.5789980481117,39.9858760856373,0.760117765789732));
#5610=CARTESIAN_POINT('Ctrl Pts',(-27.5492150961197,40.0076269569694,1.05247651396525));
#5611=CARTESIAN_POINT('Ctrl Pts',(-27.2603603863565,40.0140904665058,1.11059533165421));
#5612=CARTESIAN_POINT('Origin',(-27.10585075819,40.792893882152,1.25467439591159));
#5613=CARTESIAN_POINT('Origin',(-27.1812616302793,40.045000001096,0.717313964375398));
#5614=CARTESIAN_POINT('Origin',(-27.1812616302793,41.792893882152,0.717313964375498));
#5615=CARTESIAN_POINT('Ctrl Pts',(-27.2606224891685,38.1881752502672,1.10936224466298));
#5616=CARTESIAN_POINT('Ctrl Pts',(-27.3066023205434,38.1735032071317,1.10005472032742));
#5617=CARTESIAN_POINT('Ctrl Pts',(-27.3484026221405,38.1522462284338,1.08319829968334));
#5618=CARTESIAN_POINT('Ctrl Pts',(-27.4265664003888,38.0989033290362,1.03693828571185));
#5619=CARTESIAN_POINT('Ctrl Pts',(-27.4614407654321,38.0657518441732,1.00616185576989));
#5620=CARTESIAN_POINT('Ctrl Pts',(-27.5160067338682,37.9975825056613,0.940201985852836));
#5621=CARTESIAN_POINT('Ctrl Pts',(-27.5367020305306,37.962401709541,0.905003958923754));
#5622=CARTESIAN_POINT('Ctrl Pts',(-27.5708705992558,37.8807423511626,0.821223440424817));
#5623=CARTESIAN_POINT('Ctrl Pts',(-27.5766656664456,37.8435548234808,0.781673191698259));
#5624=CARTESIAN_POINT('Ctrl Pts',(-27.5790512920041,37.8226787759797,0.75930889861349));
#5625=CARTESIAN_POINT('Ctrl Pts',(-27.5791710931883,37.8215992693918,0.758158290182877));
#5626=CARTESIAN_POINT('Ctrl Pts',(-27.5792150406457,37.821194893047,0.757725547949554));
#5627=CARTESIAN_POINT('Ctrl Pts',(-27.2061804263167,40.4204106442582,1.36549198857087));
#5628=CARTESIAN_POINT('Ctrl Pts',(-27.4830911925716,40.498802247595,1.3801449638894));
#5629=CARTESIAN_POINT('Ctrl Pts',(-27.5074112377488,40.7676668004299,1.27955656119119));
#5630=CARTESIAN_POINT('Ctrl Pts',(-27.1968245815374,40.4368576360774,1.40950780449733));
#5631=CARTESIAN_POINT('Ctrl Pts',(-27.4863862966192,40.5257876633762,1.44596993904491));
#5632=CARTESIAN_POINT('Ctrl Pts',(-27.492564913793,40.8231178138891,1.37075424091656));
#5633=CARTESIAN_POINT('Ctrl Pts',(-27.1872419930322,40.4450242319725,1.45459032976826));
#5634=CARTESIAN_POINT('Ctrl Pts',(-27.4821042610919,40.5377322322845,1.50405619178735));
#5635=CARTESIAN_POINT('Ctrl Pts',(-27.4723142960862,40.8499949983889,1.46392786662017));
#5636=CARTESIAN_POINT('Ctrl Pts',(-27.1675881689349,40.4449756628053,1.54705428705682));
#5637=CARTESIAN_POINT('Ctrl Pts',(-27.4570074249222,40.5376573564052,1.62189294047235));
#5638=CARTESIAN_POINT('Ctrl Pts',(-27.4317197291821,40.8498341090462,1.65490132686223));
#5639=CARTESIAN_POINT('Ctrl Pts',(-27.1580428430014,40.4367525363963,1.59196150682549));
#5640=CARTESIAN_POINT('Ctrl Pts',(-27.4372741372361,40.5256162736092,1.67650665971964));
#5641=CARTESIAN_POINT('Ctrl Pts',(-27.4123773498249,40.8227658627069,1.74788168886994));
#5642=CARTESIAN_POINT('Ctrl Pts',(-27.1487750498525,40.4204795323669,1.63556307246085));
#5643=CARTESIAN_POINT('Ctrl Pts',(-27.4077853222821,40.4989096625135,1.73475674028444));
#5644=CARTESIAN_POINT('Ctrl Pts',(-27.3890670177362,40.76789728192,1.83639864665318));
#5645=CARTESIAN_POINT('Origin',(-27.0120059013043,40.792893882152,1.6961797352357));
#5646=CARTESIAN_POINT('Ctrl Pts',(-27.0160913132941,38.1881752502673,2.25979097738614));
#5647=CARTESIAN_POINT('Ctrl Pts',(-27.2432026284735,38.0838325339313,2.34004223576368));
#5648=CARTESIAN_POINT('Ctrl Pts',(-27.2392757795496,37.8216295381902,2.35193279033421));
#5649=CARTESIAN_POINT('Ctrl Pts',(-27.0695952573104,38.1881752502672,2.00807471139237));
#5650=CARTESIAN_POINT('Ctrl Pts',(-27.3288260999597,38.0934400541458,2.0792804859215));
#5651=CARTESIAN_POINT('Ctrl Pts',(-27.3250305215557,37.8092662498532,2.09226620797896));
#5652=CARTESIAN_POINT('Ctrl Pts',(-27.1235340431558,38.1881752502674,1.75431267543311));
#5653=CARTESIAN_POINT('Ctrl Pts',(-27.3974322403451,38.101319478887,1.82407791618418));
#5654=CARTESIAN_POINT('Ctrl Pts',(-27.3967426345626,37.8058476548038,1.82732316503317));
#5655=CARTESIAN_POINT('Ctrl Pts',(-27.2314655523295,38.1881752502672,1.24653484761555));
#5656=CARTESIAN_POINT('Ctrl Pts',(-27.5100480662273,38.1013122218055,1.29418891440499));
#5657=CARTESIAN_POINT('Ctrl Pts',(-27.5107395364263,37.8058521958629,1.29093489294587));
#5658=CARTESIAN_POINT('Ctrl Pts',(-27.2852479896872,38.188175250267,0.99350837346342));
#5659=CARTESIAN_POINT('Ctrl Pts',(-27.5510640765672,38.0934532329718,1.03393107634045));
#5660=CARTESIAN_POINT('Ctrl Pts',(-27.5528799891065,37.8092491805952,1.02051506391124));
#5661=CARTESIAN_POINT('Ctrl Pts',(-27.3388281760332,38.1881752502673,0.741433415505507));
#5662=CARTESIAN_POINT('Ctrl Pts',(-27.5789439112711,38.0838318571672,0.760493680378463));
#5663=CARTESIAN_POINT('Ctrl Pts',(-27.5801928891245,37.8216304310438,0.748033508521265));
#5664=CARTESIAN_POINT('Ctrl Pts',(-27.0942931365139,38.1881752502673,1.89188032525009));
#5665=CARTESIAN_POINT('Ctrl Pts',(-27.1325110420141,38.1735022308064,1.91908410712653));
#5666=CARTESIAN_POINT('Ctrl Pts',(-27.1638405466194,38.1522444370416,1.95148375397921));
#5667=CARTESIAN_POINT('Ctrl Pts',(-27.2164308271431,38.0988996127871,2.02553451155604));
#5668=CARTESIAN_POINT('Ctrl Pts',(-27.2357726349633,38.0657466822546,2.06783441146947));
#5669=CARTESIAN_POINT('Ctrl Pts',(-27.2587937220258,37.9975758507189,2.15028513977592));
#5670=CARTESIAN_POINT('Ctrl Pts',(-27.2633841059439,37.9623946504007,2.19085790114912));
#5671=CARTESIAN_POINT('Ctrl Pts',(-27.2605749706366,37.8822233540175,2.27964773225395));
#5672=CARTESIAN_POINT('Ctrl Pts',(-27.2504092086773,37.8456673760477,2.31768178550352));
#5673=CARTESIAN_POINT('Ctrl Pts',(-27.2427866769148,37.8225898395836,2.34126749204032));
#5674=CARTESIAN_POINT('Ctrl Pts',(-27.2424841029641,37.8216857949345,2.34219560844425));
#5675=CARTESIAN_POINT('Ctrl Pts',(-27.2423188675129,37.8211940686739,2.34269813529721));
#5676=CARTESIAN_POINT('Ctrl Pts',(-27.2425804075434,40.0099115747819,2.34192985155337));
#5677=CARTESIAN_POINT('Ctrl Pts',(-27.3345166705911,40.0228285093799,2.06224393674965));
#5678=CARTESIAN_POINT('Ctrl Pts',(-27.094382560323,40.0266645987463,1.89145962425995));
#5679=CARTESIAN_POINT('Ctrl Pts',(-27.2398733096747,40.1871516011251,2.34987147762336));
#5680=CARTESIAN_POINT('Ctrl Pts',(-27.3330790556193,40.1348577827693,2.06759075616767));
#5681=CARTESIAN_POINT('Ctrl Pts',(-27.0934771588708,40.1193225747768,1.89571914427282));
#5682=CARTESIAN_POINT('Ctrl Pts',(-27.2578976855072,40.364475431081,2.29737487443748));
#5683=CARTESIAN_POINT('Ctrl Pts',(-27.3426449248166,40.2463935739122,2.03216148962991));
#5684=CARTESIAN_POINT('Ctrl Pts',(-27.0994805629345,40.211409629475,1.86747540956913));
#5685=CARTESIAN_POINT('Ctrl Pts',(-27.321767366439,40.6515304978654,2.08848116950308));
#5686=CARTESIAN_POINT('Ctrl Pts',(-27.3770801009331,40.4246569906941,1.8956856213272));
#5687=CARTESIAN_POINT('Ctrl Pts',(-27.1222471893272,40.3577916288641,1.7603668292853));
#5688=CARTESIAN_POINT('Ctrl Pts',(-27.3665351256031,40.7579623129717,1.93297272988575));
#5689=CARTESIAN_POINT('Ctrl Pts',(-27.401468530347,40.489580973418,1.79559524056411));
#5690=CARTESIAN_POINT('Ctrl Pts',(-27.1388158861058,40.4106563801241,1.68241723592539));
#5691=CARTESIAN_POINT('Ctrl Pts',(-27.4088247081456,40.802537911749,1.75721368087356));
#5692=CARTESIAN_POINT('Ctrl Pts',(-27.4263941944362,40.5167425156311,1.6843840613987));
#5693=CARTESIAN_POINT('Ctrl Pts',(-27.1570132210418,40.4327115789557,1.5968055251933));
#5694=CARTESIAN_POINT('Origin',(-26.8623329829141,40.0450000010961,2.21775528154998));
#5695=CARTESIAN_POINT('Origin',(-26.8623329829136,41.792893882152,2.21775528154733));
#5696=CARTESIAN_POINT('Ctrl Pts',(-27.4146141594947,40.808243151291,-1.73294704265041));
#5697=CARTESIAN_POINT('Ctrl Pts',(-27.4298281378308,40.5202135023511,-1.66904283274947));
#5698=CARTESIAN_POINT('Ctrl Pts',(-27.1595218991362,40.4355258612735,-1.58500311697856));
#5699=CARTESIAN_POINT('Ctrl Pts',(-27.3707569843009,40.7679383676949,-1.91828250415799));
#5700=CARTESIAN_POINT('Ctrl Pts',(-27.4037796103837,40.4956633431771,-1.78613807064396));
#5701=CARTESIAN_POINT('Ctrl Pts',(-27.1403834960608,40.4156087888869,-1.67504223293836));
#5702=CARTESIAN_POINT('Ctrl Pts',(-27.3230445315766,40.6572186349161,-2.08429831488082));
#5703=CARTESIAN_POINT('Ctrl Pts',(-27.3777780386264,40.4281867267781,-1.8929516405164));
#5704=CARTESIAN_POINT('Ctrl Pts',(-27.1227036391852,40.3606866626798,-1.75821941638519));
#5705=CARTESIAN_POINT('Ctrl Pts',(-27.2566851867284,40.3591157602631,-2.30134621992625));
#5706=CARTESIAN_POINT('Ctrl Pts',(-27.3420004220299,40.2430660097195,-2.03475198517857));
#5707=CARTESIAN_POINT('Ctrl Pts',(-27.0990491060196,40.2086752497965,-1.86950524018591));
#5708=CARTESIAN_POINT('Ctrl Pts',(-27.238180415834,40.169553263853,-2.35479918886696));
#5709=CARTESIAN_POINT('Ctrl Pts',(-27.3321901289387,40.1237995749419,-2.07091360578643));
#5710=CARTESIAN_POINT('Ctrl Pts',(-27.0929147657488,40.1101922556776,-1.89836505822884));
#5711=CARTESIAN_POINT('Ctrl Pts',(-27.2430931552646,39.9858760855183,-2.34042603860471));
#5712=CARTESIAN_POINT('Ctrl Pts',(-27.3347980905623,40.0076269568943,-2.06122921429471));
#5713=CARTESIAN_POINT('Ctrl Pts',(-27.0945552353449,40.0140904664438,-1.89064723740746));
#5714=CARTESIAN_POINT('Origin',(-27.0120059013043,40.792893882152,-1.69617973523571));
#5715=CARTESIAN_POINT('Origin',(-26.8623329829136,40.045000001096,-2.21775528154751));
#5716=CARTESIAN_POINT('Origin',(-26.8623329829136,41.792893882152,-2.21775528154742));
#5717=CARTESIAN_POINT('Ctrl Pts',(-27.0942931365139,38.1881752502673,-1.89188032525019));
#5718=CARTESIAN_POINT('Ctrl Pts',(-27.1325120914059,38.1735032071319,-1.91908485409132));
#5719=CARTESIAN_POINT('Ctrl Pts',(-27.1638424431109,38.1522462284342,-1.95148567495376));
#5720=CARTESIAN_POINT('Ctrl Pts',(-27.2164329648908,38.0989033290363,-2.02553837336314));
#5721=CARTESIAN_POINT('Ctrl Pts',(-27.235774380864,38.0657518441731,-2.06783872330628));
#5722=CARTESIAN_POINT('Ctrl Pts',(-27.2587945774028,37.9975825056612,-2.15029004168355));
#5723=CARTESIAN_POINT('Ctrl Pts',(-27.2633843443473,37.9624017095409,-2.1908625747945));
#5724=CARTESIAN_POINT('Ctrl Pts',(-27.2605222782632,37.8807423515126,-2.2812974954624));
#5725=CARTESIAN_POINT('Ctrl Pts',(-27.2497298003258,37.8435548239868,-2.31978551158256));
#5726=CARTESIAN_POINT('Ctrl Pts',(-27.242812800043,37.822678775935,-2.3411866318359));
#5727=CARTESIAN_POINT('Ctrl Pts',(-27.2424542492897,37.8215992694364,-2.3422864923817));
#5728=CARTESIAN_POINT('Ctrl Pts',(-27.2423183851515,37.821194893047,-2.3426996971702));
#5729=CARTESIAN_POINT('Ctrl Pts',(-27.148735189521,40.4204106442588,-1.63575057924882));
#5730=CARTESIAN_POINT('Ctrl Pts',(-27.4076656641965,40.498802247596,-1.73499417570303));
#5731=CARTESIAN_POINT('Ctrl Pts',(-27.3889701417528,40.7676668004311,-1.83677810761409));
#5732=CARTESIAN_POINT('Ctrl Pts',(-27.1580910452316,40.4368576360769,-1.59173476564811));
#5733=CARTESIAN_POINT('Ctrl Pts',(-27.4374493209585,40.5257876633755,-1.67620030821294));
#5734=CARTESIAN_POINT('Ctrl Pts',(-27.412500788047,40.8231178138881,-1.74742633758912));
#5735=CARTESIAN_POINT('Ctrl Pts',(-27.1676736300201,40.4450242319719,-1.54665223958913));
#5736=CARTESIAN_POINT('Ctrl Pts',(-27.4571632942997,40.537732232284,-1.62139421511441));
#5737=CARTESIAN_POINT('Ctrl Pts',(-27.4318980559676,40.8499949983865,-1.65407132679418));
#5738=CARTESIAN_POINT('Ctrl Pts',(-27.1873274478831,40.4449756628062,-1.45418828098029));
#5739=CARTESIAN_POINT('Ctrl Pts',(-27.4821647172071,40.5376573564065,-1.50353718572));
#5740=CARTESIAN_POINT('Ctrl Pts',(-27.4724889779009,40.8498341090489,-1.46309709179874));
#5741=CARTESIAN_POINT('Ctrl Pts',(-27.1968727705532,40.4367525363984,-1.40928106051916));
#5742=CARTESIAN_POINT('Ctrl Pts',(-27.4863508627111,40.5256162736125,-1.44561881938887));
#5743=CARTESIAN_POINT('Ctrl Pts',(-27.4926373554133,40.822765862713,-1.37028804999129));
#5744=CARTESIAN_POINT('Ctrl Pts',(-27.2061405746582,40.4204795323712,-1.36567949721513));
#5745=CARTESIAN_POINT('Ctrl Pts',(-27.4831039319867,40.4989096625206,-1.38041054128304));
#5746=CARTESIAN_POINT('Ctrl Pts',(-27.507345397682,40.7678972819345,-1.27994261906544));
#5747=CARTESIAN_POINT('Origin',(-27.1058507581861,40.7928938821589,-1.25467439593331));
#5748=CARTESIAN_POINT('Ctrl Pts',(-27.338824312388,38.1881752502673,-0.741451592527098));
#5749=CARTESIAN_POINT('Ctrl Pts',(-27.5789419501844,38.0838325339313,-0.760512913906782));
#5750=CARTESIAN_POINT('Ctrl Pts',(-27.5801909194374,37.8216295381902,-0.748053158440838));
#5751=CARTESIAN_POINT('Ctrl Pts',(-27.2853203683716,38.1881752502675,-0.993167858520687));
#5752=CARTESIAN_POINT('Ctrl Pts',(-27.5511015248524,38.0934400541458,-1.0335568293624));
#5753=CARTESIAN_POINT('Ctrl Pts',(-27.5529158604423,37.8092662498532,-1.02014998114446));
#5754=CARTESIAN_POINT('Ctrl Pts',(-27.2313815825259,38.1881752502673,-1.24692989448025));
#5755=CARTESIAN_POINT('Ctrl Pts',(-27.5099761162509,38.101319478887,-1.29460060895988));
#5756=CARTESIAN_POINT('Ctrl Pts',(-27.5106660916436,37.8058476548038,-1.29135543867385));
#5757=CARTESIAN_POINT('Ctrl Pts',(-27.123450073353,38.1881752502673,-1.75470772229757));
#5758=CARTESIAN_POINT('Ctrl Pts',(-27.3973305186581,38.1013122218055,-1.82448328256629));
#5759=CARTESIAN_POINT('Ctrl Pts',(-27.3966386783525,37.8058521958629,-1.82773722535712));
#5760=CARTESIAN_POINT('Ctrl Pts',(-27.069667635995,38.1881752502675,-2.00773419645001));
#5761=CARTESIAN_POINT('Ctrl Pts',(-27.3289441092054,38.0934532329728,-2.07892336270416));
#5762=CARTESIAN_POINT('Ctrl Pts',(-27.3251462439988,37.8092491805952,-2.09191809808897));
#5763=CARTESIAN_POINT('Ctrl Pts',(-27.0160874496489,38.1881752502673,-2.25980915440773));
#5764=CARTESIAN_POINT('Ctrl Pts',(-27.2431965970346,38.0838318571672,-2.34006060411194));
#5765=CARTESIAN_POINT('Ctrl Pts',(-27.239269586606,37.8216304310438,-2.3519515425729));
#5766=CARTESIAN_POINT('Ctrl Pts',(-27.2606224891681,38.1881752502673,-1.10936224466314));
#5767=CARTESIAN_POINT('Ctrl Pts',(-27.3066010580578,38.1735022308064,-1.10005497588777));
#5768=CARTESIAN_POINT('Ctrl Pts',(-27.3484001082777,38.1522444370415,-1.08319928320871));
#5769=CARTESIAN_POINT('Ctrl Pts',(-27.4265628767203,38.0988996127868,-1.03694094414815));
#5770=CARTESIAN_POINT('Ctrl Pts',(-27.4614374166902,38.0657466822541,-1.00616508470733));
#5771=CARTESIAN_POINT('Ctrl Pts',(-27.5160039586566,37.9975758507184,-0.9402061160556));
#5772=CARTESIAN_POINT('Ctrl Pts',(-27.5366999117951,37.9623946504002,-0.90500813154449));
#5773=CARTESIAN_POINT('Ctrl Pts',(-27.5702477170065,37.8822233536151,-0.822752005976466));
#5774=CARTESIAN_POINT('Ctrl Pts',(-27.5764306743818,37.8456673754941,-0.783871381317025));
#5775=CARTESIAN_POINT('Ctrl Pts',(-27.5790603161466,37.8225898396325,-0.759224403913152));
#5776=CARTESIAN_POINT('Ctrl Pts',(-27.5791614000498,37.8216857948853,-0.758253459369628));
#5777=CARTESIAN_POINT('Ctrl Pts',(-27.5792148460338,37.8211940686737,-0.757727170985584));
#5778=CARTESIAN_POINT('Ctrl Pts',(-27.5791412855895,40.0099115747123,-0.758535411027085));
#5779=CARTESIAN_POINT('Ctrl Pts',(-27.5493707309865,40.0228285093359,-1.05143505507054));
#5780=CARTESIAN_POINT('Ctrl Pts',(-27.2605330673739,40.0266645987099,-1.1097829460833));
#5781=CARTESIAN_POINT('Ctrl Pts',(-27.5798983789579,40.1871516010834,-0.75017929868793));
#5782=CARTESIAN_POINT('Ctrl Pts',(-27.550232151742,40.1348577827433,-1.04596576177954));
#5783=CARTESIAN_POINT('Ctrl Pts',(-27.2614384448629,40.1193225747552,-1.1055234209674));
#5784=CARTESIAN_POINT('Ctrl Pts',(-27.5750121734742,40.3644754310698,-0.805468506191361));
#5785=CARTESIAN_POINT('Ctrl Pts',(-27.5445606271575,40.2463935739051,-1.08222279681933));
#5786=CARTESIAN_POINT('Ctrl Pts',(-27.2554350655341,40.2114096294692,-1.13376716093014));
#5787=CARTESIAN_POINT('Ctrl Pts',(-27.5483953060608,40.6515304978959,-1.02228054111988));
#5788=CARTESIAN_POINT('Ctrl Pts',(-27.520508989343,40.4246569907132,-1.22090575434759));
#5789=CARTESIAN_POINT('Ctrl Pts',(-27.2326684292677,40.3577916288798,-1.24087573913532));
#5790=CARTESIAN_POINT('Ctrl Pts',(-27.5260417083891,40.7579623130088,-1.18255325787003));
#5791=CARTESIAN_POINT('Ctrl Pts',(-27.502078502773,40.4895809734398,-1.32226253497708));
#5792=CARTESIAN_POINT('Ctrl Pts',(-27.2160997310131,40.4106563801425,-1.31882533219756));
#5793=CARTESIAN_POINT('Ctrl Pts',(-27.4931875188323,40.8025379117723,-1.36031786160845));
#5794=CARTESIAN_POINT('Ctrl Pts',(-27.4796155682901,40.5167425156454,-1.43399718350172));
#5795=CARTESIAN_POINT('Ctrl Pts',(-27.1979024038507,40.4327115789672,-1.40443704459862));
#5796=CARTESIAN_POINT('Origin',(-27.1812616302808,40.0450000010961,-0.717313964373338));
#5797=CARTESIAN_POINT('Origin',(-27.1812616302793,41.792893882152,-0.717313964375594));
#5798=CARTESIAN_POINT('Ctrl Pts',(-25.7216283831371,40.045000001096,-4.56599959830439));
#5799=CARTESIAN_POINT('Ctrl Pts',(-25.8714394441558,40.045000001096,-4.81975613841037));
#5800=CARTESIAN_POINT('Ctrl Pts',(-25.6734917265222,40.045000001096,-5.03805051931326));
#5801=CARTESIAN_POINT('Ctrl Pts',(-25.7216283848383,40.1311038476079,-4.56599960118612));
#5802=CARTESIAN_POINT('Ctrl Pts',(-25.8714394374453,40.1491211020253,-4.81975614678461));
#5803=CARTESIAN_POINT('Ctrl Pts',(-25.6734917155177,40.2098290602335,-5.03805053144885));
#5804=CARTESIAN_POINT('Ctrl Pts',(-25.7386722467382,40.2168520645804,-4.54254073195094));
#5805=CARTESIAN_POINT('Ctrl Pts',(-25.8946573433523,40.2530163205353,-4.79106847355761));
#5806=CARTESIAN_POINT('Ctrl Pts',(-25.7114656396131,40.3751394914935,-4.99687958111056));
#5807=CARTESIAN_POINT('Ctrl Pts',(-25.7983440738093,40.3524982927623,-4.46040950920322));
#5808=CARTESIAN_POINT('Ctrl Pts',(-25.9752847430479,40.4182051626942,-4.68846435448567));
#5809=CARTESIAN_POINT('Ctrl Pts',(-25.8443287148951,40.6411394993346,-4.84403900065555));
#5810=CARTESIAN_POINT('Ctrl Pts',(-25.8413668514175,40.4035830092906,-4.4011937376811));
#5811=CARTESIAN_POINT('Ctrl Pts',(-26.033148243207,40.480889758294,-4.61364664280504));
#5812=CARTESIAN_POINT('Ctrl Pts',(-25.9399809821793,40.7437178295122,-4.73048116959041));
#5813=CARTESIAN_POINT('Ctrl Pts',(-25.888819596834,40.4279445219644,-4.3358806344066));
#5814=CARTESIAN_POINT('Ctrl Pts',(-26.0960082779553,40.5108704779671,-4.52948807276379));
#5815=CARTESIAN_POINT('Ctrl Pts',(-26.042023664774,40.7928938821519,-4.59903061357586));
#5816=CARTESIAN_POINT('Origin',(-25.7260538550638,40.7928938821519,-4.35374898085188));
#5817=CARTESIAN_POINT('Origin',(-25.3771769535189,40.045000001096,-4.76935449161658));
#5818=CARTESIAN_POINT('Origin',(-25.3771769535189,41.792893882152,-4.76935449161655));
#5819=CARTESIAN_POINT('Ctrl Pts',(-25.7216283839813,38.1881752502673,-4.56599959973448));
#5820=CARTESIAN_POINT('Ctrl Pts',(-25.7454780578814,38.1735032071318,-4.60639722289922));
#5821=CARTESIAN_POINT('Ctrl Pts',(-25.7609211572574,38.1522462284342,-4.64874004770087));
#5822=CARTESIAN_POINT('Ctrl Pts',(-25.7788450435827,38.0989033290362,-4.7377810462453));
#5823=CARTESIAN_POINT('Ctrl Pts',(-25.7793092039526,38.0657518441731,-4.7842912013978));
#5824=CARTESIAN_POINT('Ctrl Pts',(-25.7668032274808,37.9975825056612,-4.86897738624119));
#5825=CARTESIAN_POINT('Ctrl Pts',(-25.7544938523059,37.9624017095409,-4.90790906596929));
#5826=CARTESIAN_POINT('Ctrl Pts',(-25.7150960292299,37.8807423524328,-4.98936136888863));
#5827=CARTESIAN_POINT('Ctrl Pts',(-25.6895821240653,37.8435548253164,-5.02013222480011));
#5828=CARTESIAN_POINT('Ctrl Pts',(-25.6745585090327,37.822678775819,-5.03686972467276));
#5829=CARTESIAN_POINT('Ctrl Pts',(-25.6737836032009,37.8215992695523,-5.03772866136413));
#5830=CARTESIAN_POINT('Ctrl Pts',(-25.6734914195223,37.821194893047,-5.0380508818906));
#5831=CARTESIAN_POINT('Ctrl Pts',(-25.8755410272909,40.4204106442587,-4.35415701159009));
#5832=CARTESIAN_POINT('Ctrl Pts',(-26.0717197790074,40.4988022475954,-4.55013706039056));
#5833=CARTESIAN_POINT('Ctrl Pts',(-26.0132413146161,40.7676668004308,-4.63551715500977));
#5834=CARTESIAN_POINT('Ctrl Pts',(-25.9019908710441,40.4368576360769,-4.31775193435553));
#5835=CARTESIAN_POINT('Ctrl Pts',(-26.122842123651,40.5257876633761,-4.50854029437764));
#5836=CARTESIAN_POINT('Ctrl Pts',(-26.0710802686465,40.8231178138883,-4.56346102745415));
#5837=CARTESIAN_POINT('Ctrl Pts',(-25.9290817131606,40.4450242319718,-4.28046458582413));
#5838=CARTESIAN_POINT('Ctrl Pts',(-26.1631433807756,40.5377322322839,-4.46649083231487));
#5839=CARTESIAN_POINT('Ctrl Pts',(-26.1267714583512,40.8499949983865,-4.486066561033));
#5840=CARTESIAN_POINT('Ctrl Pts',(-25.9846448493249,40.4449756628061,-4.20398848434236));
#5841=CARTESIAN_POINT('Ctrl Pts',(-26.2339200896066,40.5376573564065,-4.3689920732854));
#5842=CARTESIAN_POINT('Ctrl Pts',(-26.2415293299612,40.849834109049,-4.32811273145228));
#5843=CARTESIAN_POINT('Ctrl Pts',(-26.0116303475923,40.4367525363984,-4.16684612957483));
#5844=CARTESIAN_POINT('Ctrl Pts',(-26.2613018457113,40.5256162736146,-4.31778367157897));
#5845=CARTESIAN_POINT('Ctrl Pts',(-26.2976846268289,40.8227658627148,-4.2515225363129));
#5846=CARTESIAN_POINT('Ctrl Pts',(-26.0378312614257,40.420479532371,-4.1307836750023));
#5847=CARTESIAN_POINT('Ctrl Pts',(-26.2848582230331,40.498909662519,-4.25689229961186));
#5848=CARTESIAN_POINT('Ctrl Pts',(-26.3478678893256,40.767897281933,-4.17497017801146));
#5849=CARTESIAN_POINT('Origin',(-25.9913617973997,40.7928938821587,-3.98858392566452));
#5850=CARTESIAN_POINT('Ctrl Pts',(-26.4129402497988,38.1881752502673,-3.61449044621615));
#5851=CARTESIAN_POINT('Ctrl Pts',(-26.624545689237,38.0838325339313,-3.72956847171984));
#5852=CARTESIAN_POINT('Ctrl Pts',(-26.6307545185366,37.8216295381902,-3.71869392027186));
#5853=CARTESIAN_POINT('Ctrl Pts',(-26.2616797357391,38.1881752502673,-3.82268268304898));
#5854=CARTESIAN_POINT('Ctrl Pts',(-26.4880552295506,38.0934400541467,-3.96768277927944));
#5855=CARTESIAN_POINT('Ctrl Pts',(-26.4951657640266,37.8092662498532,-3.95617297075641));
#5856=CARTESIAN_POINT('Ctrl Pts',(-26.1091898842926,38.1881752502673,-4.03256695763543));
#5857=CARTESIAN_POINT('Ctrl Pts',(-26.3443092287205,38.101319478887,-4.18943092773759));
#5858=CARTESIAN_POINT('Ctrl Pts',(-26.3462594822748,37.8058476548038,-4.18674695543828));
#5859=CARTESIAN_POINT('Ctrl Pts',(-25.8040576952362,38.1881752502673,-4.4525453860063));
#5860=CARTESIAN_POINT('Ctrl Pts',(-26.0258796548294,38.1013122218055,-4.62768574507187));
#5861=CARTESIAN_POINT('Ctrl Pts',(-26.0239241294934,37.8058521958629,-4.63037697292445));
#5862=CARTESIAN_POINT('Ctrl Pts',(-25.6520098551814,38.1881752502673,-4.66182128410459));
#5863=CARTESIAN_POINT('Ctrl Pts',(-25.8599154570504,38.0934532329719,-4.83231306591155));
#5864=CARTESIAN_POINT('Ctrl Pts',(-25.851160499494,37.8092491805952,-4.84263961645026));
#5865=CARTESIAN_POINT('Ctrl Pts',(-25.5005337971216,38.1881752502673,-4.8703101918022));
#5866=CARTESIAN_POINT('Ctrl Pts',(-25.6753671218503,38.0838318571672,-5.03599715136818));
#5867=CARTESIAN_POINT('Ctrl Pts',(-25.6669431389184,37.8216304310438,-5.04526280514722));
#5868=CARTESIAN_POINT('Ctrl Pts',(-26.0246653683207,40.4279445212758,-4.14890496656386));
#5869=CARTESIAN_POINT('Ctrl Pts',(-26.2728218094324,40.5108704761524,-4.28612512477499));
#5870=CARTESIAN_POINT('Ctrl Pts',(-26.3222785334379,40.792893882159,-4.21329287922406));
#5871=CARTESIAN_POINT('Ctrl Pts',(-26.0720033946491,40.4036419013306,-4.08374975751987));
#5872=CARTESIAN_POINT('Ctrl Pts',(-26.333286342949,40.4809640280499,-4.20054783741771));
#5873=CARTESIAN_POINT('Ctrl Pts',(-26.4155294611683,40.7438403923791,-4.0759672758227));
#5874=CARTESIAN_POINT('Ctrl Pts',(-26.1149595035503,40.3529217392629,-4.02462574800732));
#5875=CARTESIAN_POINT('Ctrl Pts',(-26.3864908011135,40.4187209650323,-4.12251348512922));
#5876=CARTESIAN_POINT('Ctrl Pts',(-26.4938878869417,40.641969288857,-3.95008957137423));
#5877=CARTESIAN_POINT('Ctrl Pts',(-26.1750161260352,40.2163785567674,-3.94196490553114));
#5878=CARTESIAN_POINT('Ctrl Pts',(-26.4596261025541,40.2524400564941,-4.0134269101932));
#5879=CARTESIAN_POINT('Ctrl Pts',(-26.5988621993326,40.3742115344441,-3.77537984670915));
#5880=CARTESIAN_POINT('Ctrl Pts',(-26.1918565899247,40.1314483031663,-3.91878600514982));
#5881=CARTESIAN_POINT('Ctrl Pts',(-26.4794875727183,40.1495408470597,-3.98284968565438));
#5882=CARTESIAN_POINT('Ctrl Pts',(-26.6259286639382,40.2105053871399,-3.72713353077918));
#5883=CARTESIAN_POINT('Ctrl Pts',(-26.1918565817915,40.045000001096,-3.91878600333831));
#5884=CARTESIAN_POINT('Ctrl Pts',(-26.4794875580711,40.045000001096,-3.9828497079897));
#5885=CARTESIAN_POINT('Ctrl Pts',(-26.6259286436966,40.045000001096,-3.72713356612519));
#5886=CARTESIAN_POINT('Ctrl Pts',(-23.3799744373614,40.045000001096,-6.45061606097055));
#5887=CARTESIAN_POINT('Ctrl Pts',(-23.4136215683785,40.045000001096,-6.74336784358595));
#5888=CARTESIAN_POINT('Ctrl Pts',(-23.1439990063928,40.045000001096,-6.86227709351393));
#5889=CARTESIAN_POINT('Ctrl Pts',(-23.3799744377435,40.1311038476079,-6.4506160642954));
#5890=CARTESIAN_POINT('Ctrl Pts',(-23.4136215588419,40.1491211020248,-6.74336784850792));
#5891=CARTESIAN_POINT('Ctrl Pts',(-23.1439989914034,40.2098290602331,-6.86227710012458));
#5892=CARTESIAN_POINT('Ctrl Pts',(-23.4050863620859,40.2168520645805,-6.43611768403787));
#5893=CARTESIAN_POINT('Ctrl Pts',(-23.4465004992259,40.2530163205358,-6.72660392804805));
#5894=CARTESIAN_POINT('Ctrl Pts',(-23.195435631403,40.3751394914941,-6.84011095186695));
#5895=CARTESIAN_POINT('Ctrl Pts',(-23.4930050664879,40.3524982927622,-6.38535779719559));
#5896=CARTESIAN_POINT('Ctrl Pts',(-23.5618901489354,40.4182051626935,-6.66566451902613));
#5897=CARTESIAN_POINT('Ctrl Pts',(-23.3789779549349,40.641139499334,-6.75452441507791));
#5898=CARTESIAN_POINT('Ctrl Pts',(-23.5563935536731,40.4035830092905,-6.34876043824019));
#5899=CARTESIAN_POINT('Ctrl Pts',(-23.6451821915616,40.4808897582919,-6.62085034417967));
#5900=CARTESIAN_POINT('Ctrl Pts',(-23.5125487802287,40.7437178295115,-6.68968945642606));
#5901=CARTESIAN_POINT('Ctrl Pts',(-23.6263090260758,40.4279445219643,-6.30839471979521));
#5902=CARTESIAN_POINT('Ctrl Pts',(-23.7368380650373,40.510870477967,-6.5695351443149));
#5903=CARTESIAN_POINT('Ctrl Pts',(-23.659235167282,40.7928938821519,-6.6111078962436));
#5904=CARTESIAN_POINT('Origin',(-23.4703474107714,40.7928938821519,-6.25851547511064));
#5905=CARTESIAN_POINT('Origin',(-22.9825905117964,40.045000001096,-6.49628898185988));
#5906=CARTESIAN_POINT('Origin',(-22.9825905117964,41.792893882152,-6.49628898185986));
#5907=CARTESIAN_POINT('Ctrl Pts',(-23.379974437551,38.1881752502673,-6.45061606262065));
#5908=CARTESIAN_POINT('Ctrl Pts',(-23.3853310051745,38.1735032071318,-6.49722166406301));
#5909=CARTESIAN_POINT('Ctrl Pts',(-23.3822166000431,38.152246228434,-6.54218503372325));
#5910=CARTESIAN_POINT('Ctrl Pts',(-23.3623746481349,38.0989033290362,-6.63081833484205));
#5911=CARTESIAN_POINT('Ctrl Pts',(-23.3438812953567,38.0657518441731,-6.67349626684651));
#5912=CARTESIAN_POINT('Ctrl Pts',(-23.2980115428194,37.9975825056612,-6.74577430744675));
#5913=CARTESIAN_POINT('Ctrl Pts',(-23.2709314283201,37.9624017095409,-6.77633349268374));
#5914=CARTESIAN_POINT('Ctrl Pts',(-23.2018100886018,37.8807423510788,-6.83471933669592));
#5915=CARTESIAN_POINT('Ctrl Pts',(-23.1659863410271,37.8435548233599,-6.85245247209047));
#5916=CARTESIAN_POINT('Ctrl Pts',(-23.1454538333247,37.8226787759902,-6.86163228339626));
#5917=CARTESIAN_POINT('Ctrl Pts',(-23.1443965602603,37.8215992693813,-6.86210177866123));
#5918=CARTESIAN_POINT('Ctrl Pts',(-23.143998578461,37.821194893047,-6.86227729987672));
#5919=CARTESIAN_POINT('Ctrl Pts',(-23.6067447768825,40.4204106442586,-6.31969014035232));
#5920=CARTESIAN_POINT('Ctrl Pts',(-23.7062507172408,40.4988022475947,-6.57851991063903));
#5921=CARTESIAN_POINT('Ctrl Pts',(-23.6181007686549,40.7676668004308,-6.63273317395255));
#5922=CARTESIAN_POINT('Ctrl Pts',(-23.6457151904039,40.4368576360769,-6.29719056806803));
#5923=CARTESIAN_POINT('Ctrl Pts',(-23.7698722319434,40.5257876633769,-6.5613127048413));
#5924=CARTESIAN_POINT('Ctrl Pts',(-23.7002471498189,40.8231178138884,-6.59043184793031));
#5925=CARTESIAN_POINT('Ctrl Pts',(-23.6856300371341,40.4450242319718,-6.27414571836994));
#5926=CARTESIAN_POINT('Ctrl Pts',(-23.8237923193707,40.5377322322841,-6.53929060781244));
#5927=CARTESIAN_POINT('Ctrl Pts',(-23.7826027486694,40.8499949983865,-6.54238013223377));
#5928=CARTESIAN_POINT('Ctrl Pts',(-23.7674951205815,40.4449756628061,-6.22688088672533));
#5929=CARTESIAN_POINT('Ctrl Pts',(-23.9281063781813,40.537657356406,-6.47900854033323));
#5930=CARTESIAN_POINT('Ctrl Pts',(-23.9516848914118,40.849834109049,-6.44475836016836));
#5931=CARTESIAN_POINT('Ctrl Pts',(-23.80725475664,40.4367525363984,-6.20392564821827));
#5932=CARTESIAN_POINT('Ctrl Pts',(-23.973949190499,40.5256162736133,-6.44336450111938));
#5933=CARTESIAN_POINT('Ctrl Pts',(-24.0341373466507,40.8227658627125,-6.39763015223817));
#5934=CARTESIAN_POINT('Ctrl Pts',(-23.8458584041724,40.420479532371,-6.18163782839023));
#5935=CARTESIAN_POINT('Ctrl Pts',(-24.0202357642286,40.4989096625196,-6.3973187066862));
#5936=CARTESIAN_POINT('Ctrl Pts',(-24.1111186873906,40.7678972819344,-6.34810746476573));
#5937=CARTESIAN_POINT('Origin',(-23.8612442850844,40.7928938821587,-6.03283105950147));
#5938=CARTESIAN_POINT('Ctrl Pts',(-24.3985328913409,38.1881752502673,-5.86255106513958));
#5939=CARTESIAN_POINT('Ctrl Pts',(-24.545037629567,38.0838325339313,-6.05374775870664));
#5940=CARTESIAN_POINT('Ctrl Pts',(-24.5551327559219,37.8216295381902,-6.04633872001419));
#5941=CARTESIAN_POINT('Ctrl Pts',(-24.1756701242771,38.1881752502673,-5.99122094369623));
#5942=CARTESIAN_POINT('Ctrl Pts',(-24.3234975759847,38.0934400541458,-6.21576033139386));
#5943=CARTESIAN_POINT('Ctrl Pts',(-24.3346748333371,37.8092662498532,-6.20813771302128));
#5944=CARTESIAN_POINT('Ctrl Pts',(-23.950996087872,38.1881752502673,-6.12093655909455));
#5945=CARTESIAN_POINT('Ctrl Pts',(-24.1019859723589,38.101319478887,-6.35987057932411));
#5946=CARTESIAN_POINT('Ctrl Pts',(-24.1048592875178,37.8058476548038,-6.35821188820557));
#5947=CARTESIAN_POINT('Ctrl Pts',(-23.5014233464591,38.1881752502673,-6.38049750236977));
#5948=CARTESIAN_POINT('Ctrl Pts',(-23.6328317883376,38.1013122218055,-6.6307193010493));
#5949=CARTESIAN_POINT('Ctrl Pts',(-23.6299507060671,37.8058521958629,-6.63238247621877));
#5950=CARTESIAN_POINT('Ctrl Pts',(-23.2774005565637,38.1881752502672,-6.50983712042067));
#5951=CARTESIAN_POINT('Ctrl Pts',(-23.3979865197651,38.0934532329718,-6.75015193983635));
#5952=CARTESIAN_POINT('Ctrl Pts',(-23.3857882815569,37.8092491805953,-6.75602475112764));
#5953=CARTESIAN_POINT('Ctrl Pts',(-23.0542202133459,38.1881752502673,-6.638690351655));
#5954=CARTESIAN_POINT('Ctrl Pts',(-23.146547445261,38.0838318571672,-6.86116404055503));
#5955=CARTESIAN_POINT('Ctrl Pts',(-23.1350830730044,37.8216304310438,-6.86620229393792));
#5956=CARTESIAN_POINT('Ctrl Pts',(-23.8264601690327,40.4279445212757,-6.19283740081837));
#5957=CARTESIAN_POINT('Ctrl Pts',(-23.9973498920819,40.5108704761524,-6.41912857086465));
#5958=CARTESIAN_POINT('Ctrl Pts',(-24.0721544007101,40.792893882159,-6.37270886567119));
#5959=CARTESIAN_POINT('Ctrl Pts',(-23.8962066189639,40.4036419013307,-6.15256926547341));
#5960=CARTESIAN_POINT('Ctrl Pts',(-24.0873944106069,40.4809640280497,-6.36554297010925));
#5961=CARTESIAN_POINT('Ctrl Pts',(-24.2131987170948,40.7438403923789,-6.2851842537747));
#5962=CARTESIAN_POINT('Ctrl Pts',(-23.9594968782838,40.3529217392624,-6.11602861867941));
#5963=CARTESIAN_POINT('Ctrl Pts',(-24.1677385321852,40.4187209650322,-6.31589524474658));
#5964=CARTESIAN_POINT('Ctrl Pts',(-24.3359817759737,40.6419692888564,-6.202060491713));
#5965=CARTESIAN_POINT('Ctrl Pts',(-24.0479825265376,40.2163785567679,-6.06494141053432));
#5966=CARTESIAN_POINT('Ctrl Pts',(-24.2789204619026,40.252440056494,-6.24598650672303));
#5967=CARTESIAN_POINT('Ctrl Pts',(-24.5029414291506,40.3742115344446,-6.08515211577027));
#5968=CARTESIAN_POINT('Ctrl Pts',(-24.0727947639605,40.1314483031659,-6.05061606512823));
#5969=CARTESIAN_POINT('Ctrl Pts',(-24.3095016954177,40.1495408470597,-6.22613120983948));
#5970=CARTESIAN_POINT('Ctrl Pts',(-24.5472914195276,40.2105053871395,-6.0520858359581));
#5971=CARTESIAN_POINT('Ctrl Pts',(-24.0727947572671,40.045000001096,-6.05061606016512));
#5972=CARTESIAN_POINT('Ctrl Pts',(-24.3095016729517,40.045000001096,-6.22613122428585));
#5973=CARTESIAN_POINT('Ctrl Pts',(-24.5472913866594,40.045000001096,-6.05208586001526));
#5974=CARTESIAN_POINT('Ctrl Pts',(-20.6639442608062,40.7932784352709,-7.48007310800335));
#5975=CARTESIAN_POINT('Ctrl Pts',(-20.7518614097832,40.5109578913184,-7.47394876782289));
#5976=CARTESIAN_POINT('Ctrl Pts',(-20.7571090137718,40.4279445221083,-7.19013004865639));
#5977=CARTESIAN_POINT('Ctrl Pts',(-20.4980801330838,40.7441313974277,-7.49218804893279));
#5978=CARTESIAN_POINT('Ctrl Pts',(-20.647349454078,40.4810048494602,-7.48353818970894));
#5979=CARTESIAN_POINT('Ctrl Pts',(-20.6769097721869,40.4036102983726,-7.19855932976038));
#5980=CARTESIAN_POINT('Ctrl Pts',(-20.3495098138621,40.6415481511941,-7.49709867014273));
#5981=CARTESIAN_POINT('Ctrl Pts',(-20.5529445076232,40.4183393304041,-7.49060651016866));
#5982=CARTESIAN_POINT('Ctrl Pts',(-20.6040676207323,40.3525515466803,-7.2062153477427));
#5983=CARTESIAN_POINT('Ctrl Pts',(-20.1467759737119,40.3752241724466,-7.50062821633311));
#5984=CARTESIAN_POINT('Ctrl Pts',(-20.4226176467099,40.2530036276599,-7.49934863843717));
#5985=CARTESIAN_POINT('Ctrl Pts',(-20.503029507255,40.216810365796,-7.21683488043011));
#5986=CARTESIAN_POINT('Ctrl Pts',(-20.0908104386798,40.2097450521376,-7.49995199974018));
#5987=CARTESIAN_POINT('Ctrl Pts',(-20.3857968087331,40.1490346097833,-7.50128605211932));
#5988=CARTESIAN_POINT('Ctrl Pts',(-20.4742245374698,40.1310166080478,-7.2198624073839));
#5989=CARTESIAN_POINT('Ctrl Pts',(-20.0908104543137,40.045000001096,-7.49995199979579));
#5990=CARTESIAN_POINT('Ctrl Pts',(-20.3857968151608,40.045000001096,-7.50128605484554));
#5991=CARTESIAN_POINT('Ctrl Pts',(-20.4742245381635,40.045000001096,-7.2198624051761));
#5992=CARTESIAN_POINT('Origin',(-20.6349187050953,40.792893882152,-7.08112778689459));
#5993=CARTESIAN_POINT('Origin',(-20.0926194076548,40.045000001096,-7.09995609020695));
#5994=CARTESIAN_POINT('Origin',(-20.0926194076549,41.792893882152,-7.09995609020694));
#5995=CARTESIAN_POINT('Ctrl Pts',(-20.4742245378191,38.1881752502673,-7.21986240627234));
#5996=CARTESIAN_POINT('Ctrl Pts',(-20.4601617999609,38.1735032071318,-7.26461745410422));
#5997=CARTESIAN_POINT('Ctrl Pts',(-20.4390283992629,38.1522462284341,-7.30442679352929));
#5998=CARTESIAN_POINT('Ctrl Pts',(-20.3848514628645,38.0989033290362,-7.37732689425117));
#5999=CARTESIAN_POINT('Ctrl Pts',(-20.3505982656405,38.0657518441731,-7.40879320094725));
#6000=CARTESIAN_POINT('Ctrl Pts',(-20.279296033965,37.9975825056612,-7.45616556745915));
#6001=CARTESIAN_POINT('Ctrl Pts',(-20.2421275779533,37.9624017095409,-7.47306829745612));
#6002=CARTESIAN_POINT('Ctrl Pts',(-20.1552344302173,37.880742351442,-7.49829223824993));
#6003=CARTESIAN_POINT('Ctrl Pts',(-20.1152950925587,37.8435548238848,-7.49992143281977));
#6004=CARTESIAN_POINT('Ctrl Pts',(-20.0928039471672,37.822678775944,-7.49995628448437));
#6005=CARTESIAN_POINT('Ctrl Pts',(-20.0916471193326,37.8215992694274,-7.49995515805411));
#6006=CARTESIAN_POINT('Ctrl Pts',(-20.0912121539081,37.821194893047,-7.49995363088203));
#6007=CARTESIAN_POINT('Ctrl Pts',(-20.7346419213586,40.4204106442587,-7.19249143126558));
#6008=CARTESIAN_POINT('Ctrl Pts',(-20.7202695692867,40.4988022475961,-7.46941690436028));
#6009=CARTESIAN_POINT('Ctrl Pts',(-20.6176900634346,40.7676668004314,-7.48308937062978));
#6010=CARTESIAN_POINT('Ctrl Pts',(-20.779394566115,40.4368576360769,-7.18778774438107));
#6011=CARTESIAN_POINT('Ctrl Pts',(-20.785389516175,40.525787663375,-7.47957454098391));
#6012=CARTESIAN_POINT('Ctrl Pts',(-20.7099400161528,40.8231178138873,-7.47785712970534));
#6013=CARTESIAN_POINT('Ctrl Pts',(-20.8252317778442,40.4450242319718,-7.18297005738537));
#6014=CARTESIAN_POINT('Ctrl Pts',(-20.8436051609386,40.5377322322838,-7.4813876296291));
#6015=CARTESIAN_POINT('Ctrl Pts',(-20.8047199929304,40.8499949983864,-7.4674567429138));
#6016=CARTESIAN_POINT('Ctrl Pts',(-20.9192435919255,40.4449756628061,-7.1730890143568));
#6017=CARTESIAN_POINT('Ctrl Pts',(-20.9634197212968,40.5376573564064,-7.46874557081233));
#6018=CARTESIAN_POINT('Ctrl Pts',(-20.9988905682614,40.8498341090488,-7.44704671961964));
#6019=CARTESIAN_POINT('Ctrl Pts',(-20.9649025634957,40.4367525363983,-7.1682900613895));
#6020=CARTESIAN_POINT('Ctrl Pts',(-21.0197969511111,40.5256162736116,-7.45482907228948));
#6021=CARTESIAN_POINT('Ctrl Pts',(-21.0933834033047,40.822765862713,-7.43752939419532));
#6022=CARTESIAN_POINT('Ctrl Pts',(-21.0092340233656,40.4204795323712,-7.16363064283331));
#6023=CARTESIAN_POINT('Ctrl Pts',(-21.0808103521466,40.4989096625209,-7.43159059155726));
#6024=CARTESIAN_POINT('Ctrl Pts',(-21.1838520491184,40.7678972819342,-7.42359930011681));
#6025=CARTESIAN_POINT('Origin',(-21.0838148906291,40.7928938821589,-7.03394689660109));
#6026=CARTESIAN_POINT('Ctrl Pts',(-21.6486944907994,38.1881752502673,-7.09642064002182));
#6027=CARTESIAN_POINT('Ctrl Pts',(-21.7048741488502,38.0836555144035,-7.33012612357661));
#6028=CARTESIAN_POINT('Ctrl Pts',(-21.7172132803108,37.8218554917229,-7.32742822873023));
#6029=CARTESIAN_POINT('Ctrl Pts',(-21.3911962335891,38.1881752502674,-7.12348479742799));
#6030=CARTESIAN_POINT('Ctrl Pts',(-21.4349077158926,38.0933412918045,-7.38856986506555));
#6031=CARTESIAN_POINT('Ctrl Pts',(-21.4483882076361,37.8093024700704,-7.38611485767082));
#6032=CARTESIAN_POINT('Ctrl Pts',(-21.1315796568871,38.1881752502673,-7.15077159918466));
#6033=CARTESIAN_POINT('Ctrl Pts',(-21.1724033169155,38.1013179848748,-7.43045937603272));
#6034=CARTESIAN_POINT('Ctrl Pts',(-21.1757227932397,37.8058409647483,-7.43010571756));
#6035=CARTESIAN_POINT('Ctrl Pts',(-20.613693424701,38.1881752502673,-7.20520363557326));
#6036=CARTESIAN_POINT('Ctrl Pts',(-20.6319669545256,38.1013107050821,-7.48724617636636));
#6037=CARTESIAN_POINT('Ctrl Pts',(-20.6286580867925,37.8058455201258,-7.48758880386878));
#6038=CARTESIAN_POINT('Ctrl Pts',(-20.3564312605214,38.1881752502673,-7.23224297860218));
#6039=CARTESIAN_POINT('Ctrl Pts',(-20.3688473903929,38.0934516013887,-7.50083284652882));
#6040=CARTESIAN_POINT('Ctrl Pts',(-20.3553145339231,37.8092426711516,-7.50123183896826));
#6041=CARTESIAN_POINT('Ctrl Pts',(-20.1001365410178,38.1881752502673,-7.25918063909818));
#6042=CARTESIAN_POINT('Ctrl Pts',(-20.0939933597552,38.083830104272,-7.49997738055829));
#6043=CARTESIAN_POINT('Ctrl Pts',(-20.0814707014036,37.8216242733814,-7.49991302715338));
#6044=CARTESIAN_POINT('Ctrl Pts',(-21.7019259214592,40.0099115747594,-7.33075755888034));
#6045=CARTESIAN_POINT('Ctrl Pts',(-21.4141621990658,40.0228285093657,-7.39295504658814));
#6046=CARTESIAN_POINT('Ctrl Pts',(-21.2694143104337,40.0266645987345,-7.13628459436632));
#6047=CARTESIAN_POINT('Ctrl Pts',(-21.7101070112529,40.1871516011148,-7.32889541674538));
#6048=CARTESIAN_POINT('Ctrl Pts',(-21.419629999733,40.134857782763,-7.39208420183487));
#6049=CARTESIAN_POINT('Ctrl Pts',(-21.2737451365754,40.1193225747716,-7.13582939387839));
#6050=CARTESIAN_POINT('Ctrl Pts',(-21.6560139296457,40.3644754310825,-7.34133366390339));
#6051=CARTESIAN_POINT('Ctrl Pts',(-21.3833949128179,40.246393573913,-7.39789430141658));
#6052=CARTESIAN_POINT('Ctrl Pts',(-21.2450285974037,40.2114096294757,-7.13884763648172));
#6053=CARTESIAN_POINT('Ctrl Pts',(-21.4415883666672,40.6515304978832,-7.38301812208074));
#6054=CARTESIAN_POINT('Ctrl Pts',(-21.2440672175466,40.4246569907052,-7.41787522525079));
#6055=CARTESIAN_POINT('Ctrl Pts',(-21.1361270086488,40.3577916288733,-7.15029364961366));
#6056=CARTESIAN_POINT('Ctrl Pts',(-21.2822523134701,40.7579623129897,-7.41128558055972));
#6057=CARTESIAN_POINT('Ctrl Pts',(-21.1419758573056,40.4895809734276,-7.4316677586094));
#6058=CARTESIAN_POINT('Ctrl Pts',(-21.0568725308987,40.4106563801332,-7.15862363013259));
#6059=CARTESIAN_POINT('Ctrl Pts',(-21.1030356258282,40.8025379117604,-7.43497167304633));
#6060=CARTESIAN_POINT('Ctrl Pts',(-21.0287684632435,40.5167425156382,-7.44483214364579));
#6061=CARTESIAN_POINT('Ctrl Pts',(-20.9698276706119,40.4327115789613,-7.16777241760363));
#6062=CARTESIAN_POINT('Ctrl Pts',(-17.5068092414574,40.045000001096,-6.74072894824394));
#6063=CARTESIAN_POINT('Ctrl Pts',(-17.3117665942372,40.045000001096,-6.96162281736532));
#6064=CARTESIAN_POINT('Ctrl Pts',(-17.0429870920625,40.045000001096,-6.84082002409973));
#6065=CARTESIAN_POINT('Ctrl Pts',(-17.5068092392426,40.1311038476079,-6.74072895075231));
#6066=CARTESIAN_POINT('Ctrl Pts',(-17.3117665841985,40.1491211020253,-6.96162281356979));
#6067=CARTESIAN_POINT('Ctrl Pts',(-17.0429870771212,40.2098290602331,-6.84082001738439));
#6068=CARTESIAN_POINT('Ctrl Pts',(-17.5343867926705,40.2168520645804,-6.74968943741249));
#6069=CARTESIAN_POINT('Ctrl Pts',(-17.3462249102583,40.2530163205353,-6.97483937572285));
#6070=CARTESIAN_POINT('Ctrl Pts',(-17.0938775656101,40.3751394914941,-6.86421284201508));
#6071=CARTESIAN_POINT('Ctrl Pts',(-17.630937835906,40.3524982927624,-6.78106077379019));
#6072=CARTESIAN_POINT('Ctrl Pts',(-17.4687224630183,40.4182051626943,-7.01981417310833));
#6073=CARTESIAN_POINT('Ctrl Pts',(-17.2802945437933,40.641139499334,-6.94334279874632));
#6074=CARTESIAN_POINT('Ctrl Pts',(-17.7005501507065,40.4035830092903,-6.80367918704707));
#6075=CARTESIAN_POINT('Ctrl Pts',(-17.5577591401502,40.4808897582921,-7.05172568760247));
#6076=CARTESIAN_POINT('Ctrl Pts',(-17.4178526351457,40.7437178295117,-6.99922221120198));
#6077=CARTESIAN_POINT('Ctrl Pts',(-17.7773303079381,40.4279445219644,-6.8286265709254));
#6078=CARTESIAN_POINT('Ctrl Pts',(-17.6572235155938,40.5108704779671,-7.085502704898));
#6079=CARTESIAN_POINT('Ctrl Pts',(-17.5744024660871,40.7928938821519,-7.05565011369522));
#6080=CARTESIAN_POINT('Origin',(-17.7100391203069,40.7928938821519,-6.67934877429812));
#6081=CARTESIAN_POINT('Origin',(-17.2069658995636,40.045000001096,-6.47597628948107));
#6082=CARTESIAN_POINT('Origin',(-17.2069658995637,41.792893882152,-6.47597628948108));
#6083=CARTESIAN_POINT('Ctrl Pts',(-17.5068092403581,38.1881752502672,-6.74072894948891));
#6084=CARTESIAN_POINT('Ctrl Pts',(-17.4757587721499,38.1735032071315,-6.7758948893534));
#6085=CARTESIAN_POINT('Ctrl Pts',(-17.4402605328568,38.1522462284336,-6.80366680210026));
#6086=CARTESIAN_POINT('Ctrl Pts',(-17.3611162964539,38.0989033290357,-6.84822861273341));
#6087=CARTESIAN_POINT('Ctrl Pts',(-17.3170259437647,38.0657518441727,-6.86304248383089));
#6088=CARTESIAN_POINT('Ctrl Pts',(-17.2326200365682,37.9975825056611,-6.87731806372017));
#6089=CARTESIAN_POINT('Ctrl Pts',(-17.1917900027533,37.9624017095411,-6.87764170290417));
#6090=CARTESIAN_POINT('Ctrl Pts',(-17.1021496613799,37.8807423514833,-6.86534229222993));
#6091=CARTESIAN_POINT('Ctrl Pts',(-17.0650006077633,37.8435548239442,-6.85058584342237));
#6092=CARTESIAN_POINT('Ctrl Pts',(-17.0444397485419,37.822678775939,-6.84146970899893));
#6093=CARTESIAN_POINT('Ctrl Pts',(-17.0433833918987,37.8215992694326,-6.84099815568807));
#6094=CARTESIAN_POINT('Ctrl Pts',(-17.0429866523627,37.8211948930471,-6.84081984416806));
#6095=CARTESIAN_POINT('Ctrl Pts',(-17.7558451366737,40.4204106442587,-6.82164561197958));
#6096=CARTESIAN_POINT('Ctrl Pts',(-17.6300796024139,40.4988022475957,-7.06878385779629));
#6097=CARTESIAN_POINT('Ctrl Pts',(-17.5308074677625,40.7676668004309,-7.03955143339241));
#6098=CARTESIAN_POINT('Ctrl Pts',(-17.7986418738221,40.4368576360769,-6.83555112068896));
#6099=CARTESIAN_POINT('Ctrl Pts',(-17.6854381510742,40.5257876633755,-7.10454998918764));
#6100=CARTESIAN_POINT('Ctrl Pts',(-17.6172101371453,40.8231178138878,-7.0722929795551));
#6101=CARTESIAN_POINT('Ctrl Pts',(-17.8424757802242,40.4450242319719,-6.8497936182445));
#6102=CARTESIAN_POINT('Ctrl Pts',(-17.7378833393224,40.5377322322842,-7.12988476401018));
#6103=CARTESIAN_POINT('Ctrl Pts',(-17.7080261728164,40.8499949983864,-7.10134224302933));
#6104=CARTESIAN_POINT('Ctrl Pts',(-17.9323788282148,40.4449756628061,-6.8790048859379));
#6105=CARTESIAN_POINT('Ctrl Pts',(-17.8524813752621,40.5376573564062,-7.16706864067476));
#6106=CARTESIAN_POINT('Ctrl Pts',(-17.8937113242783,40.8498341090489,-7.16167304695299));
#6107=CARTESIAN_POINT('Ctrl Pts',(-17.9760422843134,40.4367525363985,-6.89319200107652));
#6108=CARTESIAN_POINT('Ctrl Pts',(-17.9096448873672,40.5256162736152,-7.17728597186268));
#6109=CARTESIAN_POINT('Ctrl Pts',(-17.9839058695059,40.822765862713,-7.1914122360629));
#6110=CARTESIAN_POINT('Ctrl Pts',(-18.0184362443708,40.4204795323709,-6.90696663958852));
#6111=CARTESIAN_POINT('Ctrl Pts',(-17.97483534438,40.4989096625187,-7.18087294926822));
#6112=CARTESIAN_POINT('Ctrl Pts',(-18.0722189696517,40.767897281934,-7.21548337519492));
#6113=CARTESIAN_POINT('Origin',(-18.1393163884905,40.7928938821587,-6.81882941387677));
#6114=CARTESIAN_POINT('Ctrl Pts',(-18.625375336077,38.1881752502673,-7.10417310552612));
#6115=CARTESIAN_POINT('Ctrl Pts',(-18.581319306928,38.0838325339313,-7.34098290314711));
#6116=CARTESIAN_POINT('Ctrl Pts',(-18.5935802537131,37.8216295381902,-7.34352742950742));
#6117=CARTESIAN_POINT('Ctrl Pts',(-18.3806306831726,38.1881752502675,-7.02465074724928));
#6118=CARTESIAN_POINT('Ctrl Pts',(-18.3126812714871,38.0934400541467,-7.28475412969033));
#6119=CARTESIAN_POINT('Ctrl Pts',(-18.3258250258765,37.8092662498533,-7.28795992340208));
#6120=CARTESIAN_POINT('Ctrl Pts',(-18.1338969205932,38.1881752502673,-6.94448208806202));
#6121=CARTESIAN_POINT('Ctrl Pts',(-18.0573662927895,38.101319478887,-7.21656750525405));
#6122=CARTESIAN_POINT('Ctrl Pts',(-18.0605215636261,37.8058476548038,-7.2175929135522));
#6123=CARTESIAN_POINT('Ctrl Pts',(-17.6401826676376,38.1881752502673,-6.78406460296593));
#6124=CARTESIAN_POINT('Ctrl Pts',(-17.5421610431224,38.1013122218055,-7.04915117044643));
#6125=CARTESIAN_POINT('Ctrl Pts',(-17.5389972427745,37.8058521958629,-7.04812299047525));
#6126=CARTESIAN_POINT('Ctrl Pts',(-17.3941640945133,38.1881752502671,-6.70412832291924));
#6127=CARTESIAN_POINT('Ctrl Pts',(-17.2962631386544,38.0934532329681,-6.95454315832968));
#6128=CARTESIAN_POINT('Ctrl Pts',(-17.2837365748036,37.8092491805988,-6.949407778506));
#6129=CARTESIAN_POINT('Ctrl Pts',(-17.1490706840907,38.1881752502673,-6.62449264645548));
#6130=CARTESIAN_POINT('Ctrl Pts',(-17.0455194900545,38.0838318571672,-6.8419691054564));
#6131=CARTESIAN_POINT('Ctrl Pts',(-17.034104175764,37.8216304310438,-6.83682066607761));
#6132=CARTESIAN_POINT('Ctrl Pts',(-18.2676544533944,38.1881752502673,-6.98794254498871));
#6133=CARTESIAN_POINT('Ctrl Pts',(-18.2721046668283,38.1735022308064,-7.03464211296947));
#6134=CARTESIAN_POINT('Ctrl Pts',(-18.2844988317737,38.1522444370415,-7.07797408327187));
#6135=CARTESIAN_POINT('Ctrl Pts',(-18.3223335287427,38.0988996127869,-7.16054398098587));
#6136=CARTESIAN_POINT('Ctrl Pts',(-18.3492954127352,38.0657466822542,-7.19844442786994));
#6137=CARTESIAN_POINT('Ctrl Pts',(-18.4091892944776,37.9975758507184,-7.2596066382419));
#6138=CARTESIAN_POINT('Ctrl Pts',(-18.4420311445693,37.9623946504002,-7.28386840801473));
#6139=CARTESIAN_POINT('Ctrl Pts',(-18.5203299632919,37.8822233522412,-7.32583054195809));
#6140=CARTESIAN_POINT('Ctrl Pts',(-18.5583513014503,37.8456673736028,-7.33604376010253));
#6141=CARTESIAN_POINT('Ctrl Pts',(-18.5825883855433,37.8225898397959,-7.34123530662054));
#6142=CARTESIAN_POINT('Ctrl Pts',(-18.5835434453518,37.8216857947216,-7.34143732818979));
#6143=CARTESIAN_POINT('Ctrl Pts',(-18.5840612638742,37.8211940686737,-7.34154549347113));
#6144=CARTESIAN_POINT('Ctrl Pts',(-17.9971333872319,40.4279445212758,-6.90004491821086));
#6145=CARTESIAN_POINT('Ctrl Pts',(-17.9433138191653,40.5108704761524,-7.17845907944881));
#6146=CARTESIAN_POINT('Ctrl Pts',(-18.0278643690967,40.792893882159,-7.20298881747513));
#6147=CARTESIAN_POINT('Ctrl Pts',(-18.0737279279792,40.4036419013308,-6.9249319897528));
#6148=CARTESIAN_POINT('Ctrl Pts',(-18.0433872243676,40.4809640280517,-7.20951943192799));
#6149=CARTESIAN_POINT('Ctrl Pts',(-18.1872849004763,40.7438403923816,-7.24923977473004));
#6150=CARTESIAN_POINT('Ctrl Pts',(-18.1432323701586,40.3529217392629,-6.94751535332291));
#6151=CARTESIAN_POINT('Ctrl Pts',(-18.1340433853553,40.4187209650323,-7.23600593755966));
#6152=CARTESIAN_POINT('Ctrl Pts',(-18.3312157967642,40.641969288857,-7.28486471628076));
#6153=CARTESIAN_POINT('Ctrl Pts',(-18.2404060200105,40.2163785567675,-6.97908899038869));
#6154=CARTESIAN_POINT('Ctrl Pts',(-18.260390934322,40.2524400564941,-7.27185213705265));
#6155=CARTESIAN_POINT('Ctrl Pts',(-18.5298134653685,40.3742115344441,-7.33071294611963));
#6156=CARTESIAN_POINT('Ctrl Pts',(-18.2676544537938,40.1314483031663,-6.98794254917986));
#6157=CARTESIAN_POINT('Ctrl Pts',(-18.2956091347837,40.1495408470597,-7.28129263565286));
#6158=CARTESIAN_POINT('Ctrl Pts',(-18.5840624360619,40.2105053871399,-7.34154575211757));
#6159=CARTESIAN_POINT('Ctrl Pts',(-18.2676544530033,40.045000001096,-6.98794254088488));
#6160=CARTESIAN_POINT('Ctrl Pts',(-18.2956091090157,40.045000001096,-7.28129262862385));
#6161=CARTESIAN_POINT('Ctrl Pts',(-18.5840623961907,40.045000001096,-7.34154574378914));
#6162=CARTESIAN_POINT('Origin',(-18.6658505208051,40.045000001096,-6.94999663745372));
#6163=CARTESIAN_POINT('Origin',(-18.6658505208051,41.792893882152,-6.94999663745372));
#6164=CARTESIAN_POINT('Ctrl Pts',(-14.9908216097318,40.045000001096,-5.09606221904833));
#6165=CARTESIAN_POINT('Ctrl Pts',(-14.7227956545147,40.045000001096,-5.21852781821847));
#6166=CARTESIAN_POINT('Ctrl Pts',(-14.5263882838025,40.045000001096,-4.99884650271793));
#6167=CARTESIAN_POINT('Ctrl Pts',(-14.9908216066879,40.1311038476075,-5.09606222043913));
#6168=CARTESIAN_POINT('Ctrl Pts',(-14.7227956468886,40.1491211020244,-5.21852781066901));
#6169=CARTESIAN_POINT('Ctrl Pts',(-14.5263882728844,40.209829060233,-4.99884649050609));
#6170=CARTESIAN_POINT('Ctrl Pts',(-15.0123703970908,40.216852064581,-5.11546483383152));
#6171=CARTESIAN_POINT('Ctrl Pts',(-14.7488992340147,40.2530163205364,-5.24461720485623));
#6172=CARTESIAN_POINT('Ctrl Pts',(-14.5633643285184,40.3751394914941,-5.04091592564149));
#6173=CARTESIAN_POINT('Ctrl Pts',(-15.0878142920219,40.3524982927618,-5.18339482288993));
#6174=CARTESIAN_POINT('Ctrl Pts',(-14.8425134187987,40.4182051626931,-5.3355279701105));
#6175=CARTESIAN_POINT('Ctrl Pts',(-14.7014796591971,40.641139499334,-5.18902735409487));
#6176=CARTESIAN_POINT('Ctrl Pts',(-15.1422085685235,40.4035830092908,-5.2323716508199));
#6177=CARTESIAN_POINT('Ctrl Pts',(-14.9108728884767,40.4808897582919,-5.40089506839004));
#6178=CARTESIAN_POINT('Ctrl Pts',(-14.8044170240751,40.7437178295122,-5.29602565382434));
#6179=CARTESIAN_POINT('Ctrl Pts',(-15.202203717228,40.4279445219643,-5.28639152344815));
#6180=CARTESIAN_POINT('Ctrl Pts',(-14.9879997662315,40.510870477967,-5.47220771528706));
#6181=CARTESIAN_POINT('Ctrl Pts',(-14.9244811153903,40.7928938821519,-5.41124966054247));
#6182=CARTESIAN_POINT('Origin',(-15.201446908314,40.7928938821519,-5.12264967864682));
#6183=CARTESIAN_POINT('Origin',(-14.8245856944108,40.045000001096,-4.73224135590628));
#6184=CARTESIAN_POINT('Origin',(-14.8245856944109,41.792893882152,-4.7322413559063));
#6185=CARTESIAN_POINT('Ctrl Pts',(-14.9908216082212,38.1881752502673,-5.09606221973853));
#6186=CARTESIAN_POINT('Ctrl Pts',(-14.9481523177009,38.1735032071318,-5.11555854116051));
#6187=CARTESIAN_POINT('Ctrl Pts',(-14.904427207878,38.1522462284342,-5.12649101121535));
#6188=CARTESIAN_POINT('Ctrl Pts',(-14.8140004289467,38.0989033290362,-5.13500938987031));
#6189=CARTESIAN_POINT('Ctrl Pts',(-14.7676965433204,38.0657518441732,-5.13060937247663));
#6190=CARTESIAN_POINT('Ctrl Pts',(-14.6847815087607,37.9975825056613,-5.10931978829075));
#6191=CARTESIAN_POINT('Ctrl Pts',(-14.6473497809184,37.962401709541,-5.09300837650665));
#6192=CARTESIAN_POINT('Ctrl Pts',(-14.5704618743218,37.8807423505026,-5.04531229364654));
#6193=CARTESIAN_POINT('Ctrl Pts',(-14.5425265134925,37.8435548225271,-5.01672172495276));
#6194=CARTESIAN_POINT('Ctrl Pts',(-14.5274511009642,37.8226787760625,-5.00003086812437));
#6195=CARTESIAN_POINT('Ctrl Pts',(-14.526677868985,37.8215992693091,-4.99917042358741));
#6196=CARTESIAN_POINT('Ctrl Pts',(-14.5263879553016,37.821194893047,-4.99884615950018));
#6197=CARTESIAN_POINT('Ctrl Pts',(-15.18541544842,40.4204106442586,-5.27127529367713));
#6198=CARTESIAN_POINT('Ctrl Pts',(-14.9700027353895,40.4988022475954,-5.44589386433361));
#6199=CARTESIAN_POINT('Ctrl Pts',(-14.8912030258794,40.7676668004308,-5.37881110100447));
#6200=CARTESIAN_POINT('Ctrl Pts',(-15.2188563333107,40.4368576360769,-5.30138560919734));
#6201=CARTESIAN_POINT('Ctrl Pts',(-15.006027889842,40.5257876633757,-5.50108420145107));
#6202=CARTESIAN_POINT('Ctrl Pts',(-14.9568186054467,40.8231178138881,-5.44386512347488));
#6203=CARTESIAN_POINT('Ctrl Pts',(-15.2531076537507,40.4450242319718,-5.33222563408747));
#6204=CARTESIAN_POINT('Ctrl Pts',(-15.0436343720769,40.537732232284,-5.54556004972426));
#6205=CARTESIAN_POINT('Ctrl Pts',(-15.027967782406,40.8499949983865,-5.50734115565619));
#6206=CARTESIAN_POINT('Ctrl Pts',(-15.3233568819089,40.4449756628061,-5.3954783189427));
#6207=CARTESIAN_POINT('Ctrl Pts',(-15.1332008420932,40.537657356406,-5.62614043178993));
#6208=CARTESIAN_POINT('Ctrl Pts',(-15.1730608604135,40.8498341090489,-5.63798104271103));
#6209=CARTESIAN_POINT('Ctrl Pts',(-15.3574750143067,40.4367525363983,-5.42619842109295));
#6210=CARTESIAN_POINT('Ctrl Pts',(-15.181266545931,40.5256162736155,-5.65872492330656));
#6211=CARTESIAN_POINT('Ctrl Pts',(-15.2433616595648,40.8227658627145,-5.70183457038664));
#6212=CARTESIAN_POINT('Ctrl Pts',(-15.3906011737202,40.420479532371,-5.45602535653719));
#6213=CARTESIAN_POINT('Ctrl Pts',(-15.2393620366683,40.4989096625183,-5.68851713786697));
#6214=CARTESIAN_POINT('Ctrl Pts',(-15.3142490767267,40.7678972819331,-5.75974482409302));
#6215=CARTESIAN_POINT('Origin',(-15.5368793196161,40.7928938821587,-5.42467437837275));
#6216=CARTESIAN_POINT('Ctrl Pts',(-15.864856528066,38.1881752502673,-5.88304679642427));
#6217=CARTESIAN_POINT('Ctrl Pts',(-15.7282901206232,38.0838325339313,-6.08146410996285));
#6218=CARTESIAN_POINT('Ctrl Pts',(-15.7384561007552,37.8216295381902,-6.08877562679747));
#6219=CARTESIAN_POINT('Ctrl Pts',(-15.6736158191775,38.1881752502673,-5.71085288870671));
#6220=CARTESIAN_POINT('Ctrl Pts',(-15.5057473661556,38.0934400541458,-5.92083163664507));
#6221=CARTESIAN_POINT('Ctrl Pts',(-15.5164508695025,37.8092662498533,-5.92910632146624));
#6222=CARTESIAN_POINT('Ctrl Pts',(-15.480820842444,38.1881752502673,-5.53725951193552));
#6223=CARTESIAN_POINT('Ctrl Pts',(-15.3002395258254,38.101319478887,-5.75469409825689));
#6224=CARTESIAN_POINT('Ctrl Pts',(-15.3027049380361,37.8058476548038,-5.75691421961765));
#6225=CARTESIAN_POINT('Ctrl Pts',(-15.0950380986617,38.1881752502673,-5.18989916921366));
#6226=CARTESIAN_POINT('Ctrl Pts',(-14.897670468253,38.1013122218055,-5.39219881231325));
#6227=CARTESIAN_POINT('Ctrl Pts',(-14.895198391287,37.8058521958629,-5.38997268963839));
#6228=CARTESIAN_POINT('Ctrl Pts',(-14.9028019628948,38.1881752502673,-5.01680897510886));
#6229=CARTESIAN_POINT('Ctrl Pts',(-14.7115120998389,38.0934532329719,-5.20575440438568));
#6230=CARTESIAN_POINT('Ctrl Pts',(-14.7021572614839,37.8092491805952,-5.1959679889435));
#6231=CARTESIAN_POINT('Ctrl Pts',(-14.7112887388187,38.1881752502673,-4.84436969361425));
#6232=CARTESIAN_POINT('Ctrl Pts',(-14.5282343709914,38.0838318571672,-5.00092625982999));
#6233=CARTESIAN_POINT('Ctrl Pts',(-14.5199000214237,37.8216304310438,-4.99157989980736));
#6234=CARTESIAN_POINT('Ctrl Pts',(-15.5853374686031,38.1881752502673,-5.63136670482562));
#6235=CARTESIAN_POINT('Ctrl Pts',(-15.5704085153577,38.1735022308064,-5.6758389479014));
#6236=CARTESIAN_POINT('Ctrl Pts',(-15.5641064483061,38.1522444370414,-5.72046583358549));
#6237=CARTESIAN_POINT('Ctrl Pts',(-15.5650859608482,38.0988996127868,-5.81128594621709));
#6238=CARTESIAN_POINT('Ctrl Pts',(-15.5743013669622,38.0657466822542,-5.85687611349673));
#6239=CARTESIAN_POINT('Ctrl Pts',(-15.6041402384389,37.9975758507184,-5.93711160936217));
#6240=CARTESIAN_POINT('Ctrl Pts',(-15.6242746106182,37.9623946504002,-5.97263382279122));
#6241=CARTESIAN_POINT('Ctrl Pts',(-15.6787366028399,37.8822233529254,-6.04281513773331));
#6242=CARTESIAN_POINT('Ctrl Pts',(-15.7093167331852,37.8456673745446,-6.06761004822274));
#6243=CARTESIAN_POINT('Ctrl Pts',(-15.7293468199581,37.8225898397139,-6.08221087283775));
#6244=CARTESIAN_POINT('Ctrl Pts',(-15.7301371407895,37.8216857948037,-6.08278388644104));
#6245=CARTESIAN_POINT('Ctrl Pts',(-15.7305661968367,37.8211940686737,-6.08309331616163));
#6246=CARTESIAN_POINT('Ctrl Pts',(-15.3739553630637,40.4279445212758,-5.44103739681298));
#6247=CARTESIAN_POINT('Ctrl Pts',(-15.2115474997975,40.5108704761525,-5.67349099870805));
#6248=CARTESIAN_POINT('Ctrl Pts',(-15.2788111273282,40.792893882159,-5.73028983630848));
#6249=CARTESIAN_POINT('Ctrl Pts',(-15.4338054739086,40.4036419013308,-5.49492667435527));
#6250=CARTESIAN_POINT('Ctrl Pts',(-15.2903357210501,40.4809640280503,-5.7425695635207));
#6251=CARTESIAN_POINT('Ctrl Pts',(-15.4056370705315,40.7438403923792,-5.8373843599905));
#6252=CARTESIAN_POINT('Ctrl Pts',(-15.4881154598601,40.3529217392624,-5.54382760705446));
#6253=CARTESIAN_POINT('Ctrl Pts',(-15.3623812127412,40.4187209650317,-5.80363937302466));
#6254=CARTESIAN_POINT('Ctrl Pts',(-15.5226345179141,40.6419692888564,-5.92847133311445));
#6255=CARTESIAN_POINT('Ctrl Pts',(-15.5640458511344,40.2163785567679,-5.61219564391298));
#6256=CARTESIAN_POINT('Ctrl Pts',(-15.4632254793348,40.2524400564946,-5.88777668367198));
#6257=CARTESIAN_POINT('Ctrl Pts',(-15.6854143608705,40.3742115344446,-6.05113272427557));
#6258=CARTESIAN_POINT('Ctrl Pts',(-15.5853374672633,40.1314483031659,-5.63136670881685));
#6259=CARTESIAN_POINT('Ctrl Pts',(-15.4915591096836,40.1495408470593,-5.91072554091732));
#6260=CARTESIAN_POINT('Ctrl Pts',(-15.7305671624815,40.2105053871394,-6.08309402921794));
#6261=CARTESIAN_POINT('Ctrl Pts',(-15.5853374699151,40.045000001096,-5.63136670091755));
#6262=CARTESIAN_POINT('Ctrl Pts',(-15.4915590890022,40.045000001096,-5.91072552401532));
#6263=CARTESIAN_POINT('Ctrl Pts',(-15.7305671294458,40.045000001096,-6.08309400539315));
#6264=CARTESIAN_POINT('Origin',(-15.9645416682866,40.045000001096,-5.75866232510552));
#6265=CARTESIAN_POINT('Origin',(-15.9645416682866,41.792893882152,-5.75866232510552));
#6266=CARTESIAN_POINT('Ctrl Pts',(-13.3612987616952,40.045000001096,-2.57024003590754));
#6267=CARTESIAN_POINT('Ctrl Pts',(-13.0666336210776,40.045000001096,-2.5731019504647));
#6268=CARTESIAN_POINT('Ctrl Pts',(-12.9765590005291,40.045000001096,-2.2925270079214));
#6269=CARTESIAN_POINT('Ctrl Pts',(-13.3612987583488,40.1311038476075,-2.57024003594004));
#6270=CARTESIAN_POINT('Ctrl Pts',(-13.0666336171816,40.1491211020249,-2.57310194046567));
#6271=CARTESIAN_POINT('Ctrl Pts',(-12.9765589955219,40.2098290602331,-2.29252699232445));
#6272=CARTESIAN_POINT('Ctrl Pts',(-13.373092804101,40.2168520645809,-2.59672988794185));
#6273=CARTESIAN_POINT('Ctrl Pts',(-13.0798689180171,40.2530163205358,-2.60755307341843));
#6274=CARTESIAN_POINT('Ctrl Pts',(-12.9932271223648,40.3751394914941,-2.34599885044061));
#6275=CARTESIAN_POINT('Ctrl Pts',(-13.4143846159083,40.3524982927618,-2.68947281744877));
#6276=CARTESIAN_POINT('Ctrl Pts',(-13.1284129918185,40.4182051626936,-2.72868050933054));
#6277=CARTESIAN_POINT('Ctrl Pts',(-13.059159410127,40.641139499334,-2.5374819390872));
#6278=CARTESIAN_POINT('Ctrl Pts',(-13.4441555895482,40.4035830092905,-2.75633952156042));
#6279=CARTESIAN_POINT('Ctrl Pts',(-13.164275280708,40.48088975829,-2.81620062626276));
#6280=CARTESIAN_POINT('Ctrl Pts',(-13.1096772429861,40.7437178295117,-2.6770981480178));
#6281=CARTESIAN_POINT('Ctrl Pts',(-13.4769920234748,40.4279445219643,-2.83009135620757));
#6282=CARTESIAN_POINT('Ctrl Pts',(-13.2057287229352,40.5108704779671,-2.91271829825657));
#6283=CARTESIAN_POINT('Ctrl Pts',(-13.1724954225388,40.7928938821519,-2.83119498142206));
#6284=CARTESIAN_POINT('Origin',(-13.5429004524146,40.7928938821519,-2.68019791574615));
#6285=CARTESIAN_POINT('Origin',(-13.357413972912,40.045000001096,-2.17025890083223));
#6286=CARTESIAN_POINT('Origin',(-13.3574139729121,41.792893882152,-2.17025890083226));
#6287=CARTESIAN_POINT('Ctrl Pts',(-13.3612987600341,38.1881752502671,-2.57024003592367));
#6288=CARTESIAN_POINT('Ctrl Pts',(-13.3143898432013,38.1735022308062,-2.57069563530083));
#6289=CARTESIAN_POINT('Ctrl Pts',(-13.2699997069506,38.1522444370411,-2.56289879115366));
#6290=CARTESIAN_POINT('Ctrl Pts',(-13.183927333044,38.098899612787,-2.53390226113363));
#6291=CARTESIAN_POINT('Ctrl Pts',(-13.143416224473,38.0657466822545,-2.51104975263272));
#6292=CARTESIAN_POINT('Ctrl Pts',(-13.0763284516714,37.9975758507189,-2.45787716770144));
#6293=CARTESIAN_POINT('Ctrl Pts',(-13.048766682291,37.9623946504008,-2.4277512742114));
#6294=CARTESIAN_POINT('Ctrl Pts',(-12.9988499660904,37.882223352208,-2.35426762195604));
#6295=CARTESIAN_POINT('Ctrl Pts',(-12.9847183849799,37.8456673735567,-2.31752214064708));
#6296=CARTESIAN_POINT('Ctrl Pts',(-12.9770218131595,37.8225898397999,-2.29396049426813));
#6297=CARTESIAN_POINT('Ctrl Pts',(-12.9767210673489,37.8216857947179,-2.29303178337334));
#6298=CARTESIAN_POINT('Ctrl Pts',(-12.9765593678351,37.8211940686738,-2.29252810786966));
#6299=CARTESIAN_POINT('Ctrl Pts',(-13.4678035013166,40.4204106442585,-2.80945358906546));
#6300=CARTESIAN_POINT('Ctrl Pts',(-13.1999904245615,40.4988022475957,-2.88135934733483));
#6301=CARTESIAN_POINT('Ctrl Pts',(-13.1552883258397,40.7676668004311,-2.78802546428779));
#6302=CARTESIAN_POINT('Ctrl Pts',(-13.4861063011514,40.4368576360769,-2.85056236429928));
#6303=CARTESIAN_POINT('Ctrl Pts',(-13.2104531083236,40.5257876633751,-2.94643097950282));
#6304=CARTESIAN_POINT('Ctrl Pts',(-13.1887712857861,40.8231178138872,-2.87414353158443));
#6305=CARTESIAN_POINT('Ctrl Pts',(-13.5048526711614,40.4450242319718,-2.89266739604772));
#6306=CARTESIAN_POINT('Ctrl Pts',(-13.2267183821223,40.537732232284,-3.00235762300945));
#6307=CARTESIAN_POINT('Ctrl Pts',(-13.2279512649669,40.8499949983863,-2.96107074984624));
#6308=CARTESIAN_POINT('Ctrl Pts',(-13.5433013497448,40.4449756628061,-2.97902453422078));
#6309=CARTESIAN_POINT('Ctrl Pts',(-13.2757664298636,40.537657356406,-3.11240143036731));
#6310=CARTESIAN_POINT('Ctrl Pts',(-13.3073643582036,40.8498341090488,-3.13943089673468));
#6311=CARTESIAN_POINT('Ctrl Pts',(-13.5619748233968,40.4367525363982,-3.0209658386376));
#6312=CARTESIAN_POINT('Ctrl Pts',(-13.3064233285769,40.5256162736147,-3.16171892760769));
#6313=CARTESIAN_POINT('Ctrl Pts',(-13.3456157644414,40.8227658627146,-3.22635790794926));
#6314=CARTESIAN_POINT('Ctrl Pts',(-13.5801053682618,40.4204795323711,-3.06168772290637));
#6315=CARTESIAN_POINT('Ctrl Pts',(-13.3473786149098,40.4989096625187,-3.21256503477314));
#6316=CARTESIAN_POINT('Ctrl Pts',(-13.3868204202016,40.7678972819328,-3.30809406726651));
#6317=CARTESIAN_POINT('Origin',(-13.7264886956132,40.7928938821587,-3.09254386122848));
#6318=CARTESIAN_POINT('Ctrl Pts',(-12.9735932836721,37.8216295381902,-2.28326843278125));
#6319=CARTESIAN_POINT('Ctrl Pts',(-12.9774054887764,38.0838325339313,-2.29519623738682));
#6320=CARTESIAN_POINT('Ctrl Pts',(-13.2083129085236,38.1881752502673,-2.22662818754304));
#6321=CARTESIAN_POINT('Ctrl Pts',(-13.0568444276626,37.8092662498559,-2.54374848344341));
#6322=CARTESIAN_POINT('Ctrl Pts',(-13.0614065561485,38.0934400541467,-2.5564851382809));
#6323=CARTESIAN_POINT('Ctrl Pts',(-13.3129824174608,38.1881752502668,-2.46171975372526));
#6324=CARTESIAN_POINT('Ctrl Pts',(-13.1545577228784,37.8058476548038,-2.80024323016391));
#6325=CARTESIAN_POINT('Ctrl Pts',(-13.155907329494,38.101319478887,-2.80327403174269));
#6326=CARTESIAN_POINT('Ctrl Pts',(-13.418502605385,38.1881752502673,-2.69872197618965));
#6327=CARTESIAN_POINT('Ctrl Pts',(-13.3776134078002,37.8058521958629,-3.30119615558861));
#6328=CARTESIAN_POINT('Ctrl Pts',(-13.3762601531183,38.1013122218055,-3.29815716094259));
#6329=CARTESIAN_POINT('Ctrl Pts',(-13.6296484988678,38.1881752502673,-3.17296341761068));
#6330=CARTESIAN_POINT('Ctrl Pts',(-13.5024698528652,37.8092491805952,-3.54473992950381));
#6331=CARTESIAN_POINT('Ctrl Pts',(-13.4960532227203,38.0934532329718,-3.53281878084112));
#6332=CARTESIAN_POINT('Ctrl Pts',(-13.7348628229937,38.1881752502677,-3.40927865873716));
#6333=CARTESIAN_POINT('Ctrl Pts',(-13.6405338923649,37.8216304310438,-3.78123625829603));
#6334=CARTESIAN_POINT('Ctrl Pts',(-13.6342204314152,38.0838318571672,-3.77042163674805));
#6335=CARTESIAN_POINT('Ctrl Pts',(-13.8396814844366,38.1881752502673,-3.64470522693133));
#6336=CARTESIAN_POINT('Ctrl Pts',(-13.6866880744952,38.1881752502673,-3.30107640203776));
#6337=CARTESIAN_POINT('Ctrl Pts',(-13.6549604350543,38.1735032071318,-3.33563261418565));
#6338=CARTESIAN_POINT('Ctrl Pts',(-13.6310512361533,38.152246228434,-3.37383934577093));
#6339=CARTESIAN_POINT('Ctrl Pts',(-13.5950063651889,38.098903329036,-3.45720799935204));
#6340=CARTESIAN_POINT('Ctrl Pts',(-13.5848823428388,38.0657518441729,-3.50260529165687));
#6341=CARTESIAN_POINT('Ctrl Pts',(-13.5795077858398,37.997582505661,-3.58804101889029));
#6342=CARTESIAN_POINT('Ctrl Pts',(-13.583453820275,37.9624017095407,-3.62868121101434));
#6343=CARTESIAN_POINT('Ctrl Pts',(-13.6050558206069,37.8807423515364,-3.71654485466383));
#6344=CARTESIAN_POINT('Ctrl Pts',(-13.6236145655031,37.8435548240213,-3.75194793294633));
#6345=CARTESIAN_POINT('Ctrl Pts',(-13.6348299558511,37.8226787759324,-3.77144326218551));
#6346=CARTESIAN_POINT('Ctrl Pts',(-13.635409345273,37.8215992694393,-3.77244454124115));
#6347=CARTESIAN_POINT('Ctrl Pts',(-13.6356281505614,37.8211948930472,-3.77282046877334));
#6348=CARTESIAN_POINT('Ctrl Pts',(-13.5709948159728,40.4279445212757,-3.04122507923308));
#6349=CARTESIAN_POINT('Ctrl Pts',(-13.3280804524947,40.5108704761524,-3.18752478224299));
#6350=CARTESIAN_POINT('Ctrl Pts',(-13.3664266653538,40.792893882159,-3.2667716843952));
#6351=CARTESIAN_POINT('Ctrl Pts',(-13.6037518690287,40.4036419013309,-3.11479861712088));
#6352=CARTESIAN_POINT('Ctrl Pts',(-13.3719602905754,40.4809640280503,-3.28267724797456));
#6353=CARTESIAN_POINT('Ctrl Pts',(-13.4387286626242,40.7438403923796,-3.41619215843698));
#6354=CARTESIAN_POINT('Ctrl Pts',(-13.6334767087903,40.3529217392629,-3.18156170343315));
#6355=CARTESIAN_POINT('Ctrl Pts',(-13.4129377929425,40.4187209650322,-3.36777083648456));
#6356=CARTESIAN_POINT('Ctrl Pts',(-13.5085627395599,40.641969288857,-3.54699139798136));
#6357=CARTESIAN_POINT('Ctrl Pts',(-13.6750347870308,40.2163785567674,-3.27490268540812));
#6358=CARTESIAN_POINT('Ctrl Pts',(-13.4708418873282,40.252440056494,-3.48565115291293));
#6359=CARTESIAN_POINT('Ctrl Pts',(-13.6073786432126,40.3742115344441,-3.72525668158925));
#6360=CARTESIAN_POINT('Ctrl Pts',(-13.6866880716477,40.1314483031663,-3.30107640513905));
#6361=CARTESIAN_POINT('Ctrl Pts',(-13.4873918054739,40.1495408470597,-3.51814030290174));
#6362=CARTESIAN_POINT('Ctrl Pts',(-13.6356279461437,40.2105053871399,-3.77282008549248));
#6363=CARTESIAN_POINT('Ctrl Pts',(-13.6866880772833,40.045000001096,-3.30107639900105));
#6364=CARTESIAN_POINT('Ctrl Pts',(-13.4873917934547,40.045000001096,-3.51814027904883));
#6365=CARTESIAN_POINT('Ctrl Pts',(-13.6356279256545,40.045000001096,-3.77282005029056));
#6366=CARTESIAN_POINT('Origin',(-13.9813325553641,40.045000001096,-3.57160298094173));
#6367=CARTESIAN_POINT('Origin',(-13.9813325553641,41.792893882152,-3.57160298094173));
#6368=CARTESIAN_POINT('Origin',(-22.6067423871579,29.792893882152,1.7646866755474));
#6369=CARTESIAN_POINT('',(-17.4214695250537,29.792893882152,1.42861325272729));
#6370=CARTESIAN_POINT('Origin',(-20.1175897327099,29.792893882152,6.93889390390723E-15));
#6371=UNCERTAINTY_MEASURE_WITH_UNIT(LENGTH_MEASURE(0.01),#6375,
'DISTANCE_ACCURACY_VALUE',
'Maximum model space distance between geometric entities at asserted c
onnectivities');
#6372=UNCERTAINTY_MEASURE_WITH_UNIT(LENGTH_MEASURE(0.01),#6375,
'DISTANCE_ACCURACY_VALUE',
'Maximum model space distance between geometric entities at asserted c
onnectivities');
#6373=(
GEOMETRIC_REPRESENTATION_CONTEXT(3)
GLOBAL_UNCERTAINTY_ASSIGNED_CONTEXT((#6371))
GLOBAL_UNIT_ASSIGNED_CONTEXT((#6375,#6377,#6378))
REPRESENTATION_CONTEXT('','3D')
);
#6374=(
GEOMETRIC_REPRESENTATION_CONTEXT(3)
GLOBAL_UNCERTAINTY_ASSIGNED_CONTEXT((#6372))
GLOBAL_UNIT_ASSIGNED_CONTEXT((#6375,#6377,#6378))
REPRESENTATION_CONTEXT('','3D')
);
#6375=(
LENGTH_UNIT()
NAMED_UNIT(*)
SI_UNIT(.MILLI.,.METRE.)
);
#6376=(
LENGTH_UNIT()
NAMED_UNIT(*)
SI_UNIT($,.METRE.)
);
#6377=(
NAMED_UNIT(*)
PLANE_ANGLE_UNIT()
SI_UNIT($,.RADIAN.)
);
#6378=(
NAMED_UNIT(*)
SI_UNIT($,.STERADIAN.)
SOLID_ANGLE_UNIT()
);
#6379=SHAPE_DEFINITION_REPRESENTATION(#6380,#6381);
#6380=PRODUCT_DEFINITION_SHAPE('',$,#6383);
#6381=SHAPE_REPRESENTATION('',(#2307),#6373);
#6382=PRODUCT_DEFINITION_CONTEXT('part definition',#6387,'design');
#6383=PRODUCT_DEFINITION('KY-040 Knob v2','rotaryknob',#6384,#6382);
#6384=PRODUCT_DEFINITION_FORMATION('',$,#6389);
#6385=PRODUCT_RELATED_PRODUCT_CATEGORY('rotaryknob','rotaryknob',(#6389));
#6386=APPLICATION_PROTOCOL_DEFINITION('international standard',
'automotive_design',2009,#6387);
#6387=APPLICATION_CONTEXT(
'Core Data for Automotive Mechanical Design Process');
#6388=PRODUCT_CONTEXT('part definition',#6387,'mechanical');
#6389=PRODUCT('KY-040 Knob v2','rotaryknob','STEP AP214',(#6388));
#6390=PRESENTATION_STYLE_ASSIGNMENT((#6392));
#6391=PRESENTATION_STYLE_ASSIGNMENT((#6393));
#6392=SURFACE_STYLE_USAGE(.BOTH.,#6394);
#6393=SURFACE_STYLE_USAGE(.BOTH.,#6395);
#6394=SURFACE_SIDE_STYLE('',(#6396));
#6395=SURFACE_SIDE_STYLE('',(#6397));
#6396=SURFACE_STYLE_FILL_AREA(#6398);
#6397=SURFACE_STYLE_FILL_AREA(#6399);
#6398=FILL_AREA_STYLE('Steel - Satin',(#6400));
#6399=FILL_AREA_STYLE('Opaque(202,209,238)',(#6401));
#6400=FILL_AREA_STYLE_COLOUR('Steel - Satin',#6402);
#6401=FILL_AREA_STYLE_COLOUR('Opaque(202,209,238)',#6403);
#6402=COLOUR_RGB('Steel - Satin',0.627450980392157,0.627450980392157,0.627450980392157);
#6403=COLOUR_RGB('Opaque(202,209,238)',0.792156862745098,0.819607843137255,
0.933333333333333);
ENDSEC;
END-ISO-10303-21;
